Id_Produto,Nome do Produto,Tipo do Produto,Descrição,Preço de Custo,Porcentagem de Lucro,Preço de Venda,Quantidade em Estoque,Imagem do Produto,ID_Barcode,Sequência_Brinco,Sequência_Anel,Sequência_Pulseira,Sequência_Cordao ,Sequência_Conjunto,Sequência_Tornozeleira,Disponibilidade,ID_VENDEDORA
202201cf,Colar Triplo,CORDÕES,JL,"76,4",3,"R$ 229,20",1,Produtos_Images/202201cf.Imagem do Produto.213054.jpg,,,,,,,,,
d24fa1,CJ001,CONJUNTOS,Conj infantil JN,39,3,"R$ 117,00",0,Produtos_Images/0ed24fa1.Imagem do Produto.232243.jpg,,,,,,1,,,
2ad4a4,CJ002,CONJUNTOS,Conj infantil JN,29,"3,1","R$ 89,90",1,Produtos_Images/982ad4a4.Imagem do Produto.232511.jpg,,,,,,2,,,
db1e85,CJ003,CONJUNTOS,Conj infantil WDF,24,3,"R$ 72,00",0,Produtos_Images/afdb1e85.Imagem do Produto.232855.jpg,,,,,,3,,,
fc38d0,CJ004,CONJUNTOS,Conj infantil WDF,24,3,"R$ 72,00",1,Produtos_Images/20fc38d0.Imagem do Produto.233409.jpg,,,,,,4,,,
b13858,CJ005,CONJUNTOS,Conj infantil JN,"39,5",3,"R$ 118,50",0,Produtos_Images/edb13858.Imagem do Produto.233714.jpg,,,,,,5,,,
4aa3f0,CJ006,CONJUNTOS,Conj infantil,41,3,"R$ 123,00",1,Produtos_Images/3b4aa3f0.Imagem do Produto.234218.jpg,,,,,,6,,,
9b12b5,CJ007,CONJUNTOS,Conj coração DF,"44,5",3,"R$ 133,50",1,Produtos_Images/ea9b12b5.Imagem do Produto.234557.jpg,,,,,,7,,,
b1d37b00,CJ008,CONJUNTOS,Conj pedra natural,83,3,"R$ 249,00",0,Produtos_Images/b1d37b00.Imagem do Produto.235357.jpg,,,,,,8,,,
,,,,,,,,,,,,,,,,,
,,,,,,,,,,,,,,,,,
e0374d72,BR003,BRINCOS,Pérola shel,"5,5",4,"R$ 22,00",1,Produtos_Images/e0374d72.Imagem do Produto.213000.jpg,,3,,,,,,,
b2451f50,BR004,BRINCOS,Malha e zircônia,29,3,"R$ 87,00",1,Produtos_Images/b2451f50.Imagem do Produto.214414.jpg,,4,,,,,,,
f18bdfdf,BR005,BRINCOS,JN,16,3,"R$ 48,00",1,Produtos_Images/f18bdfdf.Imagem do Produto.215051.jpg,,5,,,,,,,
,,,,,,,,,,,,,,,,,
,,,,,,,,,,,,,,,,,
,,,,,,,,,,,,,,,,,
b2ef9a5d,BR009,BRINCOS,EV,"16,5",4,"R$ 66,00",0,Produtos_Images/b2ef9a5d.Imagem do Produto.220706.jpg,,9,,,,,,,
66f5f09a,BR010,BRINCOS,EV,"16,25",4,"R$ 65,00",0,Produtos_Images/66f5f09a.Imagem do Produto.220847.jpg,,10,,,,,,,
49498587,BR011,BRINCOS,Ev,"16,25",4,"R$ 65,00",2,Produtos_Images/49498587.Imagem do Produto.221103.jpg,,11,,,,,,,
7c427110,BR012,BRINCOS,Ev,"13,75",4,"R$ 55,00",0,Produtos_Images/7c427110.Imagem do Produto.221212.jpg,,12,,,,,,,
62f3cdf9,BR013,BRINCOS,JL,45,3,"R$ 135,00",1,Produtos_Images/62f3cdf9.Imagem do Produto.221420.jpg,,13,,,,,,,
8844d4c9,BR014,BRINCOS,Ev,"14,75","3,99","R$ 58,85",20,Produtos_Images/8844d4c9.Imagem do Produto.221752.jpg,,14,,,,,,,
a587a6,BR015,BRINCOS,Ev,"14,75",4,"R$ 59,00",2,Produtos_Images/b4a587a6.Imagem do Produto.222147.jpg,,15,,,,,,,
63fb8527,BR016,BRINCOS,Ev,"14,75",4,"R$ 59,00",1,Produtos_Images/63fb8527.Imagem do Produto.222304.jpg,,16,,,,,,,
cd4549e6,BR017,BRINCOS,Ev,"17,25",4,"R$ 69,00",3,Produtos_Images/cd4549e6.Imagem do Produto.222605.jpg,,17,,,,,,,
99ebbc0c,BR018,BRINCOS,Ev,"18,75",4,"R$ 75,00",1,Produtos_Images/99ebbc0c.Imagem do Produto.234227.jpg,,18,,,,,,,
7b209793,BR019,BRINCOS,Ev,"14,75",4,"R$ 59,00",0,Produtos_Images/7b209793.Imagem do Produto.234316.jpg,,19,,,,,,,
d230043e,BR020,BRINCOS,JL,26,3,"R$ 78,00",1,Produtos_Images/d230043e.Imagem do Produto.234437.jpg,,20,,,,,,,
6ec56368,BR021,BRINCOS,Ev,"15,25",4,"R$ 61,00",1,Produtos_Images/6ec56368.Imagem do Produto.234553.jpg,,21,,,,,,,
4439c3b4,BR022,BRINCOS,E,"14,5",4,"R$ 58,00",1,Produtos_Images/4439c3b4.Imagem do Produto.234653.jpg,,22,,,,,,,
13e5a4,BR023,BRINCOS,JL,39,3,"R$ 117,00",2,Produtos_Images/13e5a4e3.Imagem do Produto.234811.jpg,,23,,,,,,,
,,,,,,,,,,,,,,,,,
1dc1f393,BR025,BRINCOS,JN,15,3,"R$ 45,00",1,Produtos_Images/1dc1f393.Imagem do Produto.235029.jpg,,25,,,,,,,
712c6c59,BR026,BRINCOS,Ev,13,4,"R$ 52,00",2,Produtos_Images/712c6c59.Imagem do Produto.235128.jpg,,26,,,,,,,
b501d180,BR027,BRINCOS,JN,19,3,"R$ 57,00",1,Produtos_Images/b501d180.Imagem do Produto.235357.jpg,,27,,,,,,,
,,,,,,,,,,,,,,,,,
,,,,,,,,,,,,,,,,,
,,,,,,,,,,,,,,,,,
8f1d5f2d,BR031,BRINCOS,EV,"14,75",4,"R$ 59,00",2,Produtos_Images/8f1d5f2d.Imagem do Produto.000813.jpg,,31,,,,,,,
5317ed2f,BR032,BRINCOS,EV,"14,75",4,"R$ 59,00",4,Produtos_Images/5317ed2f.Imagem do Produto.001050.jpg,,32,,,,,,,
1bcbef06,BR033,BRINCOS,Ev,"13,75",4,"R$ 55,00",1,Produtos_Images/1bcbef06.Imagem do Produto.001303.jpg,,33,,,,,,,
7ab8cdbb,BR034,BRINCOS,Ev,"14,75",4,"R$ 59,00",0,Produtos_Images/7ab8cdbb.Imagem do Produto.001645.jpg,,34,,,,,,,
c1d09ff7,BR035,BRINCOS,Ev,"14,75",4,"R$ 59,00",3,Produtos_Images/c1d09ff7.Imagem do Produto.001841.jpg,,35,,,,,,,
c15510d5,BR036,BRINCOS,EV,"14,5",4,"R$ 58,00",2,Produtos_Images/c15510d5.Imagem do Produto.002112.jpg,,36,,,,,,,
4d30d8b5,BR037,BRINCOS,Ev,"16,25",4,"R$ 65,00",1,Produtos_Images/4d30d8b5.Imagem do Produto.002344.jpg,,37,,,,,,,
a21321ab,BR038,BRINCOS,Ev,"14,75",4,"R$ 59,00",2,Produtos_Images/a21321ab.Imagem do Produto.002615.jpg,,38,,,,,,,
396e133b,BR039,BRINCOS,Ev,"16,25",4,"R$ 65,00",2,Produtos_Images/396e133b.Imagem do Produto.002935.jpg,,39,,,,,,,
d93052b2,BR040,BRINCOS,Ev,"14,75",4,"R$ 59,00",1,Produtos_Images/d93052b2.Imagem do Produto.003048.jpg,,40,,,,,,,
18d0e049,BR041,BRINCOS,Ev,"13,75",4,"R$ 55,00",1,Produtos_Images/18d0e049.Imagem do Produto.003123.jpg,,41,,,,,,,
be5483,BR042,BRINCOS,Ev,"13,75",4,"R$ 55,00",1,Produtos_Images/be5483b0.Imagem do Produto.003445.jpg,,42,,,,,,,
d7d1aeeb,BR043,BRINCOS,Ev,"16,25",4,"R$ 65,00",1,Produtos_Images/d7d1aeeb.Imagem do Produto.003544.jpg,,43,,,,,,,
2192b1c7,BR044,BRINCOS,Ev,"14,5",4,"R$ 58,00",2,Produtos_Images/2192b1c7.Imagem do Produto.003855.jpg,,44,,,,,,,
,,,,,,,,,,,,,,,,,
,,,,,,,,,,,,,,,,,
e0b878,BR047,BRINCOS,JN,"7,25",4,"R$ 29,00",17,Produtos_Images/e0b878c9.Imagem do Produto.004752.jpg,,47,,,,,,,
130a75,BR048,BRINCOS,JN,7,4,"R$ 28,00",1,Produtos_Images/130a75fd.Imagem do Produto.005138.jpg,,48,,,,,,,
d08539,BR049,BRINCOS,JN,7,3,"R$ 21,00",1,Produtos_Images/68d08539.Imagem do Produto.005317.jpg,,49,,,,,,,
6128b3,BR050,BRINCOS,Ev,"12,25",4,"R$ 49,00",1,Produtos_Images/6128b3b7.Imagem do Produto.005445.jpg,,50,,,,,,,
3bbd0b,BR051,BRINCOS,JN,19,3,"R$ 57,00",1,Produtos_Images/3bbd0b6d.Imagem do Produto.005606.jpg,,51,,,,,,,
a9b855,BR052,BRINCOS,Ev,"13,75",4,"R$ 55,00",1,Produtos_Images/a9b85500.Imagem do Produto.005656.jpg,,52,,,,,,,
43f215,BR053,BRINCOS,JN,29,3,"R$ 87,00",2,Produtos_Images/43f215be.Imagem do Produto.005802.jpg,,53,,,,,,,
,,,,,,,,,,,,,,,,,
7dceef,BR055,BRINCOS,JN,16,3,"R$ 48,00",1,Produtos_Images/7dceef25.Imagem do Produto.010307.jpg,,55,,,,,,,
57bf95,BR056,BRINCOS,Ev,"12,25",4,"R$ 49,00",1,Produtos_Images/57bf958e.Imagem do Produto.010613.jpg,,56,,,,,,,
7ea233,BR057,BRINCOS,EV,"16,25",4,"R$ 65,00",2,Produtos_Images/7ea23300.Imagem do Produto.010656.jpg,,57,,,,,,,
c72625,BR058,BRINCOS,EV,"13,75",4,"R$ 55,00",2,Produtos_Images/c72625f0.Imagem do Produto.010929.jpg,,58,,,,,,,
d85391,BR059,BRINCOS,EV,19,4,"R$ 76,00",0,Produtos_Images/d85391dc.Imagem do Produto.011030.jpg,,59,,,,,,,
52c471,BR060,BRINCOS,Ev,"14,75",4,"R$ 59,00",4,Produtos_Images/52c471b5.Imagem do Produto.011139.jpg,,60,,,,,,,
6ef39f,BR061,BRINCOS,Ev,"11,25",4,"R$ 45,00",1,Produtos_Images/6ef39f2f.Imagem do Produto.011213.jpg,,61,,,,,,,
49c402,BR062,BRINCOS,Ev,"13,75",4,"R$ 55,00",2,Produtos_Images/49c402b5.Imagem do Produto.011331.jpg,,62,,,,,,,
d72d31,BR063,BRINCOS,Ev,"13,75",4,"R$ 55,00",3,Produtos_Images/d72d3105.Imagem do Produto.011451.jpg,,63,,,,,,,
c8e58a,BR064,BRINCOS,Ev,"12,25",4,"R$ 49,00",1,Produtos_Images/c8e58a16.Imagem do Produto.011529.jpg,,64,,,,,,,
f5ed5c,BR065,BRINCOS,Ev,"12,25",4,"R$ 49,00",1,Produtos_Images/f5ed5c4c.Imagem do Produto.011651.jpg,,65,,,,,,,
3b443c,BR066,BRINCOS,Ev,"16,25",4,"R$ 65,00",1,Produtos_Images/3b443ce0.Imagem do Produto.012144.jpg,,66,,,,,,,
09e62b,BR067,BRINCOS,JN,6,3,"R$ 18,00",11,Produtos_Images/09e62b09.Imagem do Produto.012225.jpg,,67,,,,,,,
,,,,,,,,,,,,,,,,,
d5e866,BR069,BRINCOS,JN,9,3,"R$ 27,00",1,Produtos_Images/d5e86635.Imagem do Produto.012518.jpg,,69,,,,,,,
ef02c2,BR070,BRINCOS,Ev,"13,75",4,"R$ 55,00",1,Produtos_Images/ef02c279.Imagem do Produto.012640.jpg,,70,,,,,,,
8b839e,BR071,BRINCOS,SB,8,3,"R$ 24,00",0,Produtos_Images/8b839e59.Imagem do Produto.012818.jpg,,71,,,,,,,
e0e555,BR072,BRINCOS,SB,5,3,"R$ 15,00",1,Produtos_Images/e0e555b2.Imagem do Produto.012930.jpg,,72,,,,,,,
rt0228,BR073,BRINCOS,Jn,13,3,"R$ 39,00",1,Produtos_Images/210228bb.Imagem do Produto.013001.jpg,,73,,,,,,,
9fa81c,BR074,BRINCOS,SB,7,3,"R$ 21,00",2,Produtos_Images/9fa81c4e.Imagem do Produto.013120.jpg,,74,,,,,,,
9613d9,BR075,BRINCOS,JN,18,3,"R$ 54,00",1,Produtos_Images/9613d944.Imagem do Produto.013225.jpg,,75,,,,,,,
742c17,BR076,BRINCOS,Jn,9,3,"R$ 27,00",1,Produtos_Images/742c171b.Imagem do Produto.013249.jpg,,76,,,,,,,
,,,,,,,,,,,,,,,,,
81be1397,BR078,BRINCOS,SB,4,3,"R$ 12,00",1,Produtos_Images/81be1397.Imagem do Produto.013649.jpg,,78,,,,,,,
1fb84a,BR079,BRINCOS,Ev,"12,25",4,"R$ 49,00",1,Produtos_Images/1f1fb84a.Imagem do Produto.013806.jpg,,79,,,,,,,
678312a1,BR080,BRINCOS,Ev,"13,75",4,"R$ 55,00",1,Produtos_Images/678312a1.Imagem do Produto.013933.jpg,,80,,,,,,,
2631d67b,BR081,BRINCOS,Ev,"17,25",4,"R$ 69,00",1,Produtos_Images/2631d67b.Imagem do Produto.014230.jpg,,81,,,,,,,
761f54,BR082,BRINCOS,JL,37,3,"R$ 111,00",1,Produtos_Images/761f5485.Imagem do Produto.014516.jpg,,82,,,,,,,
982c8dc3,BR083,BRINCOS,JN,25,3,"R$ 75,00",1,Produtos_Images/982c8dc3.Imagem do Produto.114258.jpg,,83,,,,,,,
d1043f0f,BR084,BRINCOS,JL,49,3,"R$ 147,00",1,Produtos_Images/d1043f0f.Imagem do Produto.114511.jpg,,84,,,,,,,
c49830c4,BR085,BRINCOS,JL,29,3,"R$ 87,00",1,Produtos_Images/c49830c4.Imagem do Produto.114705.jpg,,85,,,,,,,
bcda1eed,BR086,BRINCOS,JL,"31,6",3,"R$ 94,80",1,Produtos_Images/bcda1eed.Imagem do Produto.114823.jpg,,86,,,,,,,
f3a578cc,BR087,BRINCOS,JL,23,3,"R$ 69,00",0,Produtos_Images/f3a578cc.Imagem do Produto.115230.jpg,,87,,,,,,,
,,,,,,,,,,,,,,,,,
a5f3eb79,BR089,BRINCOS,JL,22,3,"R$ 66,00",0,Produtos_Images/a5f3eb79.Imagem do Produto.115447.jpg,,89,,,,,,,
4ecc972f,BR090,BRINCOS,Ev,16,3,"R$ 48,00",1,Produtos_Images/4ecc972f.Imagem do Produto.115620.jpg,,90,,,,,,,
a377a947,BR091,BRINCOS,Ev,"16,25",4,"R$ 65,00",1,Produtos_Images/a377a947.Imagem do Produto.115901.jpg,,91,,,,,,,
bffd9856,BR092,BRINCOS,JL,33,3,"R$ 99,00",0,Produtos_Images/bffd9856.Imagem do Produto.115940.jpg,,92,,,,,,,
501b32bd,BR093,BRINCOS,JL,16,4,"R$ 64,00",0,Produtos_Images/501b32bd.Imagem do Produto.120139.jpg,,93,,,,,,,
903e6af6,BR094,BRINCOS,JL,23,3,"R$ 69,00",1,Produtos_Images/903e6af6.Imagem do Produto.120246.jpg,,94,,,,,,,
6a677d1d,BR095,BRINCOS,JL,16,3,"R$ 48,00",3,Produtos_Images/6a677d1d.Imagem do Produto.120414.jpg,,95,,,,,,,
20501277,BR096,BRINCOS,JL,56,3,"R$ 168,00",1,Produtos_Images/20501277.Imagem do Produto.120541.jpg,,96,,,,,,,
fea20ac3,BR097,BRINCOS,JL,"29,66",3,"R$ 88,98",0,Produtos_Images/fea20ac3.Imagem do Produto.120725.jpg,,97,,,,,,,
ca836760,BR098,BRINCOS,EV,"13,75",4,"R$ 55,00",1,Produtos_Images/ca836760.Imagem do Produto.120932.jpg,,98,,,,,,,
a5d37588,BR099,BRINCOS,EV,12,3,"R$ 36,00",1,Produtos_Images/a5d37588.Imagem do Produto.121138.jpg,,99,,,,,,,
dd4333e6,BR100,BRINCOS,EV,"17,25",4,"R$ 69,00",1,Produtos_Images/dd4333e6.Imagem do Produto.121515.jpg,,100,,,,,,,
44cbaa1a,BR101,BRINCOS,JN,16,3,"R$ 48,00",1,Produtos_Images/44cbaa1a.Imagem do Produto.121701.jpg,,101,,,,,,,
6eedcd2e,BR102,BRINCOS,JN,23,3,"R$ 69,00",1,Produtos_Images/6eedcd2e.Imagem do Produto.122040.jpg,,102,,,,,,,
7c6e8c40,BR103,BRINCOS,JN,28,3,"R$ 84,00",1,Produtos_Images/7c6e8c40.Imagem do Produto.122118.jpg,,103,,,,,,,
fd9fd981,BR104,BRINCOS,JN,41,3,"R$ 123,00",1,Produtos_Images/fd9fd981.Imagem do Produto.122320.jpg,,104,,,,,,,
3d0061f5,BR105,BRINCOS,JN,41,3,"R$ 123,00",1,Produtos_Images/3d0061f5.Imagem do Produto.122346.jpg,,105,,,,,,,
8d9ea84a,BR106,BRINCOS,JN,46,3,"R$ 138,00",1,Produtos_Images/8d9ea84a.Imagem do Produto.122457.jpg,,106,,,,,,,
9ea740d9,BR107,BRINCOS,JL,39,3,"R$ 117,00",1,Produtos_Images/9ea740d9.Imagem do Produto.122622.jpg,,107,,,,,,,
73d27ee9,BR108,BRINCOS,JL,53,3,"R$ 159,00",1,Produtos_Images/73d27ee9.Imagem do Produto.122752.jpg,,108,,,,,,,
5f1dbe,BR109,BRINCOS,JN,66,3,"R$ 198,00",1,Produtos_Images/5f1dbe27.Imagem do Produto.122840.jpg,,109,,,,,,,
ba79d1a4,BR110,BRINCOS,JN,27,3,"R$ 81,00",0,Produtos_Images/ba79d1a4.Imagem do Produto.135857.jpg,,110,,,,,,,
6dae44de,BR111,BRINCOS,JL,29,3,"R$ 87,00",1,Produtos_Images/6dae44de.Imagem do Produto.140051.jpg,,111,,,,,,,
a49661cc,BR112,BRINCOS,JN,55,3,"R$ 165,00",2,Produtos_Images/a49661cc.Imagem do Produto.140150.jpg,,112,,,,,,,
de372861,BR113,BRINCOS,EV,"22,25",4,"R$ 89,00",3,Produtos_Images/de372861.Imagem do Produto.141218.jpg,,113,,,,,,,
,,,,,,,,,,,,,,,,,
8e2cf4e1,BR115,BRINCOS,EV,"23,75",4,"R$ 95,00",0,Produtos_Images/8e2cf4e1.Imagem do Produto.141710.jpg,,115,,,,,,,
,,,,,,,,,,,,,,,,,
c97802f5,BR117,BRINCOS,JN,"6,25",4,"R$ 25,00",1,Produtos_Images/c97802f5.Imagem do Produto.142156.jpg,,117,,,,,,,
,,,,,,,,,,,,,,,,,
4252e99e,BR119,BRINCOS,Ev,"9,75",4,"R$ 39,00",2,Produtos_Images/4252e99e.Imagem do Produto.142440.jpg,,119,,,,,,,
877712f9,BR120,BRINCOS,JL,38,3,"R$ 114,00",1,Produtos_Images/877712f9.Imagem do Produto.142751.jpg,,120,,,,,,,
ef5b492b,BR121,BRINCOS,JL,55,3,"R$ 165,00",1,Produtos_Images/ef5b492b.Imagem do Produto.174757.jpg,,121,,,,,,,
,,,,,,,,,,,,,,,,,
cea12afd,BR123,BRINCOS,JN,39,3,"R$ 117,00",2,Produtos_Images/cea12afd.Imagem do Produto.175648.jpg,,123,,,,,,,
12978c5f,BR124,BRINCOS,JL,"16,25",4,"R$ 65,00",2,Produtos_Images/12978c5f.Imagem do Produto.175813.jpg,,124,,,,,,,
b901bd68,BR125,BRINCOS,EV,"18,75",4,"R$ 75,00",1,Produtos_Images/b901bd68.Imagem do Produto.194416.jpg,,125,,,,,,,
6c35609f,BR126,BRINCOS,EV,"17,75",4,"R$ 71,00",1,Produtos_Images/6c35609f.Imagem do Produto.194629.jpg,,126,,,,,,,
bb60dde9,BR127,BRINCOS,Ev,"18,5",4,"R$ 74,00",2,Produtos_Images/bb60dde9.Imagem do Produto.195251.jpg,,127,,,,,,,
435cb290,BR128,BRINCOS,EV,17,4,"R$ 68,00",2,Produtos_Images/435cb290.Imagem do Produto.195621.jpg,,128,,,,,,,
f7d44b8c,BR129,BRINCOS,Ev,"14,5",4,"R$ 58,00",1,Produtos_Images/f7d44b8c.Imagem do Produto.195831.jpg,,129,,,,,,,
99c6c31d,BR130,BRINCOS,EV,"16,25",4,"R$ 65,00",1,Produtos_Images/99c6c31d.Imagem do Produto.200359.jpg,,130,,,,,,,
fbc377e5,BR131,BRINCOS,EV,"14,75",4,"R$ 59,00",0,Produtos_Images/fbc377e5.Imagem do Produto.200609.jpg,,131,,,,,,,
e9201fbd,BR132,BRINCOS,Ev,17,4,"R$ 68,00",0,Produtos_Images/e9201fbd.Imagem do Produto.200718.jpg,,132,,,,,,,
0b9d6831,BR133,BRINCOS,Ev,"14,75",4,"R$ 59,00",-1,Produtos_Images/0b9d6831.Imagem do Produto.200914.jpg,,133,,,,,,,
1a300807,BR134,BRINCOS,Ev,"13,75",4,"R$ 55,00",1,Produtos_Images/1a300807.Imagem do Produto.201237.jpg,,134,,,,,,,
27211cc7,BR135,BRINCOS,Ev,"18,75",4,"R$ 75,00",4,Produtos_Images/27211cc7.Imagem do Produto.201542.jpg,,135,,,,,,,
9d12bb44,BR136,BRINCOS,Ev,"14,75",4,"R$ 59,00",1,Produtos_Images/9d12bb44.Imagem do Produto.202247.jpg,,136,,,,,,,
18a42e3b,BR137,BRINCOS,EV,"15,5",4,"R$ 62,00",1,Produtos_Images/18a42e3b.Imagem do Produto.202422.jpg,,137,,,,,,,
cfdc9b44,BR138,BRINCOS,EV,"16,25",4,"R$ 65,00",1,Produtos_Images/cfdc9b44.Imagem do Produto.202542.jpg,,138,,,,,,,
25f0c7f2,BR139,BRINCOS,EV,"15,5",4,"R$ 62,00",0,Produtos_Images/25f0c7f2.Imagem do Produto.202740.jpg,,139,,,,,,,
529636d8,BR140,BRINCOS,Ev,"12,25",4,"R$ 49,00",2,Produtos_Images/529636d8.Imagem do Produto.203105.jpg,,140,,,,,,,
ad1fcaad,BR141,BRINCOS,Ev,"17,25",4,"R$ 69,00",1,Produtos_Images/ad1fcaad.Imagem do Produto.203131.jpg,,141,,,,,,,
ah5346,BR142,BRINCOS,Ev,"15,5",4,"R$ 62,00",1,Produtos_Images/1f885346.Imagem do Produto.203307.jpg,,142,,,,,,,
232f6404,BR143,BRINCOS,Ev,"14,75",4,"R$ 59,00",0,Produtos_Images/232f6404.Imagem do Produto.203515.jpg,,143,,,,,,,
0658f114,BR144,BRINCOS,Ev,"15,5",4,"R$ 62,00",1,Produtos_Images/0658f114.Imagem do Produto.203911.jpg,,144,,,,,,,
f9f5f36e,BR145,BRINCOS,Ev,16,4,"R$ 64,00",1,Produtos_Images/f9f5f36e.Imagem do Produto.203946.jpg,,145,,,,,,,
144bdfef,BR146,BRINCOS,EV,"15,5",4,"R$ 62,00",2,Produtos_Images/144bdfef.Imagem do Produto.204047.jpg,,146,,,,,,,
de8155e8,BR147,BRINCOS,Ev,"17,25",4,"R$ 69,00",1,Produtos_Images/de8155e8.Imagem do Produto.204258.jpg,,147,,,,,,,
dd1c9691,BR148,BRINCOS,Ev,"16,25",4,"R$ 65,00",1,Produtos_Images/dd1c9691.Imagem do Produto.204515.jpg,,148,,,,,,,
c148c7a8,BR149,BRINCOS,Ev,"11,25",4,"R$ 45,00",1,Produtos_Images/c148c7a8.Imagem do Produto.204647.jpg,,149,,,,,,,
,,,,,,,,,,,,,,,,,
a69f31df,BR151,BRINCOS,Ev,"17,75",4,"R$ 71,00",1,Produtos_Images/a69f31df.Imagem do Produto.204852.jpg,,151,,,,,,,
ce9c6760,BR152,BRINCOS,Ev,"15,5",4,"R$ 62,00",1,Produtos_Images/ce9c6760.Imagem do Produto.205002.jpg,,152,,,,,,,
0496cb84,BR153,BRINCOS,Ev,"16,25",4,"R$ 65,00",0,Produtos_Images/0496cb84.Imagem do Produto.205647.jpg,,153,,,,,,,
7336301e,BR154,BRINCOS,Ev,"19,75",4,"R$ 79,00",1,Produtos_Images/7336301e.Imagem do Produto.205904.jpg,,154,,,,,,,
4e07b930,BR155,BRINCOS,Ev,"16,25",4,"R$ 65,00",1,Produtos_Images/4e07b930.Imagem do Produto.210038.jpg,,155,1,,,,,,
8c1e03be,BR156,BRINCOS,Ev,"18,25",4,"R$ 73,00",0,Produtos_Images/8c1e03be.Imagem do Produto.210127.jpg,,156,,,,,,,
1fe77431,BR157,BRINCOS,Ev,"14,75",4,"R$ 59,00",0,Produtos_Images/1fe77431.Imagem do Produto.210220.jpg,,157,,,,,,,
57ba98e0,BR158,BRINCOS,Ev,"14,75",4,"R$ 59,00",1,Produtos_Images/57ba98e0.Imagem do Produto.210338.jpg,,158,,,,,,,
820c01cc,BR159,BRINCOS,Ev,"14,5",4,"R$ 58,00",1,Produtos_Images/820c01cc.Imagem do Produto.210438.jpg,,159,,,,,,,
43b1bd0a,BR160,BRINCOS,Ev,"16,25",4,"R$ 65,00",1,Produtos_Images/43b1bd0a.Imagem do Produto.210533.jpg,,160,,,,,,,
a12934fd,BR161,BRINCOS,Ev,"15,5",4,"R$ 62,00",1,Produtos_Images/a12934fd.Imagem do Produto.210635.jpg,,161,,,,,,,
27a9e41d,BR162,BRINCOS,Ev,"15,5",4,"R$ 62,00",1,Produtos_Images/27a9e41d.Imagem do Produto.210729.jpg,,162,,,,,,,
9169389d,BR163,BRINCOS,Ev,"11,5",4,"R$ 46,00",1,Produtos_Images/9169389d.Imagem do Produto.210841.jpg,,163,,,,,,,
9a21e0,BR164,BRINCOS,Ev,"11,25",4,"R$ 45,00",1,Produtos_Images/9a21e017.Imagem do Produto.210950.jpg,,164,,,,,,,
,,,,,,,,,,,,,,,,,
b33867eb,BR166,BRINCOS,Ev,"18,25",4,"R$ 73,00",1,Produtos_Images/b33867eb.Imagem do Produto.211222.jpg,,166,,,,,,,
61b69a0f,BR167,BRINCOS,Ev,17,4,"R$ 68,00",1,Produtos_Images/61b69a0f.Imagem do Produto.211355.jpg,,167,,,,,,,
2550f20e,BR168,BRINCOS,Ev,"19,75",4,"R$ 79,00",1,Produtos_Images/2550f20e.Imagem do Produto.211713.jpg,,168,,,,,,,
26e55dfb,BR169,BRINCOS,Ev,19,4,"R$ 76,00",1,Produtos_Images/26e55dfb.Imagem do Produto.211830.jpg,,169,,,,,,,
b4ef2497,BR170,BRINCOS,Ev,13,4,"R$ 52,00",1,Produtos_Images/b4ef2497.Imagem do Produto.211933.jpg,,170,,,,,,,
760d2c20,BR171,BRINCOS,Ev,"16,25",4,"R$ 65,00",1,Produtos_Images/760d2c20.Imagem do Produto.212039.jpg,,171,,,,,,,
88989d,BR172,BRINCOS,Ev,"16,25",4,"R$ 65,00",1,Produtos_Images/0188989d.Imagem do Produto.212148.jpg,,172,,,,,,,
4ffe2cb6,BR173,BRINCOS,Ev,"17,25",4,"R$ 69,00",1,Produtos_Images/4ffe2cb6.Imagem do Produto.212243.jpg,,173,,,,,,,
bc3be2ac,BR174,BRINCOS,Ev,"17,25",4,"R$ 69,00",1,Produtos_Images/bc3be2ac.Imagem do Produto.212337.jpg,,174,,,,,,,
7613ab83,BR175,BRINCOS,Ev,"12,5",4,"R$ 50,00",1,Produtos_Images/7613ab83.Imagem do Produto.212503.jpg,,175,,,,,,,
9a4b4421,BR176,BRINCOS,Ev,"15,5",4,"R$ 62,00",1,Produtos_Images/9a4b4421.Imagem do Produto.212613.jpg,,176,,,,,,,
,,,,,,,,,,,,,,,,,
f89db7bc,BR178,BRINCOS,Ev,"12,25",4,"R$ 49,00",1,Produtos_Images/f89db7bc.Imagem do Produto.212804.jpg,,178,,,,,,,
af13b491,BR179,BRINCOS,Ev,"13,75",4,"R$ 55,00",1,Produtos_Images/af13b491.Imagem do Produto.212847.jpg,,179,,,,,,,
38a5f4e4,BR180,BRINCOS,Ev,"16,25",4,"R$ 65,00",0,Produtos_Images/38a5f4e4.Imagem do Produto.213004.jpg,,180,,,,,,,
,,,,,,,,,,,,,,,,,
eb9f448f,BR182,BRINCOS,Ev,"17,25",4,"R$ 69,00",0,Produtos_Images/eb9f448f.Imagem do Produto.213124.jpg,,182,,,,,,,
,,,,,,,,,,,,,,,,,
,,,,,,,,,,,,,,,,,
30dcebf0,BR185,BRINCOS,Ev,"16,25",4,"R$ 65,00",1,Produtos_Images/30dcebf0.Imagem do Produto.010240.jpg,,185,,,,,,,
,,,,,,,,,,,,,,,,,
83ab171d,BR187,BRINCOS,Ev,"18,75",4,"R$ 75,00",1,Produtos_Images/83ab171d.Imagem do Produto.011107.jpg,,187,,,,,,,
598d8957,BR188,BRINCOS,Ev,"14,75",4,"R$ 59,00",0,Produtos_Images/598d8957.Imagem do Produto.011323.jpg,,188,,,,,,,
7c5c9912,BR189,BRINCOS,Ev,"24,75",4,"R$ 99,00",1,Produtos_Images/7c5c9912.Imagem do Produto.011418.jpg,,189,,,,,,,
bf40c6de,BR190,BRINCOS,Ev,"13,75",4,"R$ 55,00",0,Produtos_Images/bf40c6de.Imagem do Produto.011541.jpg,,190,,,,,,,
65092b0f,BR191,BRINCOS,Ev,"14,25",4,"R$ 57,00",1,Produtos_Images/65092b0f.Imagem do Produto.011708.jpg,,191,,,,,,,
74642305,BR192,BRINCOS,Ev,"16,25",4,"R$ 65,00",3,Produtos_Images/74642305.Imagem do Produto.011820.jpg,,192,,,,,,,
9425ac2a,BR193,BRINCOS,Ev,"14,75",4,"R$ 59,00",2,Produtos_Images/9425ac2a.Imagem do Produto.011913.jpg,,193,,,,,,,
676c4056,BR194,BRINCOS,Ev,"18,75",4,"R$ 75,00",1,Produtos_Images/676c4056.Imagem do Produto.012024.jpg,,194,,,,,,,
6511c964,BR195,BRINCOS,Ev,"15,5",4,"R$ 62,00",2,Produtos_Images/6511c964.Imagem do Produto.012215.jpg,,195,,,,,,,
,,,,,,,,,,,,,,,,,
e1a0c40d,BR197,BRINCOS,Ev,"15,5",4,"R$ 62,00",1,Produtos_Images/e1a0c40d.Imagem do Produto.012601.jpg,,197,,,,,,,
21ff48a8,BR198,BRINCOS,Ev,"19,5",4,"R$ 78,00",3,Produtos_Images/21ff48a8.Imagem do Produto.012950.jpg,,198,,,,,,,
0a4deb46,BR199,BRINCOS,Ev,"13,75",4,"R$ 55,00",1,Produtos_Images/0a4deb46.Imagem do Produto.013153.jpg,,199,,,,,,,
4556c495,BR200,BRINCOS,Ev,16,4,"R$ 64,00",1,Produtos_Images/4556c495.Imagem do Produto.013349.jpg,,200,,,,,,,
8ec0735f,BR201,BRINCOS,Ev,"16,25",4,"R$ 65,00",1,Produtos_Images/8ec0735f.Imagem do Produto.013536.jpg,,201,,,,,,,
308ad445,BR202,BRINCOS,Ev,"16,5",4,"R$ 66,00",1,Produtos_Images/308ad445.Imagem do Produto.013654.jpg,,202,,,,,,,
0d628f07,BR203,BRINCOS,Ev,"18,75",4,"R$ 75,00",0,Produtos_Images/0d628f07.Imagem do Produto.013845.jpg,,203,,,,,,,
9918c19e,BR204,BRINCOS,Ev,"14,5",4,"R$ 58,00",0,Produtos_Images/9918c19e.Imagem do Produto.014037.jpg,,204,,,,,,,
,,,,,,,,,,,,,,,,,
3d68d8dc,BR206,BRINCOS,Ev,"18,25",4,"R$ 73,00",2,Produtos_Images/3d68d8dc.Imagem do Produto.014336.jpg,,206,,,,,,,
3e76a358,BR207,BRINCOS,Ev,16,4,"R$ 64,00",1,Produtos_Images/3e76a358.Imagem do Produto.014550.jpg,,207,,,,,,,
,,,,,,,,,,,,,,,,,
db4d7d9e,BR209,BRINCOS,Ev,13,3,"R$ 39,00",1,Produtos_Images/db4d7d9e.Imagem do Produto.015239.jpg,,209,,,,,,,
91f5616d,BR210,BRINCOS,Ev,"12,25",4,"R$ 49,00",0,Produtos_Images/91f5616d.Imagem do Produto.015511.jpg,,210,,,,,,,
cbfd53f4,BR211,BRINCOS,Ev,"14,75",4,"R$ 59,00",1,Produtos_Images/cbfd53f4.Imagem do Produto.015542.jpg,,211,,,,,,,
c12c9000,BR212,BRINCOS,Ev,"14,75",4,"R$ 59,00",1,Produtos_Images/c12c9000.Imagem do Produto.015728.jpg,,212,,,,,,,
65e81d18,BR213,BRINCOS,Ev,18,3,"R$ 54,00",0,Produtos_Images/65e81d18.Imagem do Produto.015945.jpg,,213,,,,,,,
f5084092,BR214,BRINCOS,Ev,16,3,"R$ 48,00",1,Produtos_Images/f5084092.Imagem do Produto.020120.jpg,,214,,,,,,,
f8adbf8d,BR215,BRINCOS,Ev,14,4,"R$ 56,00",1,Produtos_Images/f8adbf8d.Imagem do Produto.020305.jpg,,215,,,,,,,
0550c284,BR216,BRINCOS,Ev,17,4,"R$ 68,00",1,Produtos_Images/0550c284.Imagem do Produto.020442.jpg,,216,,,,,,,
9569059f,BR217,BRINCOS,Ev,"12,25",4,"R$ 49,00",1,Produtos_Images/9569059f.Imagem do Produto.020636.jpg,,217,,,,,,,
0bd734a7,BR218,BRINCOS,Ev,"17,25",4,"R$ 69,00",1,Produtos_Images/0bd734a7.Imagem do Produto.020815.jpg,,218,,,,,,,
8dc25a5e,BR219,BRINCOS,Ev,13,4,"R$ 52,00",1,Produtos_Images/8dc25a5e.Imagem do Produto.020950.jpg,,219,,,,,,,
5f0b1868,BR220,BRINCOS,Ev,"17,25",4,"R$ 69,00",1,Produtos_Images/5f0b1868.Imagem do Produto.021132.jpg,,220,,,,,,,
75cd50ea,BR221,BRINCOS,Ev,"14,75",4,"R$ 59,00",0,Produtos_Images/75cd50ea.Imagem do Produto.021249.jpg,,221,,,,,,,
34eba95b,BR222,BRINCOS,Ev,"16,25",4,"R$ 65,00",0,Produtos_Images/34eba95b.Imagem do Produto.021401.jpg,,222,,,,,,,
90c0a887,BR223,BRINCOS,Ev,"18,25",4,"R$ 73,00",1,Produtos_Images/90c0a887.Imagem do Produto.021531.jpg,,223,,,,,,,
,,,,,,,,,,,,,,,,,
28d65f3d,BR225,BRINCOS,Ev,"15,75",4,"R$ 63,00",1,Produtos_Images/28d65f3d.Imagem do Produto.021903.jpg,,225,,,,,,,
c751382d,BR226,BRINCOS,Ev,14,4,"R$ 56,00",1,Produtos_Images/c751382d.Imagem do Produto.021945.jpg,,226,,,,,,,
14329624,BR227,BRINCOS,Ev,"11,25",4,"R$ 45,00",1,Produtos_Images/14329624.Imagem do Produto.022227.jpg,,227,,,,,,,
3bd489bd,BR228,BRINCOS,Ev,"14,5",4,"R$ 58,00",0,Produtos_Images/3bd489bd.Imagem do Produto.121602.jpg,,228,,,,,,,
dfdd0aa8,BR229,BRINCOS,Ev,"16,25",4,"R$ 65,00",1,Produtos_Images/dfdd0aa8.Imagem do Produto.121745.jpg,,229,,,,,,,
64fe5022,BR230,BRINCOS,Ev,"15,5",4,"R$ 62,00",1,Produtos_Images/64fe5022.Imagem do Produto.121842.jpg,,230,1,,,,,,
,,,,,,,,,,,,,,,,,
a8c5f40d,BR232,BRINCOS,Ev,"18,5",4,"R$ 74,00",1,Produtos_Images/a8c5f40d.Imagem do Produto.122216.jpg,,232,,,,,,,
5c25ca60,BR233,BRINCOS,Ev,"16,25",4,"R$ 65,00",1,Produtos_Images/5c25ca60.Imagem do Produto.122336.jpg,,233,,,,,,,
,,,,,,,,,,,,,,,,,
f127a957,BR235,BRINCOS,Ev,"13,75",4,"R$ 55,00",1,Produtos_Images/f127a957.Imagem do Produto.124301.jpg,,235,,,,,,,
b209eef3,BR236,BRINCOS,Ev,"13,75",4,"R$ 55,00",1,Produtos_Images/b209eef3.Imagem do Produto.124421.jpg,,236,,,,,,,
537646b5,BR237,BRINCOS,Ev,"13,75",4,"R$ 55,00",1,Produtos_Images/537646b5.Imagem do Produto.125240.jpg,,237,,,,,,,
39b7f350,BR238,BRINCOS,Ev,"16,25",4,"R$ 65,00",1,Produtos_Images/39b7f350.Imagem do Produto.125428.jpg,,238,,,,,,,
30c38469,BR239,BRINCOS,Ev,"17,25",4,"R$ 69,00",1,Produtos_Images/30c38469.Imagem do Produto.130807.jpg,,239,,1,,,,,
db7c0186,BR240,BRINCOS,Ev,"12,25",4,"R$ 49,00",0,Produtos_Images/db7c0186.Imagem do Produto.131502.jpg,,240,,,,,,,
9308534e,BR241,BRINCOS,Ev,"13,75",4,"R$ 55,00",0,Produtos_Images/9308534e.Imagem do Produto.131652.jpg,,241,,,,,,,
650b7ce1,BR242,BRINCOS,Ev,18,4,"R$ 72,00",2,Produtos_Images/650b7ce1.Imagem do Produto.131655.jpg,,242,,,,,,,
fe4269cb,BR243,BRINCOS,Ev,24,4,"R$ 96,00",4,Produtos_Images/fe4269cb.Imagem do Produto.131659.jpg,,243,,,,,,,
07a7e8c1,BR244,BRINCOS,Ev,"17,25",4,"R$ 69,00",1,Produtos_Images/07a7e8c1.Imagem do Produto.131827.jpg,,244,,,,,,,
d25933,BR245,BRINCOS,Ev,"16,25",4,"R$ 65,00",3,Produtos_Images/d259339a.Imagem do Produto.132205.jpg,,245,,,,,,,
,,,,,,,,,,,,,,,,,
,,,,,,,,,,,,,,,,,
9467bcdb,BR248,BRINCOS,Ev,"16,25",4,"R$ 65,00",2,Produtos_Images/9467bcdb.Imagem do Produto.134916.jpg,,248,,,,,,,
15062465,BR249,BRINCOS,Ev,"14,75",4,"R$ 59,00",2,Produtos_Images/15062465.Imagem do Produto.135426.jpg,,249,,,,,,,
70735b,BR250,BRINCOS,Ev,17,4,"R$ 68,00",1,Produtos_Images/70735b64.Imagem do Produto.135516.jpg,,250,,,,,,,
32967f48,BR251,BRINCOS,Ev,"17,25",4,"R$ 69,00",1,Produtos_Images/32967f48.Imagem do Produto.135905.jpg,,251,,,,,,,
,,,,,,,,,,,,,,,,,
32acdcd3,BR253,BRINCOS,Ev,"14,75",4,"R$ 59,00",2,Produtos_Images/32acdcd3.Imagem do Produto.140337.jpg,,253,,,,,,,
019af54e,BR254,BRINCOS,Ev,"17,25",4,"R$ 69,00",2,Produtos_Images/019af54e.Imagem do Produto.140928.jpg,,254,,,,,,,
,,,,,,,,,,,,,,,,,
b6411f26,BR256,BRINCOS,Ev,19,4,"R$ 76,00",1,Produtos_Images/b6411f26.Imagem do Produto.141449.jpg,,256,,,,,,,
a4e09321,BR257,BRINCOS,Ev,"14,75",4,"R$ 59,00",1,Produtos_Images/a4e09321.Imagem do Produto.141937.jpg,,257,,,,,,,
40ffbb6d,BR258,BRINCOS,Ev,19,4,"R$ 76,00",1,Produtos_Images/40ffbb6d.Imagem do Produto.161319.jpg,,258,,,,,,,
,,,,,,,,,,,,,,,,,
e92b774f,BR260,BRINCOS,Ev,"18,5",4,"R$ 74,00",2,Produtos_Images/e92b774f.Imagem do Produto.161956.jpg,,260,,,,,,,
fe317d98,BR261,BRINCOS,Ev,"18,5",4,"R$ 74,00",1,Produtos_Images/fe317d98.Imagem do Produto.162129.jpg,,261,,,,,,,
1a8737cf,BR262,BRINCOS,Ev,"14,75",4,"R$ 59,00",1,Produtos_Images/1a8737cf.Imagem do Produto.162321.jpg,,262,,,,,,,
5d82cf16,BR263,BRINCOS,Ev,"18,25",4,"R$ 73,00",2,Produtos_Images/5d82cf16.Imagem do Produto.162457.jpg,,263,,,,,,,
b1dc7e91,BR264,BRINCOS,Ev,"18,25",4,"R$ 73,00",2,Produtos_Images/b1dc7e91.Imagem do Produto.162721.jpg,,264,,,,,,,
1768b2,BR265,BRINCOS,Ev,"17,25",4,"R$ 69,00",2,Produtos_Images/1768b29b.Imagem do Produto.164922.jpg,,265,,,,,,,
f2f64a66,BR266,BRINCOS,Ev,"16,25",4,"R$ 65,00",2,Produtos_Images/f2f64a66.Imagem do Produto.165232.jpg,,266,,,,,,,
,,,,,,,,,,,,,,,,,
,,,,,,,,,,,,,,,,,
833253f1,BR269,BRINCOS,Ev,"13,75",4,"R$ 55,00",1,Produtos_Images/833253f1.Imagem do Produto.170448.jpg,,269,,,,,,,
,,,,,,,,,,,,,,,,,
,,,,,,,,,,,,,,,,,
,,,,,,,,,,,,,,,,,
,,,,,,,,,,,,,,,,,
,,,,,,,,,,,,,,,,,
,,,,,,,,,,,,,,,,,
d5772645,BR276,BRINCOS,Ev,62,3,"R$ 186,00",1,Produtos_Images/d5772645.Imagem do Produto.173038.jpg,,276,,,,,,,
b089ae4f,BR277,BRINCOS,Ev,"15,75",4,"R$ 63,00",1,Produtos_Images/b089ae4f.Imagem do Produto.175053.jpg,,277,,,,,,,
4da7ca82,BR278,BRINCOS,Jn,36,3,"R$ 108,00",0,Produtos_Images/4da7ca82.Imagem do Produto.175402.jpg,,278,,,,,,,
d3412753,BR279,BRINCOS,Ev,13,3,"R$ 39,00",1,Produtos_Images/d3412753.Imagem do Produto.175530.jpg,,279,,,,,,,
da4ac2c4,BR280,BRINCOS,JN,23,3,"R$ 69,00",1,Produtos_Images/da4ac2c4.Imagem do Produto.175616.jpg,,280,,,,,,,
,,,,,,,,,,,,,,,,,
646a84f2,BR282,BRINCOS,Ev,"15,75",4,"R$ 63,00",1,Produtos_Images/646a84f2.Imagem do Produto.175921.jpg,,282,,,,,,,
22f87fa4,BR283,BRINCOS,Ev,16,3,"R$ 48,00",0,Produtos_Images/22f87fa4.Imagem do Produto.175945.jpg,,283,,,,,,,
b0ff088a,BR284,BRINCOS,Jn,16,3,"R$ 48,00",4,Produtos_Images/b0ff088a.Imagem do Produto.180118.jpg,,284,,,,,,,
9d1c1a92,BR285,BRINCOS,Jn,6,3,"R$ 18,00",1,Produtos_Images/9d1c1a92.Imagem do Produto.180143.jpg,,285,,,,,,,
2d9ae889,BR286,BRINCOS,Ev,"14,5",4,"R$ 58,00",1,Produtos_Images/2d9ae889.Imagem do Produto.180317.jpg,,286,,,,,,,
9305b6eb,BR287,BRINCOS,Jn,16,3,"R$ 48,00",2,Produtos_Images/9305b6eb.Imagem do Produto.180820.jpg,,287,,,,,,,
fd8a2612,BR288,BRINCOS,Ev,19,3,"R$ 57,00",1,Produtos_Images/fd8a2612.Imagem do Produto.180914.jpg,,288,,,,,,,
c8959041,BR289,BRINCOS,Ev,"14,75",4,"R$ 59,00",1,Produtos_Images/c8959041.Imagem do Produto.181046.jpg,,289,,,,,,,
1d9638dc,BR290,BRINCOS,Ev,22,3,"R$ 66,00",1,Produtos_Images/1d9638dc.Imagem do Produto.181310.jpg,,290,,,,,,,
e1789c4d,BR291,BRINCOS,Ev,"12,25",4,"R$ 49,00",0,Produtos_Images/e1789c4d.Imagem do Produto.181453.jpg,,291,,,,,,,
72aca017,BR292,BRINCOS,JL,32,3,"R$ 96,00",1,Produtos_Images/72aca017.Imagem do Produto.181849.jpg,,292,,,,,,,
7bb75d48,BR293,BRINCOS,JL,29,3,"R$ 87,00",1,Produtos_Images/7bb75d48.Imagem do Produto.182119.jpg,,293,,,,,,,
de63f5f1,BR294,BRINCOS,Ev,"14,5",4,"R$ 58,00",1,Produtos_Images/de63f5f1.Imagem do Produto.182506.jpg,,294,,,,,,,
4eb0dc76,BR295,BRINCOS,Jn,26,3,"R$ 78,00",1,Produtos_Images/4eb0dc76.Imagem do Produto.182725.jpg,,295,,,,,,,
888cf177,BR296,BRINCOS,Jm,14,3,"R$ 42,00",0,Produtos_Images/888cf177.Imagem do Produto.182842.jpg,,296,,,,,,,
a142c947,BR297,BRINCOS,Jn,15,3,"R$ 45,00",0,Produtos_Images/a142c947.Imagem do Produto.183019.jpg,,297,,,,,,,
d346fa04,BR298,BRINCOS,Ev,"14,75",4,"R$ 59,00",1,Produtos_Images/d346fa04.Imagem do Produto.183707.jpg,,298,,,,,,,
,,,,,,,,,,,,,,,,,
,,,,,,,,,,,,,,,,,
8a846653,BR301,BRINCOS,Ev,"14,75",4,"R$ 59,00",1,Produtos_Images/8a846653.Imagem do Produto.185848.jpg,,301,,,,,,,
276cb007,BR302,BRINCOS,Jn,17,3,"R$ 51,00",1,Produtos_Images/276cb007.Imagem do Produto.222436.jpg,,302,,,,,,,
,,,,,,,,,,,,,,,,,
4824d299,BR304,BRINCOS,Ev,"17,25",4,"R$ 69,00",1,Produtos_Images/4824d299.Imagem do Produto.222954.jpg,,304,,,,,,,
4ab0f363,BR305,BRINCOS,Ev,"13,75",4,"R$ 55,00",0,Produtos_Images/4ab0f363.Imagem do Produto.223229.jpg,,305,,,,,,,
03ae6881,BR306,BRINCOS,Ev,"14,75",4,"R$ 59,00",1,Produtos_Images/03ae6881.Imagem do Produto.223339.jpg,,306,,,,,,,
b1840c77,BR307,BRINCOS,JN,16,3,"R$ 48,00",1,Produtos_Images/b1840c77.Imagem do Produto.235755.jpg,,307,,,,,,,
4c8e08c2,BR308,BRINCOS,Ev,"14,75",4,"R$ 59,00",0,Produtos_Images/4c8e08c2.Imagem do Produto.235847.jpg,,308,,,,,,,
f8dd2815,BR309,BRINCOS,JN,12,3,"R$ 36,00",1,Produtos_Images/f8dd2815.Imagem do Produto.235928.jpg,,309,,,,,,,
,,,,,,,,,,,,,,,,,
85703ca9,BR311,BRINCOS,Jm,9,3,"R$ 27,00",1,Produtos_Images/85703ca9.Imagem do Produto.000424.jpg,,311,,,,,,,
d5dd0d1a,BR312,BRINCOS,Ev,"12,25",4,"R$ 49,00",0,Produtos_Images/d5dd0d1a.Imagem do Produto.000453.jpg,,312,,,,,,,
,,,,,,,,,,,,,,,,,
a2b09f,BR314,BRINCOS,Ev,"12,25",4,"R$ 49,00",1,Produtos_Images/a2b09f88.Imagem do Produto.001252.jpg,,314,,,,,,,
24c1c8c4,BR315,BRINCOS,Jn,"14,75",4,"R$ 59,00",1,Produtos_Images/24c1c8c4.Imagem do Produto.001610.jpg,,315,,,,,,,
82362627,BR316,BRINCOS,Jn,42,3,"R$ 126,00",1,Produtos_Images/82362627.Imagem do Produto.002421.jpg,,316,,,,,,,
44a3a9,BR317,BRINCOS,JN,39,3,"R$ 117,00",3,Produtos_Images/44a3a995.Imagem do Produto.002812.jpg,,317,,,,,,,
32c56a,BR318,BRINCOS,Ev,"18,75",4,"R$ 75,00",1,Produtos_Images/32c56a68.Imagem do Produto.004121.jpg,,318,,,,,,,
27f28c61,BR319,BRINCOS,Ev,"18,75",4,"R$ 75,00",0,Produtos_Images/27f28c61.Imagem do Produto.004427.jpg,,319,,,,,,,
492e9e5b,BR320,BRINCOS,Ev,14,3,"R$ 42,00",0,Produtos_Images/492e9e5b.Imagem do Produto.005913.jpg,,320,,,,,,,
bc88ea,AN001,ANÉIS,JN 20,39,3,"R$ 117,00",1,Produtos_Images/eebc88ea.Imagem do Produto.010444.jpg,,,1,,,,,,
cf21997d,BR321,BRINCOS,,"13,75",4,"R$ 55,00",0,Produtos_Images/cf21997d.Imagem do Produto.010615.jpg,,321,,,,,,,
61a169c4,BR322,BRINCOS,JL,18,3,"R$ 54,00",2,Produtos_Images/61a169c4.Imagem do Produto.010743.jpg,,322,,,,,,,
94d99292,BR323,BRINCOS,WDF,9,4,"R$ 36,00",2,Produtos_Images/94d99292.Imagem do Produto.011615.jpg,,323,,,,,,,
5074d8ec,BR324,BRINCOS,Ev,14,4,"R$ 56,00",0,Produtos_Images/5074d8ec.Imagem do Produto.011708.jpg,,324,,,,,,,
8b7ca02b,BR325,BRINCOS,Ev,"13,75",4,"R$ 55,00",1,Produtos_Images/8b7ca02b.Imagem do Produto.013124.jpg,,325,,,,,,,
056d482b,BR326,BRINCOS,JL,28,3,"R$ 84,00",1,Produtos_Images/056d482b.Imagem do Produto.013234.jpg,,326,,,,,,,
4ca8c7fa,BR327,BRINCOS,Ev,19,3,"R$ 57,00",1,Produtos_Images/4ca8c7fa.Imagem do Produto.013321.jpg,,327,,,,,,,
0045859b,BR328,BRINCOS,Ev,"18,75",4,"R$ 75,00",0,Produtos_Images/0045859b.Imagem do Produto.013528.jpg,,328,,,,,,,
adeee14a,BR329,BRINCOS,Ev,"14,5",4,"R$ 58,00",1,Produtos_Images/adeee14a.Imagem do Produto.013603.jpg,,329,,,,,,,
f8f61f0d,BR330,BRINCOS,Ev,"11,25",4,"R$ 45,00",0,Produtos_Images/f8f61f0d.Imagem do Produto.014133.jpg,,330,,,,,,,
60f38684,BR331,BRINCOS,JL,19,3,"R$ 57,00",1,Produtos_Images/60f38684.Imagem do Produto.014511.jpg,,331,,,,,,,
03d2fc4b,BR332,BRINCOS,JN,26,3,"R$ 78,00",0,Produtos_Images/03d2fc4b.Imagem do Produto.014537.jpg,,332,,,,,,,
fc63fd00,BR333,BRINCOS,Ev,59,3,"R$ 177,00",1,Produtos_Images/fc63fd00.Imagem do Produto.014812.jpg,,333,,,,,,,
7d7466a1,BR334,BRINCOS,Ev,59,3,"R$ 177,00",0,Produtos_Images/7d7466a1.Imagem do Produto.015020.jpg,,334,,,,,,,
9af57bd5,BR335,BRINCOS,WDF,"29,5",3,"R$ 88,50",1,Produtos_Images/9af57bd5.Imagem do Produto.015254.jpg,,335,,,,,,,
5fad3d2a,BR336,BRINCOS,Ev,"38,75",4,"R$ 155,00",1,Produtos_Images/5fad3d2a.Imagem do Produto.015449.jpg,,336,,,,,,,
c00262ab,BR337,BRINCOS,JL,83,3,"R$ 249,00",1,Produtos_Images/c00262ab.Imagem do Produto.015753.jpg,,337,,,,,,,
69d2c2a2,BR338,BRINCOS,Ev,"27,5",4,"R$ 110,00",1,Produtos_Images/69d2c2a2.Imagem do Produto.015957.jpg,,338,,,,,,,
9483f941,BR339,BRINCOS,Ev,12,3,"R$ 36,00",1,Produtos_Images/9483f941.Imagem do Produto.020140.jpg,,339,,,,,,,
999ec048,BR340,BRINCOS,ME,47,3,"R$ 141,00",1,Produtos_Images/999ec048.Imagem do Produto.020330.jpg,,340,,,,,,,
2755dddc,BR341,BRINCOS,WDF,5,3,"R$ 15,00",0,Produtos_Images/2755dddc.Imagem do Produto.020624.jpg,,341,,,,,,,
58437ba3,BR342,BRINCOS,WDF,5,3,"R$ 15,00",1,Produtos_Images/58437ba3.Imagem do Produto.020737.jpg,,342,,,,,,,
5a8623eb,BR343,BRINCOS,WDF,5,3,"R$ 15,00",1,Produtos_Images/5a8623eb.Imagem do Produto.020918.jpg,,343,,,,,,,
deea05cf,BR344,BRINCOS,Ev,66,3,"R$ 198,00",0,Produtos_Images/deea05cf.Imagem do Produto.021155.jpg,,344,,,,,,,
888e0e5a,BR345,BRINCOS,Ev,73,3,"R$ 219,00",1,Produtos_Images/888e0e5a.Imagem do Produto.021227.jpg,,345,,,,,,,
b67e791e,BR346,BRINCOS,Ev,"16,25",4,"R$ 65,00",1,Produtos_Images/b67e791e.Imagem do Produto.021423.jpg,,346,,,,,,,
64d16a3c,BR347,BRINCOS,Ev,"16,25",4,"R$ 65,00",1,Produtos_Images/64d16a3c.Imagem do Produto.021618.jpg,,347,,,,,,,
4a0450c0,BR348,BRINCOS,JN,16,3,"R$ 48,00",1,Produtos_Images/4a0450c0.Imagem do Produto.021753.jpg,,348,,,,,,,
8966fb85,BR349,BRINCOS,Ev,5,3,"R$ 15,00",0,Produtos_Images/8966fb85.Imagem do Produto.022035.jpg,,349,,,,,,,
f62dd59d,BR350,BRINCOS,Ev,14,3,"R$ 42,00",3,Produtos_Images/f62dd59d.Imagem do Produto.022210.jpg,,350,,,,,,,
978b8eb9,BR351,BRINCOS,Ev,"11,25",4,"R$ 45,00",1,Produtos_Images/978b8eb9.Imagem do Produto.022618.jpg,,351,,,,,,,
,,,,,,,,,,,,,,,,,
a252ab7d,BR353,BRINCOS,JN,38,3,"R$ 114,00",0,Produtos_Images/a252ab7d.Imagem do Produto.023320.jpg,,353,,,,,,,
654c1968,BR354,BRINCOS,JN,22,3,"R$ 66,00",2,Produtos_Images/654c1968.Imagem do Produto.023435.jpg,,354,,,,,,,
1998c813,BR355,BRINCOS,JN,42,3,"R$ 126,00",1,Produtos_Images/1998c813.Imagem do Produto.023548.jpg,,355,,,,,,,
82b5f465,BR356,BRINCOS,Ev,"16,25",4,"R$ 65,00",0,Produtos_Images/82b5f465.Imagem do Produto.023619.jpg,,356,,,,,,,
3e5e58d0,BR357,BRINCOS,JN,49,3,"R$ 147,00",1,Produtos_Images/3e5e58d0.Imagem do Produto.023745.jpg,,357,,,,,,,
baa73724,BR358,BRINCOS,JL,32,3,"R$ 96,00",1,Produtos_Images/baa73724.Imagem do Produto.023817.jpg,,358,,,,,,,
3c4bfb09,BR359,BRINCOS,JL,63,3,"R$ 189,00",1,Produtos_Images/3c4bfb09.Imagem do Produto.024044.jpg,,359,,,,,,,
055ad7dd,BR360,BRINCOS,JN,56,3,"R$ 168,00",1,Produtos_Images/055ad7dd.Imagem do Produto.024139.jpg,,360,,,,,,,
a7eee92f,BR361,BRINCOS,Ev,"14,75",4,"R$ 59,00",0,Produtos_Images/a7eee92f.Imagem do Produto.121812.jpg,,361,,,,,,,
6c654de0,BR362,BRINCOS,Jn,13,3,"R$ 39,00",0,Produtos_Images/6c654de0.Imagem do Produto.122031.jpg,,362,,,,,,,
c835851d,BR363,BRINCOS,JN,"19,5",3,"R$ 58,50",0,Produtos_Images/c835851d.Imagem do Produto.122104.jpg,,363,,,,,,,
,,,,,,,,,,,,,,,,,
c3f086cc,BR365,BRINCOS,Ev,"16,25",4,"R$ 65,00",1,Produtos_Images/c3f086cc.Imagem do Produto.131936.jpg,,365,,,,,,,
fc2e2f8c,BR366,BRINCOS,Jn,5,3,"R$ 15,00",0,Produtos_Images/fc2e2f8c.Imagem do Produto.132711.jpg,,366,,,,,,,
9ecbd752,BR367,BRINCOS,Jn,23,3,"R$ 69,00",0,Produtos_Images/9ecbd752.Imagem do Produto.132926.jpg,,367,,,,,,,
381ec427,BR368,BRINCOS,SB,4,3,"R$ 12,00",1,Produtos_Images/381ec427.Imagem do Produto.133143.jpg,,368,,,,,,,
7d3e673a,BR369,BRINCOS,SB,5,3,"R$ 15,00",0,Produtos_Images/7d3e673a.Imagem do Produto.133339.jpg,,369,,,,,,,
03162d97,BR370,BRINCOS,Jn,17,3,"R$ 51,00",2,Produtos_Images/03162d97.Imagem do Produto.133534.jpg,,370,,,,,,,
3f11f18b,BR371,BRINCOS,Ev,"15,75",4,"R$ 63,00",0,Produtos_Images/3f11f18b.Imagem do Produto.133658.jpg,,371,,,,,,,
113bf664,BR372,BRINCOS,Ev,"8,75",4,"R$ 35,00",1,Produtos_Images/113bf664.Imagem do Produto.134156.jpg,,372,,,,,,,
e491e0c2,BR373,BRINCOS,Ev,"6,25",4,"R$ 25,00",1,Produtos_Images/e491e0c2.Imagem do Produto.134330.jpg,,373,,,,,,,
,,,,,,,,,,,,,,,,,
,,,,,,,,,,,,,,,,,
adf6e4,BR376,BRINCOS,JN,5,3,"R$ 15,00",2,Produtos_Images/adf6e409.Imagem do Produto.141410.jpg,,376,,,,,,,
e84ba8,BR377,BRINCOS,Ev,"13,75",4,"R$ 55,00",0,Produtos_Images/e84ba846.Imagem do Produto.144431.jpg,,377,,,,,,,
a15864,BR378,BRINCOS,Ev,"15,75",4,"R$ 63,00",0,Produtos_Images/a15864bc.Imagem do Produto.144558.jpg,,378,,,,,,,
a0095f,BR379,BRINCOS,JN,19,3,"R$ 57,00",0,Produtos_Images/a0095f69.Imagem do Produto.144732.jpg,,379,,,,,,,
cac6af,BR380,BRINCOS,Jn,15,3,"R$ 45,00",1,Produtos_Images/cac6af78.Imagem do Produto.144901.jpg,,380,,,,,,,
677d7d,BR381,BRINCOS,Jm,13,3,"R$ 39,00",2,Produtos_Images/677d7d24.Imagem do Produto.144950.jpg,,381,,,,,,,
,,,,,,,,,,,,,,,,,
482ecb,BR383,BRINCOS,JL,29,3,"R$ 87,00",1,Produtos_Images/482ecbcb.Imagem do Produto.164631.jpg,,383,,,,,,,
5c2f3a,BR384,BRINCOS,JL,38,3,"R$ 114,00",0,Produtos_Images/5c2f3a8f.Imagem do Produto.164924.jpg,,384,,,,,,,
f258c3,BR385,BRINCOS,Jm,19,3,"R$ 57,00",1,Produtos_Images/f258c3d7.Imagem do Produto.164955.jpg,,385,,,,,,,
83699b,BR386,BRINCOS,Jn,23,3,"R$ 69,00",0,Produtos_Images/83699bd3.Imagem do Produto.165052.jpg,,386,,,,,,,
2deeae,BR387,BRINCOS,Ev,"14,75",4,"R$ 59,00",1,Produtos_Images/2deeae9c.Imagem do Produto.165154.jpg,,387,,,,,,,
8fcb3e,BR388,BRINCOS,SB,9,3,"R$ 27,00",1,Produtos_Images/8fcb3e1f.Imagem do Produto.165257.jpg,,388,,,,,,,
eae70d,BR389,BRINCOS,JL,29,3,"R$ 87,00",0,Produtos_Images/eae70d92.Imagem do Produto.165442.jpg,,389,,,,,,,
xa7357,BR390,BRINCOS,Ev,"9,75",4,"R$ 39,00",0,Produtos_Images/66735709.Imagem do Produto.165611.jpg,,390,,,,,,,
ff7f1bdf,BR391,BRINCOS,Jn,"16,34",3,"R$ 49,02",1,Produtos_Images/ff7f1bdf.Imagem do Produto.165721.jpg,,391,,,,,,,
1c2b1355,BR392,BRINCOS,JN,55,3,"R$ 165,00",2,Produtos_Images/1c2b1355.Imagem do Produto.165754.jpg,,392,,,,,,,
3eae23f6,BR393,BRINCOS,Ev,"8,75",4,"R$ 35,00",0,Produtos_Images/3eae23f6.Imagem do Produto.165907.jpg,,393,,,,,,,
8c1a18f9,BR394,BRINCOS,JN,32,3,"R$ 96,00",1,Produtos_Images/8c1a18f9.Imagem do Produto.170034.jpg,,394,,,,,,,
94a7ba4b,BR395,BRINCOS,JN,39,3,"R$ 117,00",1,Produtos_Images/94a7ba4b.Imagem do Produto.173254.jpg,,395,,,,,,,
a42c7a28,BR396,BRINCOS,JL,32,3,"R$ 96,00",1,Produtos_Images/a42c7a28.Imagem do Produto.174503.jpg,,396,,,,,,,
,,,,,,,,,,,,,,,,,
,,,,,,,,,,,,,,,,,
97e66afe,BR399,BRINCOS,Jn,21,3,"R$ 63,00",1,Produtos_Images/97e66afe.Imagem do Produto.175328.jpg,,399,,,,,,,
f4e68294,BR400,BRINCOS,Jm,21,3,"R$ 63,00",1,Produtos_Images/f4e68294.Imagem do Produto.175518.jpg,,400,,,,,,,
9bd7f33c,BR401,BRINCOS,Ev,"9,5",4,"R$ 38,00",3,Produtos_Images/9bd7f33c.Imagem do Produto.175817.jpg,,401,,,,,,,
477b7075,BR402,BRINCOS,JL,29,3,"R$ 87,00",1,Produtos_Images/477b7075.Imagem do Produto.175930.jpg,,402,,,,,,,
,,,,,,,,,,,,,,,,,
7a591834,BR404,BRINCOS,JL,23,3,"R$ 69,00",0,Produtos_Images/7a591834.Imagem do Produto.180232.jpg,,404,,,,,,,
c354a7,AN002,ANÉIS,Jn 16/20,32,3,"R$ 96,00",1,Produtos_Images/70c354a7.Imagem do Produto.180946.jpg,,,2,,,,,,
453d49,AN003,ANÉIS,JN 16/18/28/16,29,3,"R$ 87,00",2,Produtos_Images/90453d49.Imagem do Produto.181503.jpg,,,3,,,,,,
561cfa32,BR405,BRINCOS,Ev,"13,75",4,"R$ 55,00",1,Produtos_Images/561cfa32.Imagem do Produto.183956.jpg,,405,,,,,,,
5be82a65,BR406,BRINCOS,Jn,"14,75",4,"R$ 59,00",0,Produtos_Images/5be82a65.Imagem do Produto.184112.jpg,,406,,,,,,,
2f779311,BR407,BRINCOS,Ev,"14,5",4,"R$ 58,00",1,Produtos_Images/2f779311.Imagem do Produto.184242.jpg,,407,,,,,,,
d6bdb07c,BR408,BRINCOS,Ev,"16,25",4,"R$ 65,00",1,Produtos_Images/d6bdb07c.Imagem do Produto.184311.jpg,,408,,,,,,,
341c08c0,BR409,BRINCOS,Ev,"13,75",4,"R$ 55,00",1,Produtos_Images/341c08c0.Imagem do Produto.184359.jpg,,409,,,,,,,
0d210be0,BR410,BRINCOS,EV,"14,5",4,"R$ 58,00",2,Produtos_Images/0d210be0.Imagem do Produto.184506.jpg,,410,,,,,,,
,,,,,,,,,,,,,,,,,
ea64ba,AN005,ANÉIS,JN 28/14,28,"3,16","R$ 88,48",2,Produtos_Images/51ea64ba.Imagem do Produto.194043.jpg,,,5,,,,,,
a42ea6,AN006,ANÉIS,JN 14/16/18/20,31,3,"R$ 93,00",3,Produtos_Images/99a42ea6.Imagem do Produto.200333.jpg,,,6,,,,,,
4e7a16,AN007,ANÉIS,JN,"56,6",3,"R$ 169,80",1,Produtos_Images/8e4e7a16.Imagem do Produto.200456.jpg,,,7,,,,,,
b0b2fc,AN008,ANÉIS,JL 20,59,3,"R$ 177,00",1,Produtos_Images/f8b0b2fc.Imagem do Produto.200622.jpg,,,8,,,,,,
6e8dd2,AN009,ANÉIS,JN 20/18,45,3,"R$ 135,00",2,Produtos_Images/026e8dd2.Imagem do Produto.200744.jpg,,,9,,,,,,
6dad2a,AN010,ANÉIS,JN16,32,3,"R$ 96,00",2,Produtos_Images/a66dad2a.Imagem do Produto.200842.jpg,,,10,,,,,,
03110c,AN011,ANÉIS,Jn 20,29,3,"R$ 87,00",2,Produtos_Images/9603110c.Imagem do Produto.201033.jpg,,,11,,,,,,
532f4f,AN012,ANÉIS,Jn 20/18,32,3,"R$ 96,00",1,Produtos_Images/40532f4f.Imagem do Produto.201135.jpg,,,12,,,,,,
b30f38,AN013,ANÉIS,Jn 20,43,3,"R$ 129,00",1,Produtos_Images/9fb30f38.Imagem do Produto.201326.jpg,,,13,,,,,,
0bf40e,AN014,ANÉIS,Jn 20,32,3,"R$ 96,00",0,Produtos_Images/900bf40e.Imagem do Produto.201406.jpg,,,14,,,,,,
,,,,,,,,,,,,,,,,,
091b03,AN016,ANÉIS,In 14/16,32,3,"R$ 96,00",0,Produtos_Images/a8091b03.Imagem do Produto.201628.jpg,,,16,,,,,,
080dd0,AN017,ANÉIS,JN 20,"29,9",3,"R$ 89,70",1,Produtos_Images/19080dd0.Imagem do Produto.201724.jpg,,,17,,,,,,
804fe4,AN018,ANÉIS,Jn 14,28,3,"R$ 84,00",1,Produtos_Images/3e804fe4.Imagem do Produto.201909.jpg,,,18,,,,,,
7e63c8,AN019,ANÉIS,Jn 20,37,3,"R$ 111,00",1,Produtos_Images/977e63c8.Imagem do Produto.201943.jpg,,,19,,,,,,
280e6a,AN020,ANÉIS,JL 22/24,53,3,"R$ 159,00",1,Produtos_Images/f8280e6a.Imagem do Produto.202158.jpg,,,20,,,,,,
897c8d,AN021,ANÉIS,JN 20/18,15,3,"R$ 45,00",2,Produtos_Images/b7897c8d.Imagem do Produto.202239.jpg,,,21,,,,,,
017c87,AN022,ANÉIS,JN 16/20,15,3,"R$ 45,00",2,Produtos_Images/89017c87.Imagem do Produto.202433.jpg,,,22,,,,,,
1f7fd7,AN023,ANÉIS,JN 16/18,32,3,"R$ 96,00",3,Produtos_Images/7c1f7fd7.Imagem do Produto.202554.jpg,,,23,,,,,,
f8462b,AN024,ANÉIS,JN 16/16,22,3,"R$ 66,00",1,Produtos_Images/45f8462b.Imagem do Produto.202703.jpg,,,24,,,,,,
88e68c,AN025,ANÉIS,In 18/18,23,3,"R$ 69,00",2,Produtos_Images/5188e68c.Imagem do Produto.202756.jpg,,,25,,,,,,
,,,,,,,,,,,,,,,,,
78b3e6,AN027,ANÉIS,In 14,19,3,"R$ 57,00",2,Produtos_Images/6878b3e6.Imagem do Produto.202921.jpg,,,27,,,,,,
964527,AN028,ANÉIS,SF 20/16,38,3,"R$ 114,00",2,Produtos_Images/60964527.Imagem do Produto.203043.jpg,,,28,,,,,,
,,,,,,,,,,,,,,,,,
c3e568,AN030,ANÉIS,JL 22/16,37,3,"R$ 111,00",2,Produtos_Images/7fc3e568.Imagem do Produto.203350.jpg,,,30,,,,,,
2e32bd,AN031,ANÉIS,I’m 18/16,22,3,"R$ 66,00",2,Produtos_Images/6a2e32bd.Imagem do Produto.203459.jpg,,,31,,,,,,
,,,,,,,,,,,,,,,,,
2fd25a,AN033,ANÉIS,Jn 16/20,28,3,"R$ 84,00",1,Produtos_Images/5f2fd25a.Imagem do Produto.203917.jpg,,,33,,,,,,
ee55c2,AN034,ANÉIS,JN,36,3,"R$ 108,00",8,Produtos_Images/daee55c2.Imagem do Produto.204115.jpg,,,34,,,,,,
83945e,AN035,ANÉIS,In 18,28,"3,16","R$ 88,48",2,Produtos_Images/1d83945e.Imagem do Produto.204307.jpg,,,35,,,,,,
,,,,,,,,,,,,,,,,,
c703f6,AN037,ANÉIS,JL 20,33,3,"R$ 99,00",1,Produtos_Images/a4c703f6.Imagem do Produto.204521.jpg,,,37,,,,,,
9acbfc,AN038,ANÉIS,JL 20,58,3,"R$ 174,00",1,Produtos_Images/fa9acbfc.Imagem do Produto.204555.jpg,,,38,,,,,,
582964,AN039,ANÉIS,JN,19,3,"R$ 57,00",1,Produtos_Images/d3582964.Imagem do Produto.213552.jpg,,,39,,,,,,
8fd91f,AN040,ANÉIS,JN18,28,3,"R$ 84,00",1,Produtos_Images/0a8fd91f.Imagem do Produto.213733.jpg,,,40,,,,,,
37ac5c,AN041,ANÉIS,Jn 20,29,3,"R$ 87,00",1,Produtos_Images/ca37ac5c.Imagem do Produto.214103.jpg,,,41,,,,,,
b3af3f,AN042,ANÉIS,JN 22,29,3,"R$ 87,00",1,Produtos_Images/d5b3af3f.Imagem do Produto.222403.jpg,,,42,,,,,,
5938f4,AN043,ANÉIS,JN 16,26,3,"R$ 78,00",1,Produtos_Images/aa5938f4.Imagem do Produto.222438.jpg,,,43,,,,,,
,,,,,,,,,,,,,,,,,
99c1cb,AN045,ANÉIS,JN,22,3,"R$ 66,00",3,Produtos_Images/c899c1cb.Imagem do Produto.222803.jpg,,,45,,,,,,
016352,AN046,ANÉIS,Jn 16,26,3,"R$ 78,00",1,Produtos_Images/b1016352.Imagem do Produto.222909.jpg,,,46,,,,,,
4b6420,AN047,ANÉIS,JL,47,3,"R$ 141,00",1,Produtos_Images/c24b6420.Imagem do Produto.223001.jpg,,,47,,,,,,
4c9593,AN048,ANÉIS,JN 20,66,3,"R$ 198,00",2,Produtos_Images/274c9593.Imagem do Produto.223049.jpg,,,48,,,,,,
5e8af1,AN049,ANÉIS,JL 22,49,3,"R$ 147,00",1,Produtos_Images/125e8af1.Imagem do Produto.223300.jpg,,,49,,,,,,
7e4c8f,AN050,ANÉIS,JN 22,23,3,"R$ 69,00",1,Produtos_Images/697e4c8f.Imagem do Produto.223442.jpg,,,50,,,,,,
f7c1c9,AN051,ANÉIS,JL 20,66,3,"R$ 198,00",1,Produtos_Images/cbf7c1c9.Imagem do Produto.223603.jpg,,,51,,,,,,
e1b3bb,AN052,ANÉIS,JN,49,3,"R$ 147,00",1,Produtos_Images/fbe1b3bb.Imagem do Produto.223706.jpg,,,52,,,,,,
ca1af5,AN053,ANÉIS,Jn 16,36,3,"R$ 108,00",1,Produtos_Images/30ca1af5.Imagem do Produto.223757.jpg,,,53,,,,,,
230965,AN054,ANÉIS,JN,53,3,"R$ 159,00",1,Produtos_Images/c7230965.Imagem do Produto.223849.jpg,,,54,,,,,,
b4fc56,AN055,ANÉIS,Jn 22,49,3,"R$ 147,00",1,Produtos_Images/f6b4fc56.Imagem do Produto.223941.jpg,,,55,,,,,,
45d02e,AN056,ANÉIS,Jn 22,22,3,"R$ 66,00",1,Produtos_Images/6745d02e.Imagem do Produto.224144.jpg,,,56,,,,,,
4ddb1d,AN057,ANÉIS,JN 20,47,3,"R$ 141,00",0,Produtos_Images/244ddb1d.Imagem do Produto.224208.jpg,,,57,,,,,,
0de6c4,AN058,ANÉIS,JL 20,26,3,"R$ 78,00",1,Produtos_Images/910de6c4.Imagem do Produto.224320.jpg,,,58,,,,,,
,,,,,,,,,,,,,,,,,
9a8b6d,AN060,ANÉIS,JN 18,52,3,"R$ 156,00",1,Produtos_Images/b19a8b6d.Imagem do Produto.224634.jpg,,411,60,,,,,,
6ec89f,AN061,ANÉIS,Jn 18,26,3,"R$ 78,00",1,Produtos_Images/3e6ec89f.Imagem do Produto.224728.jpg,,,61,,,,,,
dfbfb3,AN062,ANÉIS,Jn 18,89,3,"R$ 267,00",1,Produtos_Images/5adfbfb3.Imagem do Produto.224822.jpg,,,62,,,,,,
2c4808,AN063,ANÉIS,JN 18,21,3,"R$ 63,00",1,Produtos_Images/b82c4808.Imagem do Produto.225735.jpg,,,63,,,,,,
6ecd0c,AN064,ANÉIS,JL,46,3,"R$ 138,00",2,Produtos_Images/8f6ecd0c.Imagem do Produto.225838.jpg,,,64,,,,,,
d06d84,AN065,ANÉIS,JN 20,18,3,"R$ 54,00",2,Produtos_Images/93d06d84.Imagem do Produto.230004.jpg,,,65,,,,,,
fb899e,AN066,ANÉIS,DC,28,3,"R$ 84,00",1,Produtos_Images/f4fb899e.Imagem do Produto.230132.jpg,,,66,,,,,,
e9f278,AN067,ANÉIS,JL 20,29,3,"R$ 87,00",0,Produtos_Images/66e9f278.Imagem do Produto.230546.jpg,,,67,,,,,,
57f1f3,AN068,ANÉIS,JL20,33,3,"R$ 99,00",1,Produtos_Images/7457f1f3.Imagem do Produto.230805.jpg,,,68,,,,,,
a78ff3,AN069,ANÉIS,SF,37,3,"R$ 111,00",1,Produtos_Images/afa78ff3.Imagem do Produto.230916.jpg,,,69,,,,,,
f92f10,AN070,ANÉIS,JN 16,46,3,"R$ 138,00",0,Produtos_Images/0ef92f10.Imagem do Produto.231018.jpg,,,70,,,,,,
8cc584,AN071,ANÉIS,Jn 20,40,3,"R$ 120,00",1,Produtos_Images/f98cc584.Imagem do Produto.231138.jpg,,,71,,,,,,
cd6e25,AN072,ANÉIS,Jn 20,20,3,"R$ 60,00",2,Produtos_Images/93cd6e25.Imagem do Produto.231246.jpg,,,72,,,,,,
b9db34,AN073,ANÉIS,Jn 20/21/18,19,3,"R$ 57,00",3,Produtos_Images/70b9db34.Imagem do Produto.231352.jpg,,,73,,,,,,
7b0d59,AN074,ANÉIS,JN 22/20,48,3,"R$ 144,00",2,Produtos_Images/387b0d59.Imagem do Produto.231758.jpg,,,74,,,,,,
,,,,,,,,,,,,,,,,,
,,,,,,,,,,,,,,,,,
a57414,AN077,ANÉIS,JL 18/22,40,3,"R$ 120,00",2,Produtos_Images/2fa57414.Imagem do Produto.232301.jpg,,,77,,,,,,
907d14,AN078,ANÉIS,JN 22,"46,33",3,"R$ 138,99",1,Produtos_Images/38907d14.Imagem do Produto.232425.jpg,,,78,,,,,,
,,,,,,,,,,,,,,,,,
,,,,,,,,,,,,,,,,,
,,,,,,,,,,,,,,,,,
a8a0b3,AN082,ANÉIS,Jn 22,32,3,"R$ 96,00",1,Produtos_Images/bba8a0b3.Imagem do Produto.233415.jpg,,,82,,,,,,
3e2baf,AN083,ANÉIS,Jn 22,43,3,"R$ 129,00",1,Produtos_Images/123e2baf.Imagem do Produto.233457.jpg,,,83,,,,,,
e77b14,AN084,ANÉIS,JN 22,32,3,"R$ 96,00",1,Produtos_Images/fbe77b14.Imagem do Produto.233606.jpg,,,84,,,,,,
,,,,,,,,,,,,,,,,,
ae3636,AN086,ANÉIS,JN16,39,3,"R$ 117,00",1,Produtos_Images/e1ae3636.Imagem do Produto.011510.jpg,,,86,,,,,,
c984fc,AN087,ANÉIS,JN 22,32,3,"R$ 96,00",1,Produtos_Images/08c984fc.Imagem do Produto.011603.jpg,,,87,,,,,,
17fa94,AN088,ANÉIS,Jn 18/22,40,3,"R$ 120,00",3,Produtos_Images/0c17fa94.Imagem do Produto.011704.jpg,,,88,,,,,,
96e7f4,AN089,ANÉIS,Jn 18,33,3,"R$ 99,00",3,Produtos_Images/9096e7f4.Imagem do Produto.011819.jpg,,,89,,,,,,
,,,,,,,,,,,,,,,,,
8d245c,AN091,ANÉIS,Jn 22,276,3,"R$ 828,00",1,Produtos_Images/c18d245c.Imagem do Produto.012033.jpg,,,91,,,,,,
655f78,AN092,ANÉIS,Jn 20,32,3,"R$ 96,00",1,Produtos_Images/c1655f78.Imagem do Produto.012122.jpg,,,92,,,,,,
6a43e4,AN093,ANÉIS,Jn 18,27,3,"R$ 81,00",1,Produtos_Images/1f6a43e4.Imagem do Produto.012238.jpg,,,93,,,,,,
8c866b,AN094,ANÉIS,Jn 16,31,3,"R$ 93,00",1,Produtos_Images/a58c866b.Imagem do Produto.012327.jpg,,,94,,,,,,
3ffd20,AN095,ANÉIS,JN 22/24/14,"28,6",3,"R$ 85,80",2,Produtos_Images/003ffd20.Imagem do Produto.012503.jpg,,,95,,,,,,
325dd2,AN096,ANÉIS,Jn 18,29,3,"R$ 87,00",2,Produtos_Images/8b325dd2.Imagem do Produto.012611.jpg,,,96,,,,,,
f42f9b,AN097,ANÉIS,Jn 24,29,3,"R$ 87,00",1,Produtos_Images/acf42f9b.Imagem do Produto.012713.jpg,,,97,,,,,,
d5c473,AN098,ANÉIS,JN 20,29,3,"R$ 87,00",1,Produtos_Images/79d5c473.Imagem do Produto.012829.jpg,,,98,,,,,,
,,,,,,,,,,,,,,,,,
f34416,AN100,ANÉIS,Jn 14/16,25,3,"R$ 75,00",1,Produtos_Images/d9f34416.Imagem do Produto.013116.jpg,,,100,,,,,,
,,,,,,,,,,,,,,,,,
bde60f,AN102,ANÉIS,JN 20/22,29,3,"R$ 87,00",2,Produtos_Images/c7bde60f.Imagem do Produto.013332.jpg,,,102,,,,,,
,,,,,,,,,,,,,,,,,
6d46be,AN104,ANÉIS,JN 18/16,32,3,"R$ 96,00",2,Produtos_Images/9f6d46be.Imagem do Produto.013600.jpg,,,104,,,,,,
,,,,,,,,,,,,,,,,,
,,,,,,,,,,,,,,,,,
87bbde,AN107,ANÉIS,In 20,38,3,"R$ 114,00",3,Produtos_Images/0987bbde.Imagem do Produto.013832.jpg,,,107,,,,,,
8c7b1c,AN108,ANÉIS,JN 16/20/18/14/18,29,3,"R$ 87,00",5,Produtos_Images/998c7b1c.Imagem do Produto.014019.jpg,,411,108,,,,,,
a85f5c,AN109,ANÉIS,JN 18,"29,4",3,"R$ 88,20",1,Produtos_Images/16a85f5c.Imagem do Produto.014136.jpg,,,109,,,,,,
59f6ad,AN110,ANÉIS,JN 22/22,29,3,"R$ 87,00",2,Produtos_Images/9f59f6ad.Imagem do Produto.014238.jpg,,,110,,,,,,
7e30da,AN111,ANÉIS,JN 14,23,3,"R$ 69,00",1,Produtos_Images/317e30da.Imagem do Produto.014318.jpg,,,111,,,,,,
8d194f,AN112,ANÉIS,JN 14,18,3,"R$ 54,00",1,Produtos_Images/028d194f.Imagem do Produto.014416.jpg,,,112,,,,,,
b59c75,AN113,ANÉIS,JN 16/16/22/16,35,3,"R$ 105,00",4,Produtos_Images/c6b59c75.Imagem do Produto.014529.jpg,,,113,,,,,,
1941cf,AN114,ANÉIS,Jn 16/18/16/18/18,16,3,"R$ 48,00",5,Produtos_Images/4d1941cf.Imagem do Produto.014809.jpg,,,114,,,,,,
2e8c2e,AN115,ANÉIS,Jn /16/16/16/18/18/18/18,15,3,"R$ 45,00",7,Produtos_Images/bf2e8c2e.Imagem do Produto.015225.jpg,,,115,,,,,,
,,,,,,,,,,,,,,,,,
,,,,,,,,,,,,,,,,,
,,,,,,,,,,,,,,,,,
,,,,,,,,,,,,,,,,,
1f9435,AN120,ANÉIS,JL,40,3,"R$ 120,00",4,Produtos_Images/b61f9435.Imagem do Produto.020341.jpg,,,120,,,,,,
e47f69,BR411,BRINCOS,JL,29,3,"R$ 87,00",0,Produtos_Images/e47f6917.Imagem do Produto.020520.jpg,,411,,,,,,,
e17h6t,BR412,BRINCOS,JL,11,3,"R$ 33,00",7,Produtos_Images/e17h6t.Imagem do Produto.174033.jpg,,412,,,,,,,
,,,,,,,,,,,,,,,,,
9005196a,BR414,BRINCOS,Ev,15,3,"R$ 45,00",0,Produtos_Images/9005196a.Imagem do Produto.121603.jpg,,414,,,,,,,
8f3e3e,BR415,ANÉIS,JL 28,65,3,"R$ 195,00",0,Produtos_Images/018f3e3e.Imagem do Produto.125034.jpg,,415,,,,,,,
,,,,,,,,,,,,,,,,,
c1611a,AN121,ANÉIS,JN,43,3,"R$ 129,00",1,Produtos_Images/21c1611a.Imagem do Produto.125428.jpg,,,121,,,,,,
7d1219,AN122,ANÉIS,JN,45,3,"R$ 135,00",2,Produtos_Images/ab7d1219.Imagem do Produto.125534.jpg,,,122,,,,,,
b1ef24,AN123,ANÉIS,JN 18,33,3,"R$ 99,00",1,Produtos_Images/9cb1ef24.Imagem do Produto.125814.jpg,,,123,,,,,,
,,,,,,,,,,,,,,,,,
,,,,,,,,,,,,,,,,,
,,,,,,,,,,,,,,,,,
06a438,AN127,ANÉIS,JN  14,29,3,"R$ 87,00",1,Produtos_Images/c006a438.Imagem do Produto.131800.jpg,,,127,,,,,,
782de8,AN128,ANÉIS,JN 22,32,3,"R$ 96,00",1,Produtos_Images/61782de8.Imagem do Produto.132027.jpg,,,128,,,,,,
b86130,AN129,ANÉIS,JL 28,48,3,"R$ 144,00",1,Produtos_Images/20b86130.Imagem do Produto.132801.jpg,,,129,,,,,,
e5921f,AN130,ANÉIS,JN 39,13,3,"R$ 39,00",1,Produtos_Images/d2e5921f.Imagem do Produto.133016.jpg,,,130,,,,,,
,,,,,,,,,,,,,,,,,
,,,,,,,,,,,,,,,,,
85065b,AN133,ANÉIS,JL 20,30,3,"R$ 90,00",1,Produtos_Images/aa85065b.Imagem do Produto.133428.jpg,,,133,,,,,,
,,,,,,,,,,,,,,,,,
b7c7b5,AN135,ANÉIS,JN 22,15,3,"R$ 45,00",1,Produtos_Images/e5b7c7b5.Imagem do Produto.133828.jpg,,,135,,,,,,
6b3060,AN136,ANÉIS,JN 16,26,3,"R$ 78,00",2,Produtos_Images/086b3060.Imagem do Produto.141008.jpg,,,136,,,,,,
6f9c985c,BR417,BRINCOS,JL,21,3,"R$ 63,00",1,Produtos_Images/6f9c985c.Imagem do Produto.141051.jpg,,417,,,,,,,
7343a4eb,BR418,BRINCOS,JN,16,3,"R$ 48,00",0,Produtos_Images/7343a4eb.Imagem do Produto.141324.jpg,,418,,,,,,,
b029e4a3,BR419,BRINCOS,Ev,18,3,"R$ 54,00",0,Produtos_Images/b029e4a3.Imagem do Produto.145502.jpg,,419,137,,,,,,
eca5c303,BR420,BRINCOS,JL,8,3,"R$ 24,00",1,Produtos_Images/eca5c303.Imagem do Produto.145545.jpg,,420,,,,,,,
9f28bd,PUL001,PULSEIRAS,JN,63,3,"R$ 189,00",1,Produtos_Images/489f28bd.Imagem do Produto.174423.jpg,,,,1,,,,,
,,,,,,,,,,,,,,,,,
c7982d,PUL003,PULSEIRAS,JL,45,3,"R$ 135,00",2,Produtos_Images/2ec7982d.Imagem do Produto.181944.jpg,,,,3,,,,,
99c7aa,PUL004,PULSEIRAS,JL,"49,5",3,"R$ 148,50",1,Produtos_Images/5199c7aa.Imagem do Produto.182950.jpg,,,,4,,,,,
97e09b,PUL005,PULSEIRAS,JL,"46,5",3,"R$ 139,50",1,Produtos_Images/c997e09b.Imagem do Produto.183037.jpg,,,,5,,,,,
a42893,PUL006,PULSEIRAS,JL,32,3,"R$ 96,00",1,Produtos_Images/b0a42893.Imagem do Produto.183428.jpg,,,,6,,,,,
d7909d,PUL007,PULSEIRAS,JN,31,3,"R$ 93,00",2,Produtos_Images/4ad7909d.Imagem do Produto.183643.jpg,,,,7,,,,,
aeb637,PUL008,PULSEIRAS,JN,"21,5",3,"R$ 64,50",1,Produtos_Images/01aeb637.Imagem do Produto.184319.jpg,,,,8,,,,,
1986dd,PUL009,PULSEIRAS,JN,"16,5",3,"R$ 49,50",1,Produtos_Images/e11986dd.Imagem do Produto.184807.jpg,,,,9,,,,,
b6d4ab,PUL010,PULSEIRAS,JN,"17,5",3,"R$ 52,50",1,Produtos_Images/e8b6d4ab.Imagem do Produto.184923.jpg,,,,10,,,,,
4c404d37,PUL011,PULSEIRAS,JL,51,3,"R$ 153,00",1,Produtos_Images/4c404d37.Imagem do Produto.185257.jpg,,,,11,,,,,
40fa4f,PUL012,PULSEIRAS,JN,52,3,"R$ 156,00",3,Produtos_Images/1e40fa4f.Imagem do Produto.185408.jpg,,,,12,,,,,
0ea1d3,PUL013,PULSEIRAS,JN,"18,5",3,"R$ 55,50",1,Produtos_Images/e50ea1d3.Imagem do Produto.185453.jpg,,,,13,,,,,
249cc0,PUL014,PULSEIRAS,JL,"45,5",3,"R$ 136,50",0,Produtos_Images/6e249cc0.Imagem do Produto.185535.jpg,,,,14,,,,,
8abb69,PUL015,PULSEIRAS,JN,"36,5",3,"R$ 109,50",0,Produtos_Images/568abb69.Imagem do Produto.191234.jpg,,,,15,,,,,
4d17f8,PUL016,PULSEIRAS,JL,"48,5",3,"R$ 145,50",1,Produtos_Images/7b4d17f8.Imagem do Produto.191731.jpg,,,,16,,,,,
bddc01,PUL017,PULSEIRAS,JN,40,3,"R$ 120,00",1,Produtos_Images/bddc01fc.Imagem do Produto.191821.jpg,,,,17,,,,,
,,,,,,,,,,,,,,,,,
22c3fd,PUL019,PULSEIRAS,JN,"41,5",3,"R$ 124,50",1,Produtos_Images/ee22c3fd.Imagem do Produto.192154.jpg,,,,19,,,,,
028da6,PUL020,PULSEIRAS,JN,"58,5",3,"R$ 175,50",1,Produtos_Images/2d028da6.Imagem do Produto.201043.jpg,,,,20,,,,,
fbd2f2,PUL021,PULSEIRAS,JL,"38,33",3,"R$ 114,99",1,Produtos_Images/fbd2f2e3.Imagem do Produto.201355.jpg,,,,21,,,,,
52f743,PUL022,PULSEIRAS,JN,"32,5",3,"R$ 97,50",2,Produtos_Images/a952f743.Imagem do Produto.203159.jpg,,,,22,,,,,
,,,,,,,,,,,,,,,,,
f0d977,PUL024,PULSEIRAS,JN,"36,5",3,"R$ 109,50",1,Produtos_Images/91f0d977.Imagem do Produto.203602.jpg,,,,24,,,,,
,,,,,,,,,,,,,,,,,
,,,,,,,,,,,,,,,,,
2d3535,PUL025,PULSEIRAS,JN,"28,5",3,"R$ 85,50",1,Produtos_Images/c72d3535.Imagem do Produto.204751.jpg,,,,25,,,,,
27a792,PUL026,PULSEIRAS,JN,25,3,"R$ 75,00",1,Produtos_Images/5a27a792.Imagem do Produto.205308.jpg,,,,26,,,,,
99s5x4,PUL027,PULSEIRAS,JN,36,3,"R$ 108,00",2,Produtos_Images/7c993504.Imagem do Produto.205358.jpg,,,,27,,,,,
,,,,,,,,,,,,,,,,,
,,,,,,,,,,,,,,,,,
,,,,,,,,,,,,,,,,,
379837,PUL031,PULSEIRAS,JL,"33,5",3,"R$ 100,50",1,Produtos_Images/e5379837.Imagem do Produto.211047.jpg,,,,31,,,,,
a0564c94,PUL032,PULSEIRAS,JL,"29,66",3,"R$ 88,98",1,Produtos_Images/a0564c94.Imagem do Produto.211205.jpg,,,,32,,,,,
,,,,,,,,,,,,,,,,,
332094db,PUL034,PULSEIRAS,JN,26,3,"R$ 78,00",3,Produtos_Images/332094db.Imagem do Produto.211949.jpg,,,,34,,,,,
8c4b0a,PUL035,PULSEIRAS,JN,"26,5",3,"R$ 79,50",1,Produtos_Images/538c4b0a.Imagem do Produto.212531.jpg,,,,35,,,,,
,,,,,,,,,,,,,,,,,
796ce3,PUL037,PULSEIRAS,DM,43,3,"R$ 129,00",1,Produtos_Images/89796ce3.Imagem do Produto.213115.jpg,,,,37,,,,,
67a0b1,PUL038,PULSEIRAS,JN,"58,5",3,"R$ 175,50",0,Produtos_Images/4a67a0b1.Imagem do Produto.213456.jpg,,,,38,,,,,
a76a7f81,PUL039,PULSEIRAS,JN,49,3,"R$ 147,00",1,Produtos_Images/a76a7f81.Imagem do Produto.213502.jpg,,,,39,,,,,
6710b1,PUL040,PULSEIRAS,JN,42,3,"R$ 126,00",1,Produtos_Images/6710b11f.Imagem do Produto.213726.jpg,,,,40,,,,,
72341a,PUL041,PULSEIRAS,JN,40,3,"R$ 120,00",1,Produtos_Images/3672341a.Imagem do Produto.213932.jpg,,,,41,,,,,
0c0f30,PUL042,PULSEIRAS,JN,"26,5",3,"R$ 79,50",2,Produtos_Images/c80c0f30.Imagem do Produto.214208.jpg,,,,42,,,,,
,,,,,,,,,,,,,,,,,
869c8e,PUL044,PULSEIRAS,JL,66,3,"R$ 198,00",2,Produtos_Images/f7869c8e.Imagem do Produto.214708.jpg,,,,44,,,,,
,,,,,,,,,,,,,,,,,
93314e,PUL046,PULSEIRAS,JN,23,3,"R$ 69,00",1,Produtos_Images/0093314e.Imagem do Produto.223710.jpg,,,,46,,,,,
9cc3be,PUL047,PULSEIRAS,JL,"26,5",3,"R$ 79,50",1,Produtos_Images/ce9cc3be.Imagem do Produto.224135.jpg,,,,47,,,,,
74750c,PUL048,PULSEIRAS,JL,"36,5",3,"R$ 109,50",1,Produtos_Images/2d74750c.Imagem do Produto.224447.jpg,,,,48,,,,,
b42152,PUL049,PULSEIRAS,JL,"39,5",3,"R$ 118,50",1,Produtos_Images/34b42152.Imagem do Produto.224522.jpg,,,,49,,,,,
66cb64,PUL050,PULSEIRAS,JL,"39,5",3,"R$ 118,50",1,Produtos_Images/b866cb64.Imagem do Produto.224714.jpg,,,,50,,,,,
a0e67a59,PUL051,PULSEIRAS,JN,39,3,"R$ 117,00",1,Produtos_Images/a0e67a59.Imagem do Produto.230116.jpg,,,,51,,,,,
61ed46,PUL052,PULSEIRAS,JL,"39,5",3,"R$ 118,50",0,Produtos_Images/b461ed46.Imagem do Produto.230340.jpg,,,,52,,,,,
369537,PUL053,PULSEIRAS,JN Infantil,"18,5",3,"R$ 55,50",2,Produtos_Images/ed369537.Imagem do Produto.231737.jpg,,,,53,,,,,
730a48,PUL054,PULSEIRAS,JN infantil,23,3,"R$ 69,00",1,Produtos_Images/52730a48.Imagem do Produto.232001.jpg,,,,54,,,,,
59722191,PUL055,PULSEIRAS,JN infantil,13,3,"R$ 39,00",1,Produtos_Images/59722191.Imagem do Produto.232912.jpg,,,137,55,,,,,
a12f01,PUL056,PULSEIRAS,JN infantil,11,3,"R$ 33,00",1,Produtos_Images/3ca12f01.Imagem do Produto.232941.jpg,,,,56,,,,,
38cbaf,PUL057,PULSEIRAS,SB infantil,12,3,"R$ 36,00",1,Produtos_Images/f738cbaf.Imagem do Produto.233112.jpg,,,,57,,,,,
2da1ff,PUL058,PULSEIRAS,JN infantil,"16,5",3,"R$ 49,50",1,Produtos_Images/792da1ff.Imagem do Produto.233359.jpg,,,,58,,,,,
6812a10d,PUL059,PULSEIRAS,SB,"15,33",3,"R$ 45,99",1,Produtos_Images/6812a10d.Imagem do Produto.233516.jpg,,,,59,,,,,
855ad4,PUL060,PULSEIRAS,JN infantil,14,3,"R$ 42,00",0,Produtos_Images/3e855ad4.Imagem do Produto.233642.jpg,,,,60,,,,,
062fa1,PUL061,PULSEIRAS,JN infantil,"10,5",3,"R$ 31,50",1,Produtos_Images/63062fa1.Imagem do Produto.235342.jpg,,,,61,,,,,
1b81e8,PUL062,PULSEIRAS,SB,"18,5",3,"R$ 55,50",1,Produtos_Images/4e1b81e8.Imagem do Produto.235518.jpg,,,,62,,,,,
dab536,PUL063,PULSEIRAS,JN,"31,5",3,"R$ 94,50",1,Produtos_Images/8bdab536.Imagem do Produto.000031.jpg,,,,63,,,,,
I1EbA1,PUL064,PULSEIRAS,JN infantil,"18,5",3,"R$ 55,50",1,Produtos_Images/da587e34.Imagem do Produto.000614.jpg,,,,64,,,,,
36f321,PUL065,PULSEIRAS,JN,23,3,"R$ 69,00",0,Produtos_Images/e536f321.Imagem do Produto.000642.jpg,,,,65,,,,,
f48b65,PUL066,PULSEIRAS,SB,15,3,"R$ 45,00",1,Produtos_Images/83f48b65.Imagem do Produto.000815.jpg,,,,66,,,,,
,,,,,,,,,,,,,,,,,
f2dde7,PUL068,PULSEIRAS,JN,"28,5",3,"R$ 85,50",2,Produtos_Images/74f2dde7.Imagem do Produto.003826.jpg,,,,68,,,,,
8ef4a7,PUL069,PULSEIRAS,JL,"29,5",3,"R$ 88,50",1,Produtos_Images/8ef4a7f6.Imagem do Produto.003857.jpg,,,,69,,,,,
f5dafef4,TN001,TORNOZELEIRA,JN,19,3,"R$ 57,00",1,Produtos_Images/f5dafef4.Imagem do Produto.004017.jpg,,,,,,,1,,
7f808ddd,TN002,TORNOZELEIRA,JN,"16,33",3,"R$ 48,99",1,Produtos_Images/7f808ddd.Imagem do Produto.004135.jpg,,,,,,,2,,
09254f71,TN003,TORNOZELEIRA,JN,23,3,"R$ 69,00",1,Produtos_Images/09254f71.Imagem do Produto.004222.jpg,,,,,,,3,,
d7b7c90e,TN004,TORNOZELEIRA,JN,"19,66",3,"R$ 58,98",1,Produtos_Images/d7b7c90e.Imagem do Produto.004326.jpg,,,,,,,4,,
dedbbd25,TN005,TORNOZELEIRA,JN,20,3,"R$ 60,00",1,Produtos_Images/dedbbd25.Imagem do Produto.004509.jpg,,,,,,,5,,
,,,,,,,,,,,,,,,,,
,,,,,,,,,,,,,,,,,
c05f3e,PUL072,PULSEIRAS,JL,"36,5",3,"R$ 109,50",2,Produtos_Images/53c05f3e.Imagem do Produto.004924.jpg,,,,72,,,,,
b39531,PUL073,PULSEIRAS,JL,"36,5",3,"R$ 109,50",2,Produtos_Images/f8b39531.Imagem do Produto.005055.jpg,,,,73,,,,,
7c841d,PUL074,PULSEIRAS,JL,66,3,"R$ 198,00",2,Produtos_Images/237c841d.Imagem do Produto.005636.jpg,,,,74,,,,,
77348a,PUL075,PULSEIRAS,JL,66,3,"R$ 198,00",2,Produtos_Images/c177348a.Imagem do Produto.005834.jpg,,,,75,,,,,
95bb86,PUL076,PULSEIRAS,JL,66,3,"R$ 198,00",1,Produtos_Images/a095bb86.Imagem do Produto.005953.jpg,,,,76,,,,,
,,,,,,,,,,,,,,,,,
,,,,,,,,,,,,,,,,,
12f2be,PUL079,PULSEIRAS,JL,83,3,"R$ 249,00",1,Produtos_Images/b212f2be.Imagem do Produto.010238.jpg,,,,79,,,,,
5f4b64ef,PUL080,PULSEIRAS,JL,48,3,"R$ 144,00",1,Produtos_Images/5f4b64ef.Imagem do Produto.010428.jpg,,,,80,,,,,
7d0a77,PUL081,PULSEIRAS,JL,63,3,"R$ 189,00",1,Produtos_Images/857d0a77.Imagem do Produto.010531.jpg,,,,81,,,,,
a0200b,PUL082,PULSEIRAS,JL,37,3,"R$ 111,00",2,Produtos_Images/11a0200b.Imagem do Produto.010621.jpg,,,,82,,,,,
b46a5d,PUL083,PULSEIRAS,JL,45,3,"R$ 135,00",2,Produtos_Images/aeb46a5d.Imagem do Produto.011010.jpg,,,,83,,,,,
bffd94,PUL084,PULSEIRAS,DM,"33,5",3,"R$ 100,50",2,Produtos_Images/34bffd94.Imagem do Produto.011102.jpg,,,,84,,,,,
665cb0aa,PUL085,PULSEIRAS,Jm,"32,66",3,"R$ 97,98",1,Produtos_Images/665cb0aa.Imagem do Produto.011405.jpg,,,,85,,,,,
,,,,,,,,,,,,,,,,,
15G6R5,PUL087,PULSEIRAS,JL,53,3,"R$ 159,00",1,Produtos_Images/2e386e77.Imagem do Produto.115228.jpg,,,,87,,,,,
45a6d8,PUL088,PULSEIRAS,JL,53,3,"R$ 159,00",2,Produtos_Images/2145a6d8.Imagem do Produto.115412.jpg,,,,88,,,,,
0c885b,PUL089,PULSEIRAS,JL,53,3,"R$ 159,00",0,Produtos_Images/e60c885b.Imagem do Produto.115604.jpg,,,,89,,,,,
ddc7f6,PUL090,PULSEIRAS,JL,43,3,"R$ 129,00",0,Produtos_Images/7bddc7f6.Imagem do Produto.122106.jpg,,,,90,,,,,
,,,,,,,,,,,,,,,,,
4a4fe1a5,CD002,CORDÕES,JL,66,3,"R$ 198,00",1,Produtos_Images/4a4fe1a5.Imagem do Produto.132621.jpg,,,,,2,,,,
cfaa6673,CD003,CORDÕES,JL,55,3,"R$ 165,00",0,Produtos_Images/cfaa6673.Imagem do Produto.132906.jpg,,,,,3,,,,
ebe0cd,CD004,CORDÕES,JL,"56,5",3,"R$ 169,50",2,Produtos_Images/c8ebe0cd.Imagem do Produto.133145.jpg,,,,,4,,,,
d32fe2,CD005,CORDÕES,JN choker,54,3,"R$ 162,00",2,Produtos_Images/c2d32fe2.Imagem do Produto.134000.jpg,,,,,5,,,,
950a96ac,PUL091,CORDÕES,JN,83,3,"R$ 249,00",0,Produtos_Images/950a96ac.Imagem do Produto.134142.jpg,,,,91,,,,,
7875fc0f,CD006,CORDÕES,JL pérola,63,3,"R$ 189,00",1,Produtos_Images/7875fc0f.Imagem do Produto.134341.jpg,,,,,6,,,,
2aa6d402,CD007,CORDÕES,JL corrente,66,3,"R$ 198,00",0,Produtos_Images/2aa6d402.Imagem do Produto.134525.jpg,,,,,7,,,,
60c33d86,CD008,CORDÕES,JL corrente,74,3,"R$ 222,00",0,Produtos_Images/60c33d86.Imagem do Produto.134712.jpg,,,,,8,,,,
46366d57,CD009,CORDÕES,JN choker,65,3,"R$ 195,00",1,Produtos_Images/46366d57.Imagem do Produto.134747.jpg,,,,,9,,,,
24c17f,CD010,CORDÕES,JN choker,53,3,"R$ 159,00",2,Produtos_Images/7124c17f.Imagem do Produto.135119.jpg,,,,,10,,,,
041e7b,CD011,CORDÕES,JN choker,66,3,"R$ 198,00",1,Produtos_Images/041e7b20.Imagem do Produto.135229.jpg,,,,92,11,,,,
29890161,CD012,CORDÕES,JN choker,63,3,"R$ 189,00",0,Produtos_Images/29890161.Imagem do Produto.135414.jpg,,,,,12,,,,
f3282479,CD013,CORDÕES,JN,29,3,"R$ 87,00",1,Produtos_Images/f3282479.Imagem do Produto.135719.jpg,,,,,13,,,,
60b119be,CD014,CORDÕES,JN,37,3,"R$ 111,00",1,Produtos_Images/60b119be.Imagem do Produto.135907.jpg,,,,92,14,,,,
a2a071,CD015,CORDÕES,JN,63,3,"R$ 189,00",1,Produtos_Images/a2a0715b.Imagem do Produto.140358.jpg,,,,,15,,,,
0b6788e5,CJ009,CONJUNTOS,JN CJ,69,3,"R$ 207,00",1,Produtos_Images/0b6788e5.Imagem do Produto.144906.jpg,,,,,,9,,,
7f6bcf36,PUL092,CONJUNTOS,JL,83,3,"R$ 249,00",0,Produtos_Images/7f6bcf36.Imagem do Produto.150440.jpg,,,,92,,,,,
e1637e,AN137,ANÉIS,JN 20,49,3,"R$ 147,00",2,Produtos_Images/67e1637e.Imagem do Produto.163509.jpg,,,137,,,,,,
1693ac,AN138,ANÉIS,JN 16,30,3,"R$ 90,00",1,Produtos_Images/521693ac.Imagem do Produto.163718.jpg,,,138,,,,,,
64ca1a,AN139,ANÉIS,JN 20,51,3,"R$ 153,00",1,Produtos_Images/8b64ca1a.Imagem do Produto.164433.jpg,,,139,,,,,,
e79c36,AN140,ANÉIS,JN 14,31,3,"R$ 93,00",1,Produtos_Images/7ae79c36.Imagem do Produto.164842.jpg,,,140,,,,,,
bef5d8,AN141,ANÉIS,JN 18,36,3,"R$ 108,00",2,Produtos_Images/72bef5d8.Imagem do Produto.165037.jpg,,,141,,,,,,
1a0736,AN142,ANÉIS,JN,39,3,"R$ 117,00",3,Produtos_Images/a21a0736.Imagem do Produto.165225.jpg,,,142,,,,,,
188070,AN143,ANÉIS,JN 20,35,3,"R$ 105,00",2,Produtos_Images/f4188070.Imagem do Produto.165340.jpg,,,143,,,,,,
53584417,BR423,BRINCOS,JN,39,3,"R$ 117,00",0,Produtos_Images/53584417.Imagem do Produto.165917.jpg,,423,,,,,,,
ae42a320,BR424,BRINCOS,JN,46,3,"R$ 138,00",1,Produtos_Images/ae42a320.Imagem do Produto.170103.jpg,,424,,,,,,,
da016887,BR425,BRINCOS,JN,39,3,"R$ 117,00",1,Produtos_Images/da016887.Imagem do Produto.170149.jpg,,425,,,,,,,
,,,,,,,,,,,,,,,,,
933445f5,BR427,BRINCOS,JN,51,3,"R$ 153,00",1,Produtos_Images/933445f5.Imagem do Produto.170524.jpg,,427,,,,,,,
,,,,,,,,,,,,,,,,,
f1de7b28,PUL093,PULSEIRAS,JN,56,3,"R$ 168,00",1,Produtos_Images/f1de7b28.Imagem do Produto.184156.jpg,,,,93,,,,,
b05761c2,PUL094,PULSEIRAS,JN,70,3,"R$ 210,00",1,Produtos_Images/b05761c2.Imagem do Produto.184339.jpg,,,,94,,,,,
92e13dd9,PUL095,PULSEIRAS,JN,39,3,"R$ 117,00",1,Produtos_Images/92e13dd9.Imagem do Produto.205555.jpg,,,,95,,,,,
,,,,,,,,,,,,,,,,,
6be81824,PUL097,PULSEIRAS,JN,32,3,"R$ 96,00",1,Produtos_Images/6be81824.Imagem do Produto.205802.jpg,,,,97,,,,,
c2ecf21e,PUL098,PULSEIRAS,JN,39,3,"R$ 117,00",2,Produtos_Images/c2ecf21e.Imagem do Produto.210032.jpg,,,,98,,,,,
,,,,,,,,,,,,,,,,,
cb6cf9,AN144,ANÉIS,JN 20,47,3,"R$ 141,00",1,Produtos_Images/55cb6cf9.Imagem do Produto.233746.jpg,,,144,,,,,,
,,,,,,,,,,,,,,,,,
,,,,,,,,,,,,,,,,,
efb8c2,BR430,BRINCOS,JN,53,3,"R$ 159,00",1,Produtos_Images/efb8c2ce.Imagem do Produto.000600.jpg,,430,,,,,,,
f9dcbc0f,BR431,BRINCOS,JN,53,3,"R$ 159,00",1,Produtos_Images/f9dcbc0f.Imagem do Produto.000844.jpg,,431,,,,,,,
,,,,,,,,,,,,,,,,,
3d3ea66f,BR433,BRINCOS,JN,"36,5",3,"R$ 109,50",2,Produtos_Images/3d3ea66f.Imagem do Produto.001056.jpg,,433,,,,,,,
e353a538,BR434,BRINCOS,JN,23,3,"R$ 69,00",2,Produtos_Images/e353a538.Imagem do Produto.001443.jpg,,434,,,,,,,
582a07c4,BR435,BRINCOS,JN,26,3,"R$ 78,00",1,Produtos_Images/582a07c4.Imagem do Produto.002036.jpg,,435,,,,,,,
cdedb2e5,PUL100,PULSEIRAS,JN,36,3,"R$ 108,00",1,Produtos_Images/cdedb2e5.Imagem do Produto.002339.jpg,,,,100,,,,,
,,,,,,,,,,,,,,,,,
3171c0a9,PUL102,PULSEIRAS,JN,29,3,"R$ 87,00",1,Produtos_Images/3171c0a9.Imagem do Produto.002801.jpg,,,,102,,,,,
03deb7f1,PUL103,PULSEIRAS,JN,28,3,"R$ 84,00",1,Produtos_Images/03deb7f1.Imagem do Produto.002851.jpg,,,,103,,,,,
A23861,PUL104,PULSEIRAS,JN,28,3,"R$ 84,00",1,Produtos_Images/123861b3.Imagem do Produto.003016.jpg,,,,104,,,,,
,,,,,,,,,,,,,,,,,
113539a0,PUL106,PULSEIRAS,JN,19,3,"R$ 57,00",1,Produtos_Images/113539a0.Imagem do Produto.003527.jpg,,,,106,,,,,
caf5cf,PUL107,PULSEIRAS,JN,"28,5",3,"R$ 85,50",1,Produtos_Images/51caf5cf.Imagem do Produto.003727.jpg,,,,107,,,,,
0c7740,PUL108,PULSEIRAS,JN,19,3,"R$ 57,00",1,Produtos_Images/0c77405c.Imagem do Produto.003818.jpg,,,,108,,,,,
,,,,,,,,,,,,,,,,,
,,,,,,,,,,,,,,,,,
7a76f7,PUL111,PULSEIRAS,JN,40,3,"R$ 120,00",2,Produtos_Images/4b7a76f7.Imagem do Produto.004611.jpg,,,,111,,,,,
6aX97a,PUL112,PULSEIRAS,JN,"29,5",3,"R$ 88,50",1,Produtos_Images/2d068297.Imagem do Produto.005017.jpg,,,,112,,,,,
dcb868,PUL113,PULSEIRAS,JN,"32,5",3,"R$ 97,50",2,Produtos_Images/24dcb868.Imagem do Produto.005345.jpg,,,,113,,,,,
789fdd,PUL114,PULSEIRAS,JN,22,3,"R$ 66,00",1,Produtos_Images/f7789fdd.Imagem do Produto.005413.jpg,,,,114,,,,,
16c6be,PUL115,PULSEIRAS,JN,28,3,"R$ 84,00",1,Produtos_Images/16c6be3d.Imagem do Produto.005600.jpg,,,,115,,,,,
874cdb,PUL116,PULSEIRAS,JN,23,3,"R$ 69,00",1,Produtos_Images/59874cdb.Imagem do Produto.005654.jpg,,,,116,,,,,
f4ed58,PUL117,PULSEIRAS,JN,"18,5",3,"R$ 55,50",1,Produtos_Images/2af4ed58.Imagem do Produto.005821.jpg,,,,117,,,,,
12f6be,PUL118,PULSEIRAS,JN,"29,5",3,"R$ 88,50",1,Produtos_Images/5912f6be.Imagem do Produto.010228.jpg,,,,118,,,,,
d7e029,PUL119,PULSEIRAS,JN,28,3,"R$ 84,00",1,Produtos_Images/d7e029b4.Imagem do Produto.010534.jpg,,,,119,,,,,
2262ca,CD017,CORDÕES,JN,52,3,"R$ 156,00",1,Produtos_Images/2262ca3c.Imagem do Produto.011147.jpg,,,,,17,,,,
fe1213,CD018,CORDÕES,JL,126,3,"R$ 378,00",0,Produtos_Images/7efe1213.Imagem do Produto.011232.jpg,,,,,18,,,,
a1d569,CD019,CORDÕES,Jn,29,3,"R$ 87,00",1,Produtos_Images/fba1d569.Imagem do Produto.011433.jpg,,,,,19,,,,
,,,,,,,,,,,,,,,,,
623ed5,CD021,CORDÕES,JN,63,3,"R$ 189,00",1,Produtos_Images/623ed5.Imagem do Produto.164659.jpg,,,,120,21,,,,
d99cdf,CD022,CORDÕES,JN,37,3,"R$ 111,00",1,Produtos_Images/d99cdff0.Imagem do Produto.012120.jpg,,,,,22,,,,
,,,,,,,,,,,,,,,,,
8182ab,CD024,CORDÕES,JN,38,3,"R$ 114,00",0,Produtos_Images/318182ab.Imagem do Produto.012840.jpg,,,,,24,,,,
d9ca0f,CD025,CORDÕES,JN,49,3,"R$ 147,00",1,Produtos_Images/d9ca0fd8.Imagem do Produto.012928.jpg,,,,,25,,,,
a9cb74,CD026,CORDÕES,JN,46,3,"R$ 138,00",0,Produtos_Images/73a9cb74.Imagem do Produto.013134.jpg,,,,,26,,,,
16b80b,PUL120,CORDÕES,JN,23,3,"R$ 69,00",1,Produtos_Images/16b80bbd.Imagem do Produto.013546.jpg,,,,120,,,,,
677cc1,CD027,CORDÕES,JN,42,3,"R$ 126,00",1,Produtos_Images/677cc1aa.Imagem do Produto.013651.jpg,,,,,27,,,,
,,,,,,,,,,,,,,,,,
5dbcf5,CD029,CORDÕES,JL,66,3,"R$ 198,00",0,Produtos_Images/5dbcf5ca.Imagem do Produto.122119.jpg,,,,,29,,,,
9139ac,CD030,CORDÕES,JL,79,3,"R$ 237,00",1,Produtos_Images/9139aceb.Imagem do Produto.122430.jpg,,,,,30,,,,
,,,,,,,,,,,,,,,,,
5d7c8b,CD032,CORDÕES,JN,57,3,"R$ 171,00",1,Produtos_Images/5d7c8b5a.Imagem do Produto.122805.jpg,,,,,32,,,,
e07a8a,CD033,CORDÕES,JN,53,3,"R$ 159,00",0,Produtos_Images/e07a8aad.Imagem do Produto.122900.jpg,,,,,33,,,,
,,,,,,,,,,,,,,,,,
914d78,CD035,CORDÕES,JL,63,3,"R$ 189,00",1,Produtos_Images/e1914d78.Imagem do Produto.123633.jpg,,,,,35,,,,
08baf2,CD036,CORDÕES,JN,53,3,"R$ 159,00",1,Produtos_Images/08baf2fe.Imagem do Produto.131659.jpg,,,,,36,,,,
b2e653,CD037,CORDÕES,JL,66,3,"R$ 198,00",0,Produtos_Images/b2e6532e.Imagem do Produto.133151.jpg,,,,,37,,,,
,,,,,,,,,,,,,,,,,
e1747fd2,CD038,CORDÕES,JN,32,3,"R$ 96,00",1,Produtos_Images/e1747fd2.Imagem do Produto.133554.jpg,,,,,38,,,,
2c354298,CD039,CORDÕES,JN,27,3,"R$ 81,00",2,Produtos_Images/2c354298.Imagem do Produto.133726.jpg,,,,,39,,,,
b39013,CD040,CORDÕES,JN,33,3,"R$ 99,00",2,Produtos_Images/32b39013.Imagem do Produto.134954.jpg,,,,,40,,,,
ccd44b2b,CD041,CORDÕES,JL,163,3,"R$ 489,00",0,Produtos_Images/ccd44b2b.Imagem do Produto.135223.jpg,,,,,41,,,,
019f09,CD042,CORDÕES,JN,40,3,"R$ 120,00",1,Produtos_Images/019f0948.Imagem do Produto.135431.jpg,,,,,42,,,,
ab3559,CD043,CORDÕES,JN,29,3,"R$ 87,00",1,Produtos_Images/a8ab3559.Imagem do Produto.135746.jpg,,,,,43,,,,
c6074b,CD044,CORDÕES,JN,"32,5",3,"R$ 97,50",1,Produtos_Images/48c6074b.Imagem do Produto.135929.jpg,,,,,44,,,,
cba59f34,CD045,CORDÕES,JN,44,3,"R$ 132,00",1,Produtos_Images/cba59f34.Imagem do Produto.140012.jpg,,,,122,45,,,,
aac9780e,CD046,CORDÕES,JN,40,3,"R$ 120,00",2,Produtos_Images/aac9780e.Imagem do Produto.162820.jpg,,,,,46,,,,
5a8f3214,CD047,CORDÕES,JN,37,3,"R$ 111,00",1,Produtos_Images/5a8f3214.Imagem do Produto.163119.jpg,,,,,47,,,,
0748f8,CD048,CORDÕES,JN,40,3,"R$ 120,00",2,Produtos_Images/690748f8.Imagem do Produto.163417.jpg,,,,,48,,,,
,,,,,,,,,,,,,,,,,
0ba8d72a,CD050,CORDÕES,JN,70,3,"R$ 210,00",0,Produtos_Images/0ba8d72a.Imagem do Produto.163809.jpg,,,,,50,,,,
db643997,PUL122,PULSEIRAS,JN,26,3,"R$ 78,00",1,Produtos_Images/db643997.Imagem do Produto.164115.jpg,,,,122,,,,,
edbd25c5,CD051,CORDÕES,JN,50,3,"R$ 150,00",1,Produtos_Images/edbd25c5.Imagem do Produto.164852.jpg,,,,,51,,,,
709550,CD052,CORDÕES,JN,46,3,"R$ 138,00",1,Produtos_Images/0c709550.Imagem do Produto.165013.jpg,,,,,52,,,,
c10b16,CD053,CORDÕES,JN pérolas,"34,5",3,"R$ 103,50",1,Produtos_Images/5dc10b16.Imagem do Produto.165053.jpg,,,,,53,,,,
f391c2,CD054,CORDÕES,JN,53,3,"R$ 159,00",1,Produtos_Images/03f391c2.Imagem do Produto.171353.jpg,,,,,54,,,,
,,,,,,,,,,,,,,,,,
46f11a,CD056,CORDÕES,JN,"49,5",3,"R$ 148,50",1,Produtos_Images/fa46f11a.Imagem do Produto.171628.jpg,,,,,56,,,,
6b780bd7,CD057,CORDÕES,JN,"49,5",3,"R$ 148,50",1,Produtos_Images/6b780bd7.Imagem do Produto.171909.jpg,,,,,57,,,,
873f83,CD058,CORDÕES,JN,39,3,"R$ 117,00",1,Produtos_Images/17873f83.Imagem do Produto.172538.jpg,,,,,58,,,,
cd551932,CD059,CORDÕES,JN,37,3,"R$ 111,00",1,Produtos_Images/cd551932.Imagem do Produto.173437.jpg,,,,,59,,,,
,,,,,,,,,,,,,,,,,
62ce0b,CD061,CORDÕES,JN,"29,5",3,"R$ 88,50",2,Produtos_Images/3462ce0b.Imagem do Produto.173616.jpg,,,,,61,,,,
74c5ef,CD062,CORDÕES,JN choker,"26,5",3,"R$ 79,50",1,Produtos_Images/4374c5ef.Imagem do Produto.173838.jpg,,,,,62,,,,
f2e82a,CD063,CORDÕES,JN,42,3,"R$ 126,00",1,Produtos_Images/02f2e82a.Imagem do Produto.174556.jpg,,,,,63,,,,
,,,,,,,,,,,,,,,,,
d13ea2,CD065,CORDÕES,JN,78,3,"R$ 234,00",1,Produtos_Images/cdd13ea2.Imagem do Produto.175104.jpg,,,,,65,,,,
3fbdad32,CD066,CORDÕES,JN,33,3,"R$ 99,00",1,Produtos_Images/3fbdad32.Imagem do Produto.175241.jpg,,,,,66,,,,
,,,,,,,,,,,,,,,,,
,,,,,,,,,,,,,,,,,
,,,,,,,,,,,,,,,,,
cd16ae,CD069,CORDÕES,JN,63,3,"R$ 189,00",2,Produtos_Images/f3cd16ae.Imagem do Produto.182329.jpg,,,,,69,,,,
,,,,,,,,,,,,,,,,,
,,,,,,,,,,,,,,,,,
79e7c4,CD072,CORDÕES,JN,39,3,"R$ 117,00",1,Produtos_Images/7e79e7c4.Imagem do Produto.211514.jpg,,,,,72,,,,
dbff5a,CD073,CORDÕES,JN,"49,5",3,"R$ 148,50",2,Produtos_Images/86dbff5a.Imagem do Produto.211930.jpg,,,,,73,,,,
716afa,CD074,CORDÕES,JL,53,3,"R$ 159,00",0,Produtos_Images/7e716afa.Imagem do Produto.212425.jpg,,,,,74,,,,
2944b0,CD075,CORDÕES,JN,"37,5",3,"R$ 112,50",0,Produtos_Images/682944b0.Imagem do Produto.221339.jpg,,,,,75,,,,
0472fbcd,CD076,CORDÕES,JN,49,3,"R$ 147,00",1,Produtos_Images/0472fbcd.Imagem do Produto.221547.jpg,,,,,76,,,,
912c38,CD077,CORDÕES,JN,25,3,"R$ 75,00",1,Produtos_Images/94912c38.Imagem do Produto.221820.jpg,,,,,77,,,,
G1DY31,CD078,CORDÕES,JN,"31,5",3,"R$ 94,50",0,Produtos_Images/f5742e41.Imagem do Produto.225019.jpg,,,,,78,,,,
0d1be6,CD079,CORDÕES,JN,28,"4,8","R$ 134,40",2,Produtos_Images/250d1be6.Imagem do Produto.225126.jpg,,,,,79,,,,
,,,,,,,,,,,,,,,,,
86fc68,CD081,CORDÕES,JN,22,3,"R$ 66,00",1,Produtos_Images/d686fc68.Imagem do Produto.225406.jpg,,,,,81,,,,
e745fb,CD348,CORDÕES,JN,"32,5",3,"R$ 97,50",1,Produtos_Images/e745fbc4.Imagem do Produto.225505.jpg,,,,124,,,,,
,,,,,,,,,,,,,,,,,
,,,,,,,,,,,,,,,,,
,,,,,,,,,,,,,,,,,
be2363,CD084,CORDÕES,JN,"79,5",3,"R$ 238,50",1,Produtos_Images/e5be2363.Imagem do Produto.231125.jpg,,,,,84,,,,
45de66,CD085,CORDÕES,JN veneziana,26,3,"R$ 78,00",7,Produtos_Images/8145de66.Imagem do Produto.231231.jpg,,,,,85,,,,
ea36f7,CD086,CORDÕES,JL,"48,5",3,"R$ 145,50",0,Produtos_Images/f2ea36f7.Imagem do Produto.231644.jpg,,,,,86,,,,
,,,,,,,,,,,,,,,,,
e0b70da1,CD088,CORDÕES,JN,44,3,"R$ 132,00",1,Produtos_Images/e0b70da1.Imagem do Produto.231936.jpg,,,,,88,,,,
a206b1,CD089,CORDÕES,JN,44,3,"R$ 132,00",0,Produtos_Images/c4a206b1.Imagem do Produto.232137.jpg,,,,126,89,,,,
e2bb28,CD090,CORDÕES,JN,29,3,"R$ 87,00",2,Produtos_Images/49e2bb28.Imagem do Produto.232503.jpg,,,,,90,,,,
2c2a4b,CD091,CORDÕES,JN,31,3,"R$ 93,00",1,Produtos_Images/382c2a4b.Imagem do Produto.232709.jpg,,,,,91,,,,
fffc17,CD092,CORDÕES,JL,66,3,"R$ 198,00",0,Produtos_Images/5ffffc17.Imagem do Produto.234047.jpg,,,,,92,,,,
5f6b75,CD093,CORDÕES,JL,49,3,"R$ 147,00",0,Produtos_Images/105f6b75.Imagem do Produto.234052.jpg,,,,,93,,,,
bc3459,CD094,CORDÕES,WDF,"21,5",3,"R$ 64,50",1,Produtos_Images/a5bc3459.Imagem do Produto.234056.jpg,,,,,94,,,,
1fc598,CD095,CORDÕES,JL,43,3,"R$ 129,00",1,Produtos_Images/671fc598.Imagem do Produto.234153.jpg,,,,,95,,,,
6d3952,CD096,CORDÕES,JL,43,3,"R$ 129,00",0,Produtos_Images/2c6d3952.Imagem do Produto.234245.jpg,,,,,96,,,,
e8cf86,CD097,CORDÕES,JN,22,3,"R$ 66,00",1,Produtos_Images/83e8cf86.Imagem do Produto.234622.jpg,,,,,97,,,,
0c5975,CD098,CORDÕES,JL,56,3,"R$ 168,00",1,Produtos_Images/440c5975.Imagem do Produto.235507.jpg,,,,,98,,,,
b41eae6c,CD099,CORDÕES,JL,"73,5",3,"R$ 220,50",1,Produtos_Images/b41eae6c.Imagem do Produto.001603.jpg,,,,,99,,,,
,,,,,,,,,,,,,,,,,
0c72627f,CD101,CORDÕES,JL,66,3,"R$ 198,00",0,Produtos_Images/0c72627f.Imagem do Produto.002200.jpg,,,,,101,,,,
,,,,,,,,,,,,,,,,,
99f1171b,CD103,CORDÕES,JN,46,3,"R$ 138,00",1,Produtos_Images/99f1171b.Imagem do Produto.002521.jpg,,,,,103,,,,
0745e13f,CD104,CORDÕES,JN,23,3,"R$ 69,00",0,Produtos_Images/0745e13f.Imagem do Produto.002819.jpg,,,,,104,,,,
a4cb02,CD105,CORDÕES,JN,"49,5",3,"R$ 148,50",1,Produtos_Images/9aa4cb02.Imagem do Produto.002949.jpg,,,,,105,,,,
628503,CD106,CORDÕES,JN,23,3,"R$ 69,00",1,Produtos_Images/de628503.Imagem do Produto.003012.jpg,,,,,106,,,,
,,,,,,,,,,,,,,,,,
81f819,CD108,CORDÕES,JL,46,3,"R$ 138,00",1,Produtos_Images/4b81f819.Imagem do Produto.004456.jpg,,,,,108,,,,
5ce592,CD109,CORDÕES,JL,45,3,"R$ 135,00",1,Produtos_Images/985ce592.Imagem do Produto.004751.jpg,,,,,109,,,,
,,,,,,,,,,,,,,,,,
6008c8,CD111,CORDÕES,JL,66,3,"R$ 198,00",1,Produtos_Images/4c6008c8.Imagem do Produto.005019.jpg,,,,,111,,,,
,,,,,,,,,,,,,,,,,
10655c,CD113,CORDÕES,JN,"49,5",3,"R$ 148,50",1,Produtos_Images/c210655c.Imagem do Produto.005301.jpg,,,,,113,,,,
4fe521,CD114,CORDÕES,JN,45,3,"R$ 135,00",1,Produtos_Images/4fe521d4.Imagem do Produto.005518.jpg,,,,,114,,,,
161c44,CD115,CORDÕES,JL,83,3,"R$ 249,00",1,Produtos_Images/83161c44.Imagem do Produto.005720.jpg,,,,,115,,,,
d033c7,CD116,CORDÕES,JN,23,3,"R$ 69,00",2,Produtos_Images/1dd033c7.Imagem do Produto.010022.jpg,,,,,116,,,,
86ea41,CD117,CORDÕES,JL,55,3,"R$ 165,00",1,Produtos_Images/2086ea41.Imagem do Produto.130257.jpg,,,,,117,,,,
,,,,,,,,,,,,,,,,,
af7b07,CD119,CORDÕES,JN,66,3,"R$ 198,00",1,Produtos_Images/76af7b07.Imagem do Produto.131925.jpg,,,,,119,,,,
fd14a0,CD120,CORDÕES,JN,"46,5",3,"R$ 139,50",1,Produtos_Images/93fd14a0.Imagem do Produto.132811.jpg,,,,,120,,,,
ae7fa3,CD121,CORDÕES,JN pedrinhas coloridas,26,3,"R$ 78,00",1,Produtos_Images/bbae7fa3.Imagem do Produto.133917.jpg,,,,,121,,,,
,,,,,,,,,,,,,,,,,
598db0,CD122,CORDÕES,JN colar longo com pedrinhas,40,3,"R$ 120,00",1,Produtos_Images/99598db0.Imagem do Produto.184151.jpg,,,,,122,,,,
374448,CD123,CORDÕES,SF,49,3,"R$ 147,00",1,Produtos_Images/d0374448.Imagem do Produto.220618.jpg,,,,,123,,,,
9c80e0,CD124,CORDÕES,JL colar pérolas,65,3,"R$ 195,00",1,Produtos_Images/059c80e0.Imagem do Produto.221000.jpg,,,,,124,,,,
,,,,,,,,,,,,,,,,,
,,,,,,,,,,,,,,,,,
9f025a,CD127,CORDÕES,JN shocker corrente,33,3,"R$ 99,00",1,Produtos_Images/d79f025a.Imagem do Produto.222111.jpg,,,,,127,,,,
10ec3c,CD128,CORDÕES,JN choker correte,40,3,"R$ 120,00",1,Produtos_Images/4610ec3c.Imagem do Produto.222605.jpg,,,,,128,,,,
,,,,,,,,,,,,,,,,,
acecb6,CD130,CORDÕES,JN choker correte com pingente,"41,5",3,"R$ 124,50",2,Produtos_Images/12acecb6.Imagem do Produto.223011.jpg,,,,,130,,,,
5211ae,CD131,CORDÕES,JN choker malha,49,3,"R$ 147,00",1,Produtos_Images/9d5211ae.Imagem do Produto.223235.jpg,,,,,131,,,,
c05235,CD132,CORDÕES,JN choker,"41,5",3,"R$ 124,50",1,Produtos_Images/a3c05235.Imagem do Produto.223642.jpg,,,,,132,,,,
989c93,CD133,CORDÕES,JN gravatinha,41,3,"R$ 123,00",1,Produtos_Images/d7989c93.Imagem do Produto.224000.jpg,,,,,133,,,,
f3f10a,CD134,CORDÕES,ME veneziana 60 cm,45,3,"R$ 135,00",1,Produtos_Images/f3f10a1b.Imagem do Produto.224140.jpg,,,,,134,,,,
9ed516,CD135,CORDÕES,JL triplo,55,3,"R$ 165,00",1,Produtos_Images/719ed516.Imagem do Produto.224657.jpg,,,,,135,,,,
7b88a6,CD136,CORDÕES,JL colar orgânico medio,65,3,"R$ 195,00",0,Produtos_Images/627b88a6.Imagem do Produto.225308.jpg,,,,,136,,,,
d09424,CD137,CORDÕES,JN correte grossa,63,3,"R$ 189,00",1,Produtos_Images/cad09424.Imagem do Produto.225445.jpg,,,,,137,,,,
3d8bc4,CD138,CORDÕES,JL correte grossa,"56,5",3,"R$ 169,50",1,Produtos_Images/bd3d8bc4.Imagem do Produto.225659.jpg,,,,,138,,,,
c5519a,CD139,CORDÕES,JL correte grossa,55,3,"R$ 165,00",1,Produtos_Images/60c5519a.Imagem do Produto.225951.jpg,,,,,139,,,,
a480a3,CD140,CORDÕES,JL colar bolinhas douradas curto,53,3,"R$ 159,00",0,Produtos_Images/48a480a3.Imagem do Produto.230052.jpg,,,,127,140,,,,
f3a7f0,CD141,CORDÕES,JL ckoher esfera ouro branco,"41,5",3,"R$ 124,50",0,Produtos_Images/50f3a7f0.Imagem do Produto.230230.jpg,,,,,141,,,,
aee4ea,CD142,CORDÕES,JL corrente grossa elo cadeado,55,3,"R$ 165,00",0,Produtos_Images/d9aee4ea.Imagem do Produto.230408.jpg,,,,,142,,,,
0ba5a7,CD143,CORDÕES,JL choker esfera ouro negro,"41,5",3,"R$ 124,50",1,Produtos_Images/f80ba5a7.Imagem do Produto.230603.jpg,,,,,143,,,,
44d7ac,CD144,CORDÕES,JL colar orgânico medio,53,3,"R$ 159,00",0,Produtos_Images/da44d7ac.Imagem do Produto.230849.jpg,,,,,144,,,,
7b66a8,CD145,CORDÕES,JL colar pérola com ping flor,"79,5",3,"R$ 238,50",0,Produtos_Images/df7b66a8.Imagem do Produto.231104.jpg,,,,,145,,,,
1BH6aR,CD146,CORDÕES,JL choker larga,98,3,"R$ 294,00",0,Produtos_Images/af125e88.Imagem do Produto.231529.jpg,,,,,146,,,,
9fcf90,CD147,CORDÕES,JL colar luxo pedra olho de tigre,119,3,"R$ 357,00",0,Produtos_Images/009fcf90.Imagem do Produto.235924.jpg,,,,,147,,,,
bec09d,CD148,CORDÕES,JL,80,3,"R$ 240,00",0,Produtos_Images/6fbec09d.Imagem do Produto.164733.jpg,,,,,148,,,,
10f979,CD149,CORDÕES,JL colar maxi N Senhora,83,3,"R$ 249,00",0,Produtos_Images/3a10f979.Imagem do Produto.165119.jpg,,,,,149,,,,
47e96d,CD150,CORDÕES,DWF riviera rosa pink,45,3,"R$ 135,00",1,Produtos_Images/47e96d64.Imagem do Produto.165327.jpg,,,,,150,,,,
4bb6a8,CD151,CORDÕES,NI colar prata com pêndulo,30,3,"R$ 90,00",1,Produtos_Images/2d4bb6a8.Imagem do Produto.165502.jpg,,,,,151,,,,
,,,,,,,,,,,,,,,,,
29f46a,CD153,CORDÕES,JL choker corrente ouro branco,32,3,"R$ 96,00",0,Produtos_Images/5e29f46a.Imagem do Produto.165904.jpg,,,,127,153,,,,
,,,,,,,,,,,,,,,,,
ccb4e4,CD155,CORDÕES,JL colar esfera preta,45,3,"R$ 135,00",0,Produtos_Images/c3ccb4e4.Imagem do Produto.170417.jpg,,,,,155,,,,
,,,,,,,,,,,,,,,,,
AX15R5,CD157,CORDÕES,JL Elo português,63,3,"R$ 189,00",0,Produtos_Images/8e333e66.Imagem do Produto.170717.jpg,,,,,157,,,,
50efd2a5,CD158,CORDÕES,JL cordão corrente longo,56,3,"R$ 168,00",1,Produtos_Images/50efd2a5.Imagem do Produto.170848.jpg,,,,,158,,,,
5512c9,CD159,CORDÕES,JL colar pérola fita longo,"76,5",3,"R$ 229,50",0,Produtos_Images/675512c9.Imagem do Produto.171045.jpg,,,,,159,,,,
5e4bf3,CD160,CORDÕES,JL colar longo orgânico,99,3,"R$ 297,00",0,Produtos_Images/015e4bf3.Imagem do Produto.171402.jpg,,,,,160,,,,
717cc8,CD161,CORDÕES,JL artesanal preto,63,3,"R$ 189,00",1,Produtos_Images/ed717cc8.Imagem do Produto.171533.jpg,,,,,161,,,,
340149,CD162,CORDÕES,JL colar maxi correte pedra verde,83,3,"R$ 249,00",1,Produtos_Images/f7340149.Imagem do Produto.171803.jpg,,,,,162,,,,
d7d02b,CD163,CORDÕES,JL colar corrente máxi coração pedra,145,3,"R$ 435,00",1,Produtos_Images/d9d7d02b.Imagem do Produto.171948.jpg,,,,,163,,,,
5c975a,CD164,CORDÕES,JL choker aro ouro branco,186,3,"R$ 558,00",1,Produtos_Images/a25c975a.Imagem do Produto.172146.jpg,,,,,164,,,,
3db79c,CD165,CORDÕES,JL,"79,5",3,"R$ 238,50",0,Produtos_Images/603db79c.Imagem do Produto.172756.jpg,,,,,165,,,,
5c001d,CD166,CORDÕES,JL colar pérola cascata,"79,5",3,"R$ 238,50",0,Produtos_Images/8a5c001d.Imagem do Produto.173358.jpg,,,,,166,,,,
0987f1,CD167,CORDÕES,JK Aro flor,83,3,"R$ 249,00",0,Produtos_Images/390987f1.Imagem do Produto.174030.jpg,,,,,167,,,,
e94309,CD168,CORDÕES,JL aro pedrinhas rosa,73,3,"R$ 219,00",1,Produtos_Images/b6e94309.Imagem do Produto.174157.jpg,,,,,168,,,,
12d92c,CD169,CORDÕES,JL aro largo,89,3,"R$ 267,00",0,Produtos_Images/4c12d92c.Imagem do Produto.174433.jpg,,,,,169,,,,
123a2x,CD170,CORDÕES,JL aro ouro branco,"56,5",3,"R$ 169,50",1,Produtos_Images/b5357e11.Imagem do Produto.174628.jpg,,,,,170,,,,
885a96,CD171,CORDÕES,JO aro matelado,53,3,"R$ 159,00",1,Produtos_Images/9b885a96.Imagem do Produto.174811.jpg,,,,,171,,,,
2bba8f,CD172,CORDÕES,JL Ari ouro branco ondulado,53,3,"R$ 159,00",0,Produtos_Images/602bba8f.Imagem do Produto.175004.jpg,,,,,172,,,,
76f87d,CD173,CORDÕES,JL aro ondulado dourado,59,3,"R$ 177,00",1,Produtos_Images/cf76f87d.Imagem do Produto.175159.jpg,,,,,173,,,,
f600a6,CD174,CORDÕES,JL correte longa negro,"59,5",3,"R$ 178,50",0,Produtos_Images/dbf600a6.Imagem do Produto.175951.jpg,,,,,174,,,,
,,,,,,,,,,,,,,,,,
25f1d5,CD176,CORDÕES,JK colar longo negro,"59,5",3,"R$ 178,50",0,Produtos_Images/7a25f1d5.Imagem do Produto.180723.jpg,,,,,176,,,,
29c1af,PUL127,CORDÕES,JL colar negro coração esferas,"86,5",3,"R$ 259,50",0,Produtos_Images/29c1af62.Imagem do Produto.181140.jpg,,,,127,,,,,
a9a2ab,CD177,CORDÕES,JL,"89,5",3,"R$ 268,50",0,Produtos_Images/b1a9a2ab.Imagem do Produto.181325.jpg,,,,,177,,,,
a6abc8,CD178,CORDÕES,JL correste negro,33,3,"R$ 99,00",0,Produtos_Images/eea6abc8.Imagem do Produto.181525.jpg,,,,,178,,,,
66966a,CD179,CORDÕES,JL cristais preto,33,3,"R$ 99,00",0,Produtos_Images/0e66966a.Imagem do Produto.181700.jpg,,,,,179,,,,
b8eb94,CD180,CORDÕES,JL corrente preta,49,3,"R$ 147,00",0,Produtos_Images/e9b8eb94.Imagem do Produto.182043.jpg,,,,,180,,,,
e64908,CD181,CORDÕES,JL corrente tripla negro e dourado,63,3,"R$ 189,00",0,Produtos_Images/e6e64908.Imagem do Produto.182223.jpg,,,,,181,,,,
,,,,,,,,,,,,,,,,,
,,,,,,,,,,,,,,,,,
f40a21,CJ010,CONJUNTOS,JL aro,88,3,"R$ 264,00",1,Produtos_Images/62f40a21.Imagem do Produto.190524.jpg,,,,127,184,10,,,
,,,,,,,,,,,,,,,,,
,,,,,,,,,,,,,,,,,
021ed4,CJ013,CONJUNTOS,JL conj pêndulo,186,3,"R$ 558,00",0,Produtos_Images/dd021ed4.Imagem do Produto.191626.jpg,,,,,,13,,,
,,,,,,,,,,,,,,,,,
9c41fa,CJ015,CONJUNTOS,JN,68,3,"R$ 204,00",0,Produtos_Images/019c41fa.Imagem do Produto.192100.jpg,,,,,,15,,,
28fe0e,CJ016,CONJUNTOS,JN conj longo,"129,5",3,"R$ 388,50",1,Produtos_Images/7b28fe0e.Imagem do Produto.192541.jpg,,,,,,16,,,
5ef559,CJ017,CONJUNTOS,JL,"152,5",3,"R$ 457,50",1,Produtos_Images/525ef559.Imagem do Produto.192914.jpg,,,,,,17,,,
980d7f,CJ018,CONJUNTOS,ME,"83,5",3,"R$ 250,50",1,Produtos_Images/96980d7f.Imagem do Produto.193201.jpg,,,,,,18,,,
412d02,CJ019,CONJUNTOS,JL pedra verde gota,"98,5",3,"R$ 295,50",1,Produtos_Images/01412d02.Imagem do Produto.193950.jpg,,,,,,19,,,
,,,,,,,,,,,,,,,,,
3203d7,CJ021,CONJUNTOS,SF cristal,92,3,"R$ 276,00",1,Produtos_Images/2b3203d7.Imagem do Produto.194753.jpg,,,,,,21,,,
1e9e3eae,CD184,CORDÕES,JN choker,37,3,"R$ 111,00",1,Produtos_Images/1e9e3eae.Imagem do Produto.235350.jpg,,,,,184,,,,
a37c7566,CJ022,CONJUNTOS,JL,76,3,"R$ 228,00",0,Produtos_Images/a37c7566.Imagem do Produto.000652.jpg,,,,,,22,,,
da7d9bf9,CJ023,CONJUNTOS,JN vc coração pequeno,48,3,"R$ 144,00",0,Produtos_Images/da7d9bf9.Imagem do Produto.001016.jpg,,,,,,23,,,
616a078b,CJ024,CONJUNTOS,JL cj  pedra rosa claro,79,3,"R$ 237,00",1,Produtos_Images/616a078b.Imagem do Produto.111150.jpg,,,,,,24,,,
2c6d5e,AN145,ANÉIS,JN aparador 16,35,3,"R$ 105,00",1,Produtos_Images/332c6d5e.Imagem do Produto.112514.jpg,,,145,,,,,,
f5972f,AN146,ANÉIS,JN triplo 20,54,3,"R$ 162,00",1,Produtos_Images/baf5972f.Imagem do Produto.112722.jpg,,,146,,,,,,
9e79a8,AN147,ANÉIS,JN 22,40,3,"R$ 120,00",1,Produtos_Images/309e79a8.Imagem do Produto.112852.jpg,,,147,,,,,,
,,,,,,,,,,,,,,,,,
e9d663,AN149,ANÉIS,JN 28,71,3,"R$ 213,00",1,Produtos_Images/72e9d663.Imagem do Produto.113058.jpg,,,149,,,,,,
9d8468,AN150,ANÉIS,JN 20 aparador,28,3,"R$ 84,00",1,Produtos_Images/b09d8468.Imagem do Produto.113142.jpg,,,150,,,,,,
7f5bb2,AN151,ANÉIS,JN,26,3,"R$ 78,00",1,Produtos_Images/ed7f5bb2.Imagem do Produto.113333.jpg,,,151,,,,,,
bf0f1d,AN152,ANÉIS,JN,22,3,"R$ 66,00",1,Produtos_Images/59bf0f1d.Imagem do Produto.113412.jpg,,,152,,,,,,
a6cb3d,AN153,ANÉIS,JN,18,3,"R$ 54,00",2,Produtos_Images/1ea6cb3d.Imagem do Produto.113511.jpg,,,153,,,,,,
b6deef,AN154,ANÉIS,JN 22,42,3,"R$ 126,00",3,Produtos_Images/38b6deef.Imagem do Produto.121531.jpg,,,154,,,,,,
,,,,,,,,,,,,,,,,,
ea16da,AN155,ANÉIS,JM folhas,34,3,"R$ 102,00",2,Produtos_Images/49ea16da.Imagem do Produto.183704.jpg,,,155,,,,,,
bc16bd,AN156,ANÉIS,JN orgânico,31,3,"R$ 93,00",1,Produtos_Images/62bc16bd.Imagem do Produto.184919.jpg,,,156,,,,,,
9a425299,BR437,BRINCOS,Ev,"14,75",4,"R$ 59,00",1,Produtos_Images/9a425299.Imagem do Produto.143754.jpg,,437,,,,,,,
6c3c0728,BR438,BRINCOS,Ev cravejado colorido,"17,25",4,"R$ 69,00",1,Produtos_Images/6c3c0728.Imagem do Produto.144131.jpg,,438,,,,,,,
a20867,AN157,ANÉIS,JN duplo,41,3,"R$ 123,00",1,Produtos_Images/57a20867.Imagem do Produto.163829.jpg,,,157,,,,,,
febdf7,AN158,ANÉIS,JN plaquinha,17,3,"R$ 51,00",2,Produtos_Images/adfebdf7.Imagem do Produto.163954.jpg,,,158,,,,,,
,,,,,,,,,,,,,,,,,
750dea,AN160,ANÉIS,JN corações,28,3,"R$ 84,00",1,Produtos_Images/e9750dea.Imagem do Produto.164336.jpg,,,160,,,,,,
629ef5,AN161,ANÉIS,JN coração,23,3,"R$ 69,00",2,Produtos_Images/d5629ef5.Imagem do Produto.164445.jpg,,,161,,,,,,
dfdcb9,AN162,ANÉIS,JN de X,33,3,"R$ 99,00",2,Produtos_Images/98dfdcb9.Imagem do Produto.164529.jpg,,,162,,,,,,
,,,,,,,,,,,,,,,,,
40d15b,AN164,ANÉIS,JN trancinha,26,3,"R$ 78,00",1,Produtos_Images/3640d15b.Imagem do Produto.164821.jpg,,,164,,,,,,
807fb5,AN165,ANÉIS,JN aparador,37,3,"R$ 111,00",2,Produtos_Images/2d807fb5.Imagem do Produto.164906.jpg,,,165,,,,,,
b2309f,AN166,ANÉIS,JN aparador,36,3,"R$ 108,00",1,Produtos_Images/a2b2309f.Imagem do Produto.165123.jpg,,,166,,,,,,
fef180,AN167,ANÉIS,JN aparador,40,3,"R$ 120,00",1,Produtos_Images/fbfef180.Imagem do Produto.165208.jpg,,,167,,,,,,
,,,,,,,,,,,,,,,,,
,,,,,,,,,,,,,,,,,
33bcb7,CJ026,CONJUNTOS,SB,32,3,"R$ 96,00",1,Produtos_Images/3033bcb7.Imagem do Produto.194810.jpg,,,,,,26,,,
8dfdaa,CJ027,CONJUNTOS,JN,"59,66",3,"R$ 178,98",1,Produtos_Images/6d8dfdaa.Imagem do Produto.195158.jpg,,,,,,27,,,
,,,,,,,,,,,,,,,,,
,,,,,,,,,,,,,,,,,
7982fd,PUL124,PULSEIRAS,JN,18,3,"R$ 54,00",1,Produtos_Images/7982fdd9.Imagem do Produto.203247.jpg,,,,124,,,,,
5bedf764,BR439,BRINCOS,JN,44,3,"R$ 132,00",1,Produtos_Images/5bedf764.Imagem do Produto.203423.jpg,,439,,,,,,,
ca201241,CJ028,CORDÕES,JN,37,3,"R$ 111,00",-1,Produtos_Images/ca201241.Imagem do Produto.204849.jpg,,,,,,28,,,
93ded6,AN170,ANÉIS,JL,46,3,"R$ 138,00",2,Produtos_Images/d393ded6.Imagem do Produto.215935.jpg,,,170,,,,,,
,,,,,,,,,,,,,,,,,
187f64,AN172,ANÉIS,JN,48,3,"R$ 144,00",2,Produtos_Images/62187f64.Imagem do Produto.220404.jpg,,,172,,,,,,
2f0a82,CD185,CORDÕES,JN,33,3,"R$ 99,00",1,Produtos_Images/2f0a8267.Imagem do Produto.223121.jpg,,,,,185,,,,
,,,,,,,,,,,,,,,,,
edafdbcb,BR440,BRINCOS,EV,18,3,"R$ 54,00",1,Produtos_Images/edafdbcb.Imagem do Produto.001448.jpg,,440,,,187,,,,
,,,,,,,,,,,,,,,,,
,,,,,,,,,,,,,,,,,
9d6a8c28,CJ029,CONJUNTOS,JL,113,3,"R$ 339,00",0,Produtos_Images/9d6a8c28.Imagem do Produto.012548.jpg,,,,,,29,,,
94c60bf0,CD187,CORDÕES,JL,54,3,"R$ 162,00",1,Produtos_Images/94c60bf0.Imagem do Produto.012745.jpg,,,,,187,,,,
769fc992,CD188,CORDÕES,JL aro,90,3,"R$ 270,00",0,Produtos_Images/769fc992.Imagem do Produto.012928.jpg,,,,,188,,,,
,,,,,,,,,,,,,,,,,
74cdfc3d,PUL126,PULSEIRAS,JL,59,3,"R$ 177,00",1,Produtos_Images/74cdfc3d.Imagem do Produto.155858.jpg,,,,126,,,,,
effce9,CJ030,CONJUNTOS,JL colorido,60,3,"R$ 180,00",1,Produtos_Images/5aeffce9.Imagem do Produto.231347.jpg,,,,,,30,,,
1c64b2,CJ031,CONJUNTOS,SB,"32,5",3,"R$ 97,50",4,Produtos_Images/a81c64b2.Imagem do Produto.231514.jpg,,,,,,31,,,
,,,,,,,,,,,,,,,,,
1b3d0a,CJ033,CONJUNTOS,SB,26,3,"R$ 78,00",0,Produtos_Images/a81b3d0a.Imagem do Produto.231712.jpg,,,,,,33,,,
b6438f,CJ034,CONJUNTOS,SB,35,3,"R$ 105,00",1,Produtos_Images/c0b6438f.Imagem do Produto.231832.jpg,,,,,,34,,,
d4557c,CJ035,CONJUNTOS,SF,"65,5",3,"R$ 196,50",0,Produtos_Images/ead4557c.Imagem do Produto.231917.jpg,,,,,,35,,,
a1cd6d,CJ036,CONJUNTOS,SB,83,3,"R$ 249,00",1,Produtos_Images/20a1cd6d.Imagem do Produto.232001.jpg,,,,,,36,,,
,,,,,,,,,,,,,,,,,
19729f,CJ038,CONJUNTOS,SB,29,3,"R$ 87,00",1,Produtos_Images/a319729f.Imagem do Produto.232132.jpg,,,,,,38,,,
8598d0,CJ039,CONJUNTOS,JN,55,3,"R$ 165,00",0,Produtos_Images/078598d0.Imagem do Produto.232232.jpg,,,,,,39,,,
30a333,CJ040,CONJUNTOS,JL,22,3,"R$ 66,00",0,Produtos_Images/9a30a333.Imagem do Produto.232318.jpg,,,,,,40,,,
c06700,CJ041,CONJUNTOS,SB infantil,32,3,"R$ 96,00",1,Produtos_Images/1dc06700.Imagem do Produto.215151.jpg,,,,,,41,,,
3f66b0,AN173,ANÉIS,JL ouro Branco,66,3,"R$ 198,00",0,Produtos_Images/3f66b0.Imagem do Produto.182854.jpg,,,173,,,,,,
,,,,,,,,,,,,,,,,,
,,,,,,,,,,,,,,,,,
b315cf,AN176,ANÉIS,JL,39,3,"R$ 117,00",2,Produtos_Images/b315cf.Imagem do Produto.183251.jpg,,,176,,,,,,
d13d7f,AN177,ANÉIS,JN,32,3,"R$ 96,00",1,Produtos_Images/d13d7f.Imagem do Produto.183341.jpg,,,177,,,,,,
9523c9,AN178,ANÉIS,JN,28,3,"R$ 84,00",2,Produtos_Images/9523c9.Imagem do Produto.183447.jpg,,,178,,,,,,
75aCc5,AN179,ANÉIS,JN,26,3,"R$ 78,00",1,Produtos_Images/1e4760.Imagem do Produto.183615.jpg,,,179,,,,,,
,,,,,,,,,,,,,,,,,
edd8de,AN181,ANÉIS,JN,29,3,"R$ 87,00",2,Produtos_Images/edd8de.Imagem do Produto.183859.jpg,,,181,,,,,,
b8c5bd,AN182,ANÉIS,JN,29,3,"R$ 87,00",2,Produtos_Images/b8c5bd.Imagem do Produto.184036.jpg,,,182,,,,,,
569698,AN183,ANÉIS,JN,29,3,"R$ 87,00",2,Produtos_Images/569698.Imagem do Produto.184305.jpg,,,183,,,,,,
17a140,AN184,ANÉIS,JN,39,3,"R$ 117,00",0,Produtos_Images/17a140.Imagem do Produto.184355.jpg,,,184,,,,,,
515e3a,AN185,ANÉIS,JN,28,3,"R$ 84,00",1,Produtos_Images/515e3a.Imagem do Produto.184440.jpg,,,185,,,,,,
252b26,AN186,ANÉIS,JN,28,3,"R$ 84,00",1,Produtos_Images/252b26.Imagem do Produto.184541.jpg,,,186,,,,,,
a640bf,AN187,ANÉIS,JN,29,3,"R$ 87,00",1,Produtos_Images/a640bf.Imagem do Produto.184656.jpg,,,187,,,,,,
4b4c40,AN188,ANÉIS,JN,29,3,"R$ 87,00",1,Produtos_Images/4b4c40.Imagem do Produto.184814.jpg,,,188,,,,,,
f6fda0,AN189,ANÉIS,JN,37,3,"R$ 111,00",2,Produtos_Images/f6fda0.Imagem do Produto.184926.jpg,,,189,,,,,,
7acd67,AN190,ANÉIS,JN,19,3,"R$ 57,00",1,Produtos_Images/7acd67.Imagem do Produto.185004.jpg,,,190,,,,,,
5f56f5,AN191,ANÉIS,JL,41,3,"R$ 123,00",0,Produtos_Images/5f56f5.Imagem do Produto.185711.jpg,,,191,,,,,,
7f2ce8,AN192,ANÉIS,JN,48,3,"R$ 144,00",0,Produtos_Images/7f2ce8.Imagem do Produto.190336.jpg,,,192,,,,,,
d35be5,PUL127,PULSEIRAS,JN,63,3,"R$ 189,00",1,Produtos_Images/d35be5.Imagem do Produto.172817.jpg,,,,127,,,,,
293ac1,PUL128,PULSEIRAS,JN,63,3,"R$ 189,00",1,Produtos_Images/293ac1.Imagem do Produto.173833.jpg,,,,128,,,,,
d94914,PUL129,PULSEIRAS,JN,"29,5",3,"R$ 88,50",1,Produtos_Images/d94914.Imagem do Produto.174326.jpg,,,,129,,,,,
,,,,,,,,,,,,,,,,,
efffe8,PUL131,PULSEIRAS,JN,33,3,"R$ 99,00",1,Produtos_Images/efffe8.Imagem do Produto.174914.jpg,,,,131,,,,,
3fc5d3,PUL132,PULSEIRAS,JN,"24,5",3,"R$ 73,50",0,Produtos_Images/3fc5d3.Imagem do Produto.175229.jpg,,,,132,,,,,
,,,,,,,,,,,,,,,,,
2ceec1,PUL134,PULSEIRAS,JN,"24,5",3,"R$ 73,50",1,Produtos_Images/2ceec1.Imagem do Produto.175752.jpg,,,,134,,,,,
574dff,PUL135,PULSEIRAS,JN,"18,5",3,"R$ 55,50",1,Produtos_Images/574dff.Imagem do Produto.181356.jpg,,,,135,,,,,
8bc310,PUL136,PULSEIRAS,JN,"49,5",3,"R$ 148,50",1,Produtos_Images/8bc310.Imagem do Produto.181642.jpg,,,,136,,,,,
d9f3c1,PUL137,PULSEIRAS,JN,"26,5",3,"R$ 79,50",1,Produtos_Images/d9f3c1.Imagem do Produto.181818.jpg,,,,137,,,,,
,,,,,,,,,,,,,,,,,
78d065,PUL139,PULSEIRAS,JN,"45,5",3,"R$ 136,50",1,Produtos_Images/78d065.Imagem do Produto.182453.jpg,,,,139,,,,,
4a6b55,PUL140,PULSEIRAS,JL,"119,5",3,"R$ 358,50",1,Produtos_Images/4a6b55.Imagem do Produto.182740.jpg,,,,140,,,,,
d8c2a6,PUL141,PULSEIRAS,JN,"13,5",3,"R$ 40,50",1,Produtos_Images/d8c2a6.Imagem do Produto.182951.jpg,,,,141,,,,,
d87b85,PUL142,PULSEIRAS,JN,"10,5",3,"R$ 31,50",1,Produtos_Images/d87b85.Imagem do Produto.183116.jpg,,,,142,,,,,
2acada,PUL143,PULSEIRAS,JN,"18,5",3,"R$ 55,50",1,Produtos_Images/2acada.Imagem do Produto.183409.jpg,,,,143,,,,,
a97be8,PUL144,PULSEIRAS,JN,"37,5",3,"R$ 112,50",1,Produtos_Images/a97be8.Imagem do Produto.183448.jpg,,,,144,,,,,
f27bdd,TN006,TORNOZELEIRA,JN,"25,5",3,"R$ 76,50",1,Produtos_Images/f27bdd.Imagem do Produto.185416.jpg,,,,145,,,6,,
d70c8a,TN007,TORNOZELEIRA,JN,"21,5",3,"R$ 64,50",2,Produtos_Images/d70c8a.Imagem do Produto.185847.jpg,,,,145,,,7,,
0dabf3,TN008,TORNOZELEIRA,JN,"21,5",3,"R$ 64,50",1,Produtos_Images/0dabf3.Imagem do Produto.190134.jpg,,,,145,,,8,,
ca8e6b,TN009,TORNOZELEIRA,JN,"21,5",3,"R$ 64,50",1,Produtos_Images/ca8e6b.Imagem do Produto.190259.jpg,,,,145,,,9,,
,,,,,,,,,,,,,,,,,
a11674,PUL145,PULSEIRAS,JL,"57,5",3,"R$ 172,50",0,Produtos_Images/a11674.Imagem do Produto.190701.jpg,,,,145,,,,,
5c86a3,CD189,CORDÕES,JN,"37,5",3,"R$ 112,50",2,Produtos_Images/5c86a3.Imagem do Produto.201635.jpg,,,,,189,,,,
ff28f6,CD190,CORDÕES,JN,"37,5",3,"R$ 112,50",2,Produtos_Images/ff28f6.Imagem do Produto.202551.jpg,,,,,190,,,,
31776e,CD191,CORDÕES,JN,"37,5",3,"R$ 112,50",1,Produtos_Images/31776e.Imagem do Produto.203311.jpg,,,,,191,,,,
0f6822,CD192,CORDÕES,JN,"63,5",3,"R$ 190,50",1,Produtos_Images/0f6822.Imagem do Produto.203543.jpg,,,,,192,,,,
,,,,,,,,,,,,,,,,,
e86bad,CD194,CORDÕES,JN,40,3,"R$ 120,00",1,Produtos_Images/e86bad.Imagem do Produto.131016.jpg,,,,,194,,,,
197fca,CD195,CORDÕES,JL corrente br,33,3,"R$ 99,00",3,Produtos_Images/197fca.Imagem do Produto.153817.jpg,,,,,195,,,,
b73059,CD196,CORDÕES,JL pedra,"49,5",3,"R$ 148,50",1,Produtos_Images/b73059.Imagem do Produto.154519.jpg,,,,,196,,,,
,,,,,,,,,,,,,,,,,
,,,,,,,,,,,,,,,,,
f86fd7,CD199,CORDÕES,JL,85,3,"R$ 255,00",1,Produtos_Images/f86fd7.Imagem do Produto.155558.jpg,,,,,199,,,,
a8f12d,CD200,CORDÕES,JL gota,85,3,"R$ 255,00",0,Produtos_Images/a8f12d.Imagem do Produto.155719.jpg,,,,,200,,,,
38d364,CD201,CORDÕES,JN,45,3,"R$ 135,00",1,Produtos_Images/38d364.Imagem do Produto.160353.jpg,,,,,201,,,,
8bebe1,CD202,CORDÕES,JN,21,3,"R$ 63,00",0,Produtos_Images/8bebe1.Imagem do Produto.160632.jpg,,,,,202,,,,
30970d,CD203,CORDÕES,JL,85,3,"R$ 255,00",0,Produtos_Images/30970d.Imagem do Produto.161145.jpg,,,,,203,,,,
daee7a,CD204,CORDÕES,JN,29,3,"R$ 87,00",1,Produtos_Images/daee7a.Imagem do Produto.161831.jpg,,,,,204,,,,
,,,,,,,,,,,,,,,,,
974d80,CD206,CORDÕES,JN,46,3,"R$ 138,00",1,Produtos_Images/974d80.Imagem do Produto.162455.jpg,,,,,206,,,,
28778,CD207,CORDÕES,JN,45,3,"R$ 135,00",1,Produtos_Images/028778.Imagem do Produto.162845.jpg,,,,,207,,,,
4c16ec,CD208,CORDÕES,JN,"29,5",3,"R$ 88,50",1,Produtos_Images/4c16ec.Imagem do Produto.163042.jpg,,,,,208,,,,
e714e7,CD209,CORDÕES,JN,32,3,"R$ 96,00",1,Produtos_Images/e714e7.Imagem do Produto.163125.jpg,,,,,209,,,,
825ae0,CD210,CORDÕES,JN,56,3,"R$ 168,00",1,Produtos_Images/825ae0.Imagem do Produto.163351.jpg,,,,,210,,,,
96d9dc,CD211,CORDÕES,JL,63,3,"R$ 189,00",0,Produtos_Images/96d9dc.Imagem do Produto.163541.jpg,,,,,211,,,,
aa1a2e,CD212,CORDÕES,JN,43,3,"R$ 129,00",2,Produtos_Images/aa1a2e.Imagem do Produto.163612.jpg,,,,,212,,,,
663b56,CD213,CORDÕES,JN,37,3,"R$ 111,00",1,Produtos_Images/663b56.Imagem do Produto.163703.jpg,,,,,213,,,,
b6bb42,CD214,CORDÕES,JN,42,3,"R$ 126,00",1,Produtos_Images/b6bb42.Imagem do Produto.163921.jpg,,,,,214,,,,
,,,,,,,,,,,,,,,,,
,,,,,,,,,,,,,,,,,
54f5f8,CJ043,CONJUNTOS,JL,"129,5",3,"R$ 388,50",1,Produtos_Images/54f5f8.Imagem do Produto.171221.jpg,,,,,216,43,,,
ec421f,CJ044,CONJUNTOS,ME laranja,133,3,"R$ 399,00",0,Produtos_Images/ec421f.Imagem do Produto.171531.jpg,,,,,216,44,,,
c6e07d,CJ045,CONJUNTOS,JL gota,"198,5",3,"R$ 595,50",1,Produtos_Images/c6e07d.Imagem do Produto.171740.jpg,,,,,216,45,,,
c3f884,CJ046,CONJUNTOS,JL,190,3,"R$ 570,00",0,Produtos_Images/c3f884.Imagem do Produto.174955.jpg,,,,,,46,,,
,,,,,,,,,,,,,,,,,
80438d,CJ048,CONJUNTOS,JN,29,3,"R$ 87,00",0,Produtos_Images/80438d.Imagem do Produto.182945.jpg,,,,,,48,,,
,,,,,,,,,,,,,,,,,
90d7d4,CJ050,CONJUNTOS,JN,"26,5",3,"R$ 79,50",1,Produtos_Images/90d7d4.Imagem do Produto.184157.jpg,,,,,,50,,,
27ad57,CJ051,CONJUNTOS,JN,33,3,"R$ 99,00",1,Produtos_Images/27ad57.Imagem do Produto.184354.jpg,,,,,,51,,,
,,,,,,,,,,,,,,,,,
99a7e8,CJ053,CONJUNTOS,JL,119,3,"R$ 357,00",1,Produtos_Images/99a7e8.Imagem do Produto.185137.jpg,,,,,,53,,,
3a80f3,CD215,CORDÕES,JN,52,3,"R$ 156,00",2,Produtos_Images/3a80f3.Imagem do Produto.223617.jpg,,,,,215,,,,
aec0f8,CJ054,CONJUNTOS,SB,"32,5",3,"R$ 97,50",2,Produtos_Images/aec0f8.Imagem do Produto.235154.jpg,,,,,,54,,,
3dbdcd,CJ055,CONJUNTOS,JN,"49,5",3,"R$ 148,50",1,Produtos_Images/3dbdcd.Imagem do Produto.235726.jpg,,,,,,55,,,
99a594,CJ056,CONJUNTOS,JN,"28,5",3,"R$ 85,50",1,Produtos_Images/99a594.Imagem do Produto.000521.jpg,,,,,,56,,,
587dc8,CJ057,CONJUNTOS,JN,"99,5",3,"R$ 298,50",1,Produtos_Images/587dc8.Imagem do Produto.000728.jpg,,,,,,57,,,
9dd36d,BR442,BRINCOS,JN,49,3,"R$ 147,00",1,Produtos_Images/9dd36d.Imagem do Produto.200952.jpg,,442,,,,,,,
,,,,,,,,,,,,,,,,,
816400,BR444,BRINCOS,GR,99,3,"R$ 297,00",1,Produtos_Images/816400.Imagem do Produto.202432.jpg,,444,,,,,,,
212cfa,BR445,BRINCOS,GR,89,3,"R$ 267,00",1,Produtos_Images/212cfa.Imagem do Produto.202553.jpg,,445,,,,,,,
cdf005,BR446,BRINCOS,GR,98,3,"R$ 294,00",1,Produtos_Images/cdf005.Imagem do Produto.202950.jpg,,446,,,,,,,
749fe7,BR447,BRINCOS,GR,89,3,"R$ 267,00",1,Produtos_Images/749fe7.Imagem do Produto.203121.jpg,,447,,,,,,,
b9484e,BR448,BRINCOS,JL,23,3,"R$ 69,00",0,Produtos_Images/b9484e.Imagem do Produto.203534.jpg,,448,,,,,,,
3e76eb,BR449,BRINCOS,WDF,5,3,"R$ 15,00",1,Produtos_Images/3e76eb.Imagem do Produto.203858.jpg,,449,,,,,,,
,,,,,,,,,,,,,,,,,
c7bf7c,BR451,BRINCOS,,77,3,"R$ 231,00",1,Produtos_Images/c7bf7c.Imagem do Produto.204453.jpg,,451,,,,,,,
09975e,BR452,BRINCOS,JL,83,3,"R$ 249,00",1,Produtos_Images/09975e.Imagem do Produto.204539.jpg,,452,,,,,,,
b346a5,BR453,BRINCOS,JL,32,3,"R$ 96,00",1,Produtos_Images/b346a5.Imagem do Produto.204659.jpg,,453,,,,,,,
bhy6ax,BR454,BRINCOS,JL,59,3,"R$ 177,00",1,Produtos_Images/580e04.Imagem do Produto.204953.jpg,,454,,,,,,,
3ed082,BR455,BRINCOS,JN,32,3,"R$ 96,00",1,Produtos_Images/3ed082.Imagem do Produto.205213.jpg,,455,,,,,,,
,,,,,,,,,,,,,,,,,
,,,,,,,,,,,,,,,,,
8dfd1d,BR458,BRINCOS,JN,56,3,"R$ 168,00",1,Produtos_Images/8dfd1d.Imagem do Produto.210627.jpg,,458,,,,,,,
25d78f,BR459,BRINCOS,JN,29,3,"R$ 87,00",1,Produtos_Images/25d78f.Imagem do Produto.210733.jpg,,459,,,,,,,
7e0d69,BR460,BRINCOS,WDF,5,3,"R$ 15,00",0,Produtos_Images/7e0d69.Imagem do Produto.210809.jpg,,460,,,,,,,
8fc81a,BR461,BRINCOS,JN,35,3,"R$ 105,00",1,Produtos_Images/8fc81a.Imagem do Produto.211033.jpg,,461,,,,,,,
2bb090,BR462,BRINCOS,JL,17,4,"R$ 68,00",1,Produtos_Images/2bb090.Imagem do Produto.211325.jpg,,462,,,,,,,
82a019,BR463,BRINCOS,JN,24,3,"R$ 72,00",1,Produtos_Images/82a019.Imagem do Produto.211418.jpg,,463,,,,,,,
f2833d,BR464,BRINCOS,EV,24,3,"R$ 72,00",0,Produtos_Images/f2833d.Imagem do Produto.211639.jpg,,464,,,,,,,
034be8,BR465,BRINCOS,JN,17,3,"R$ 51,00",1,Produtos_Images/034be8.Imagem do Produto.211712.jpg,,465,,,,,,,
b130d7,BR466,BRINCOS,JN,37,"2,5","R$ 92,50",1,Produtos_Images/b130d7.Imagem do Produto.211922.jpg,,466,,,,,,,
088a88,BR467,BRINCOS,JN,26,3,"R$ 78,00",1,Produtos_Images/088a88.Imagem do Produto.212154.jpg,,467,,,,,,,
674f1a,BR468,BRINCOS,JM,23,3,"R$ 69,00",1,Produtos_Images/674f1a.Imagem do Produto.212307.jpg,,468,,,,,,,
ce2bac,BR469,BRINCOS,JN,29,3,"R$ 87,00",1,Produtos_Images/ce2bac.Imagem do Produto.212403.jpg,,469,,,,,,,
4eb64b,BR470,BRINCOS,JN,25,3,"R$ 75,00",1,Produtos_Images/4eb64b.Imagem do Produto.212517.jpg,,470,,,,,,,
c09743,BR471,BRINCOS,JN,26,3,"R$ 78,00",0,Produtos_Images/c09743.Imagem do Produto.212819.jpg,,471,194,,,,,,
,,,,,,,,,,,,,,,,,
f99aad,BR473,BRINCOS,JL,15,3,"R$ 45,00",0,Produtos_Images/f99aad.Imagem do Produto.213125.jpg,,473,,,,,,,
56b929,BR474,BRINCOS,JN,49,3,"R$ 147,00",1,Produtos_Images/56b929.Imagem do Produto.123933.jpg,,474,,,,,,,
,,,,,,,,,,,,,,,,,
aad9cd,CJ058,CONJUNTOS,GR,220,3,"R$ 660,00",1,Produtos_Images/aad9cd.Imagem do Produto.202945.jpg,,,,,,58,,,
5cfdcb,CJ059,CONJUNTOS,GR,189,3,"R$ 567,00",1,Produtos_Images/5cfdcb.Imagem do Produto.175215.jpg,,,,,,59,,,
bd8c5c,CJ060,CONJUNTOS,GR,196,3,"R$ 588,00",1,Produtos_Images/bd8c5c.Imagem do Produto.175621.jpg,,,,,,60,,,
e76392,CJ061,CONJUNTOS,GR,195,3,"R$ 585,00",1,Produtos_Images/e76392.Imagem do Produto.180136.jpg,,,,,,61,,,
d3f50c,CJ062,CONJUNTOS,GR,219,3,"R$ 657,00",1,Produtos_Images/d3f50c.Imagem do Produto.180908.jpg,,,,,,62,,,
d2034a,CJ063,CONJUNTOS,GR,189,3,"R$ 567,00",1,Produtos_Images/d2034a.Imagem do Produto.181543.jpg,,,,,,63,,,
f05343,CJ064,CONJUNTOS,GR,189,3,"R$ 567,00",1,Produtos_Images/f05343.Imagem do Produto.181936.jpg,,,,,,64,,,
70fecd,CJ065,CONJUNTOS,GR,253,3,"R$ 759,00",1,Produtos_Images/70fecd.Imagem do Produto.183154.jpg,,,,,,65,,,
514428,CJ066,CONJUNTOS,GR,296,3,"R$ 888,00",0,Produtos_Images/514428.Imagem do Produto.183437.jpg,,,,,,66,,,
efcd17,CJ067,CONJUNTOS,GR,299,3,"R$ 897,00",1,Produtos_Images/efcd17.Imagem do Produto.183759.jpg,,,,,,67,,,
63e24c,CJ068,CONJUNTOS,GR,298,3,"R$ 894,00",1,Produtos_Images/63e24c.Imagem do Produto.184042.jpg,,,,,,68,,,
2ea2ef,AN194,ANÉIS,JN,52,3,"R$ 156,00",1,Produtos_Images/2ea2ef.Imagem do Produto.191842.jpg,,,194,,,,,,
d15c81,CD216,CORDÕES,JN,26,3,"R$ 78,00",1,Produtos_Images/d15c81.Imagem do Produto.160540.jpg,,,,,216,,,,
79979,CD217,CORDÕES,JL,83,3,"R$ 249,00",1,Produtos_Images/079979.Imagem do Produto.180102.jpg,,,,,217,,,,
8b586f,CD218,CORDÕES,JL,55,3,"R$ 165,00",0,Produtos_Images/8b586f.Imagem do Produto.183839.jpg,,,,,218,,,,
6cbf31,CD219,CORDÕES,JL,76,3,"R$ 228,00",0,Produtos_Images/6cbf31.Imagem do Produto.235617.jpg,,,,,219,,,,
76b3c7,CD220,CORDÕES,JL,37,3,"R$ 111,00",0,Produtos_Images/76b3c7.Imagem do Produto.235913.jpg,,,,,220,,,,
83ebc7,CD221,CORDÕES,JL,45,3,"R$ 135,00",0,Produtos_Images/83ebc7.Imagem do Produto.000049.jpg,,,,,221,,,,
f4bcc1,CD222,CORDÕES,JL,43,3,"R$ 129,00",0,Produtos_Images/f4bcc1.Imagem do Produto.000504.jpg,,,,,222,,,,
fedff2,CD223,CORDÕES,JL,63,3,"R$ 189,00",1,Produtos_Images/fedff2.Imagem do Produto.000817.jpg,,,,,223,,,,
c2476f,CD224,CORDÕES,JL,49,3,"R$ 147,00",1,Produtos_Images/c2476f.Imagem do Produto.001119.jpg,,,,,224,,,,
e75b0a,CD225,CORDÕES,JL,32,"6,2","R$ 198,40",1,Produtos_Images/e75b0a.Imagem do Produto.001646.jpg,,,,,225,,,,
,,,,,,,,,,,,,,,,,
6bae12,CD227,CORDÕES,JL,59,3,"R$ 177,00",0,Produtos_Images/6bae12.Imagem do Produto.002912.jpg,,,,,227,,,,
3d7195,CD228,CORDÕES,JL,25,3,"R$ 75,00",0,Produtos_Images/3d7195.Imagem do Produto.003052.jpg,,,,,228,,,,
,,,,,,,,,,,,,,,,,
02b427,CD230,CORDÕES,JL,122,3,"R$ 366,00",0,Produtos_Images/02b427.Imagem do Produto.005028.jpg,,,,,230,,,,
f0168d,CD231,CORDÕES,JL,38,3,"R$ 114,00",0,Produtos_Images/f0168d.Imagem do Produto.005316.jpg,,,,,231,,,,
42cc79,CD232,CORDÕES,JL,119,3,"R$ 357,00",1,Produtos_Images/42cc79.Imagem do Produto.005547.jpg,,,,,232,,,,
,,,,,,,,,,,,,,,,,
368b94,CD234,CORDÕES,JL,59,3,"R$ 177,00",-1,Produtos_Images/368b94.Imagem do Produto.010221.jpg,,,,,234,,,,
e948f6,CD235,CORDÕES,JL,49,3,"R$ 147,00",0,Produtos_Images/e948f6.Imagem do Produto.010358.jpg,,,,,235,,,,
8052d9,CD236,CORDÕES,JL,37,3,"R$ 111,00",0,Produtos_Images/8052d9.Imagem do Produto.010655.jpg,,,,,236,,,,
54449c,CD237,CORDÕES,JL,38,3,"R$ 114,00",0,Produtos_Images/54449c.Imagem do Produto.011400.jpg,,,,,237,,,,
,,,,,,,,,,,,,,,,,
,,,,,,,,,,,,,,,,,
fb3e98,CD240,CORDÕES,JN,66,3,"R$ 198,00",1,Produtos_Images/fb3e98.Imagem do Produto.012219.jpg,,,,,240,,,,
,,,,,,,,,,,,,,,,,
fa5df9,CD242,CORDÕES,JL,49,3,"R$ 147,00",0,Produtos_Images/fa5df9.Imagem do Produto.012632.jpg,,,,,242,,,,
53d131,CD243,CORDÕES,JL,32,3,"R$ 96,00",0,Produtos_Images/53d131.Imagem do Produto.012825.jpg,,,,,243,,,,
7679d0,CD244,CORDÕES,JL,126,3,"R$ 378,00",0,Produtos_Images/7679d0.Imagem do Produto.012927.jpg,,,,,244,,,,
,,,,,,,,,,,,,,,,,
55c530,PUL146,PULSEIRAS,JL,99,3,"R$ 297,00",0,Produtos_Images/55c530.Imagem do Produto.013749.jpg,,,,146,,,,,
87fad3,PUL147,PULSEIRAS,JL,40,3,"R$ 120,00",0,Produtos_Images/87fad3.Imagem do Produto.014104.jpg,,,,147,,,,,
f7bc1d,PUL148,PULSEIRAS,JL,46,3,"R$ 138,00",1,Produtos_Images/f7bc1d.Imagem do Produto.014258.jpg,,,,148,,,,,
,,,,,,,,,,,,,,,,,
2198fc,PUL150,PULSEIRAS,JL,42,3,"R$ 126,00",1,Produtos_Images/2198fc.Imagem do Produto.014827.jpg,,,,150,,,,,
650138,PUL151,PULSEIRAS,JL,40,3,"R$ 120,00",1,Produtos_Images/650138.Imagem do Produto.014941.jpg,,,,151,,,,,
9f9e06,PUL152,PULSEIRAS,,45,3,"R$ 135,00",1,Produtos_Images/9f9e06.Imagem do Produto.215210.jpg,,,,152,,,,,
ad18c9,PUL153,PULSEIRAS,JL,33,3,"R$ 99,00",1,Produtos_Images/ad18c9.Imagem do Produto.215448.jpg,,,,153,,,,,
ae4652,PUL154,PULSEIRAS,JL,20,3,"R$ 60,00",1,Produtos_Images/ae4652.Imagem do Produto.215603.jpg,,,,154,,,,,
5c7e64,PUL155,PULSEIRAS,JL,37,3,"R$ 111,00",1,Produtos_Images/5c7e64.Imagem do Produto.215846.jpg,,,,155,,,,,
eababb,PUL156,PULSEIRAS,JL,30,4,"R$ 120,00",1,Produtos_Images/eababb.Imagem do Produto.215942.jpg,,,,156,,,,,
3d6ceb,PUL157,PULSEIRAS,JL,29,4,"R$ 116,00",1,Produtos_Images/3d6ceb.Imagem do Produto.221002.jpg,,,,157,,,,,
2dbcf3,PUL158,PULSEIRAS,JL,55,3,"R$ 165,00",0,Produtos_Images/2dbcf3.Imagem do Produto.221704.jpg,,,,158,,,,,
a2ccd8,PUL159,PULSEIRAS,JL,"49,5",3,"R$ 148,50",1,Produtos_Images/a2ccd8.Imagem do Produto.222135.jpg,,,,159,,,,,
07a644,PUL160,PULSEIRAS,Jl,55,3,"R$ 165,00",0,Produtos_Images/07a644.Imagem do Produto.222152.jpg,,,,160,,,,,
6fddde,PUL161,PULSEIRAS,JL,29,3,"R$ 87,00",1,Produtos_Images/6fddde.Imagem do Produto.222937.jpg,,,,161,,,,,
61dXdE,BR476,BRINCOS,JL,25,3,"R$ 75,00",1,Produtos_Images/4458e0.Imagem do Produto.235316.jpg,,476,,,,,,,
2cd820,BR477,BRINCOS,JL,45,3,"R$ 135,00",1,Produtos_Images/2cd820.Imagem do Produto.235321.jpg,,477,,,,,,,
7d74c0,BR478,BRINCOS,JL,35,3,"R$ 105,00",0,Produtos_Images/7d74c0.Imagem do Produto.235324.jpg,,478,,,,,,,
,,,,,,,,,,,,,,,,,
e01d17,AN195,ANÉIS,JL,88,3,"R$ 264,00",0,Produtos_Images/e01d17.Imagem do Produto.235331.jpg,,,195,,,,,,
5c46c9,BR480,BRINCOS,JL,25,3,"R$ 75,00",1,Produtos_Images/5c46c9.Imagem do Produto.235334.jpg,,480,,,,,,,
8e281d,BR481,BRINCOS,JL,19,3,"R$ 57,00",1,Produtos_Images/8e281d.Imagem do Produto.235337.jpg,,481,,,,,,,
daf2b6,CJ069,CONJUNTOS,GR,283,3,"R$ 849,00",1,Produtos_Images/daf2b6.Imagem do Produto.000629.jpg,,,,,,69,,,
4b2753,CJ070,CONJUNTOS,JL,83,3,"R$ 249,00",0,Produtos_Images/4b2753.Imagem do Produto.000850.jpg,,,,,,70,,,
b7e3e9,CD246,CORDÕES,JN,23,3,"R$ 69,00",1,Produtos_Images/b7e3e9.Imagem do Produto.165734.jpg,,,,,246,,,,
,,,,,,,,,,,,,,,,,
d0b423,PUL163,PULSEIRAS,JN,27,3,"R$ 81,00",1,Produtos_Images/d0b423.Imagem do Produto.171725.jpg,,,,163,,,,,
b2885a,PUL164,PULSEIRAS,JN,42,3,"R$ 126,00",0,Produtos_Images/b2885a.Imagem do Produto.171959.jpg,,,,164,,,,,
8a9753,PUL165,PULSEIRAS,JN,32,3,"R$ 96,00",1,Produtos_Images/8a9753.Imagem do Produto.172209.jpg,,,,165,,,,,
43df1b,PUL166,PULSEIRAS,JN,26,3,"R$ 78,00",1,Produtos_Images/43df1b.Imagem do Produto.172938.jpg,,,,166,,,,,
802d86,PUL167,PULSEIRAS,JN,40,3,"R$ 120,00",1,Produtos_Images/802d86.Imagem do Produto.173514.jpg,,,,167,,,,,
8g2x71,PUL168,PULSEIRAS,JL,47,3,"R$ 141,00",1,Produtos_Images/457e54.Imagem do Produto.173625.jpg,,,,168,,,,,
26ca78,PUL169,PULSEIRAS,JN,25,3,"R$ 75,00",1,Produtos_Images/26ca78.Imagem do Produto.173811.jpg,,,,169,,,,,
a728f9,PUL170,PULSEIRAS,JL,46,3,"R$ 138,00",1,Produtos_Images/a728f9.Imagem do Produto.173942.jpg,,,,170,,,,,
9d7220,PUL171,PULSEIRAS,JL,40,3,"R$ 120,00",1,Produtos_Images/9d7220.Imagem do Produto.174113.jpg,,,,171,,,,,
79f9c7,PUL172,PULSEIRAS,JN,29,3,"R$ 87,00",1,Produtos_Images/79f9c7.Imagem do Produto.175152.jpg,,,,172,,,,,
de7b7f,CD247,CORDÕES,JN,"29,5",3,"R$ 88,50",1,Produtos_Images/de7b7f.Imagem do Produto.181111.jpg,,,,,247,,,,
,,,,,,,,,,,,,,,,,
0ea487,CD249,CORDÕES,JN,28,3,"R$ 84,00",1,Produtos_Images/0ea487.Imagem do Produto.181321.jpg,,,,,249,,,,
,,,,,,,,,,,,,,,,,
6eb228,CD251,CORDÕES,JN,32,3,"R$ 96,00",1,Produtos_Images/6eb228.Imagem do Produto.182726.jpg,,,,,251,,,,
,,,,,,,,,,,,,,,,,
91dc74,CD253,CORDÕES,JN,89,3,"R$ 267,00",1,Produtos_Images/91dc74.Imagem do Produto.183037.jpg,,,,,253,,,,
75eac4,CD254,CORDÕES,JN,"0,01",3,"R$ 0,03",1,Produtos_Images/75eac4.Imagem do Produto.183224.jpg,,,,,254,,,,
acc7c8,CD255,CORDÕES,JN,23,3,"R$ 69,00",1,Produtos_Images/acc7c8.Imagem do Produto.183333.jpg,,,,,255,,,,
f0b583,CD256,CORDÕES,JN,47,3,"R$ 141,00",1,Produtos_Images/f0b583.Imagem do Produto.183449.jpg,,,,,256,,,,
a619a7,CD257,CORDÕES,JN,40,3,"R$ 120,00",1,Produtos_Images/a619a7.Imagem do Produto.183615.jpg,,,,,257,,,,
a5eea9,CD258,CORDÕES,JL,99,3,"R$ 297,00",0,Produtos_Images/a5eea9.Imagem do Produto.184558.jpg,,,,,258,,,,
b5cec7,CD259,CORDÕES,JL,66,3,"R$ 198,00",0,Produtos_Images/b5cec7.Imagem do Produto.185713.jpg,,,,,259,,,,
c712db,CD260,CORDÕES,JL,82,3,"R$ 246,00",1,Produtos_Images/c712db.Imagem do Produto.191810.jpg,,,,,260,,,,
,,,,,,,,,,,,,,,,,
0803ce,AN197,ANÉIS,JN,"29,5",3,"R$ 88,50",1,Produtos_Images/0803ce.Imagem do Produto.205654.jpg,,,197,,,,,,
8784da,AN198,ANÉIS,JN,23,3,"R$ 69,00",1,Produtos_Images/8784da.Imagem do Produto.205810.jpg,,,198,,,,,,
,,,,,,,,,,,,,,,,,
54251c,AN200,ANÉIS,JN,28,"3,04","R$ 85,12",1,Produtos_Images/54251c.Imagem do Produto.205909.jpg,,,200,,,,,,
,,,,,,,,,,,,,,,,,
3b7a0e,AN202,ANÉIS,JL,49,3,"R$ 147,00",1,Produtos_Images/3b7a0e.Imagem do Produto.210122.jpg,,,202,,,,,,
,,,,,,,,,,,,,,,,,
,,,,,,,,,,,,,,,,,
,,,,,,,,,,,,,,,,,
f92b1b,AN206,ANÉIS,JN,26,3,"R$ 78,00",1,Produtos_Images/f92b1b.Imagem do Produto.210428.jpg,,,206,,,,,,
added6,AN207,ANÉIS,JN,43,3,"R$ 129,00",1,Produtos_Images/added6.Imagem do Produto.210533.jpg,,,207,,,,,,
,,,,,,,,,,,,,,,,,
c368e8,AN209,ANÉIS,SF,40,3,"R$ 120,00",1,Produtos_Images/c368e8.Imagem do Produto.210707.jpg,,,209,,,,,,
,,,,,,,,,,,,,,,,,
,,,,,,,,,,,,,,,,,
8a35f6,AN212,ANÉIS,JN,"29,5",3,"R$ 88,50",1,Produtos_Images/8a35f6.Imagem do Produto.220648.jpg,,,212,,,,,,
6813cf,AN213,ANÉIS,JN,53,3,"R$ 159,00",0,Produtos_Images/6813cf.Imagem do Produto.221506.jpg,,,213,,,,,,
0c1730,BR482,BRINCOS,JL,43,3,"R$ 129,00",1,Produtos_Images/0c1730.Imagem do Produto.172532.jpg,,482,,,,,,,
22a0c0,BR483,BRINCOS,JN,25,3,"R$ 75,00",1,Produtos_Images/22a0c0.Imagem do Produto.172814.jpg,,483,,,,,,,
58540,BR484,BRINCOS,EV,24,3,"R$ 72,00",1,Produtos_Images/058540.Imagem do Produto.173234.jpg,,484,,,,,,,
622f0d,BR485,BRINCOS,SB,9,3,"R$ 27,00",1,Produtos_Images/622f0d.Imagem do Produto.173551.jpg,,485,,,,,,,
4f3c89,BR486,BRINCOS,EV,21,3,"R$ 63,00",1,Produtos_Images/4f3c89.Imagem do Produto.173901.jpg,,486,,,,,,,
3ce798,BR487,BRINCOS,JN,18,3,"R$ 54,00",0,Produtos_Images/3ce798.Imagem do Produto.174111.jpg,,487,,,,,,,
a3ab27,BR488,BRINCOS,SB,"9,5",3,"R$ 28,50",1,Produtos_Images/a3ab27.Imagem do Produto.174552.jpg,,488,,,,,,,
e93d30,BR489,BRINCOS,WDF,16,3,"R$ 48,00",1,Produtos_Images/e93d30.Imagem do Produto.174919.jpg,,489,,,,,,,
0366cd,BR490,BRINCOS,JN,15,3,"R$ 45,00",1,Produtos_Images/0366cd.Imagem do Produto.174954.jpg,,490,,,,,,,
44d8c9,BR491,BRINCOS,EV,19,3,"R$ 57,00",1,Produtos_Images/44d8c9.Imagem do Produto.175314.jpg,,491,,,,,,,
273007,BR492,BRINCOS,JN,33,3,"R$ 99,00",1,Produtos_Images/273007.Imagem do Produto.203150.jpg,,492,,,,,,,
5ccb94,BR493,BRINCOS,EV,"19,5",3,"R$ 58,50",1,Produtos_Images/5ccb94.Imagem do Produto.203345.jpg,,493,,,,,,,
356b02,BR494,BRINCOS,EVo,18,3,"R$ 54,00",1,Produtos_Images/356b02.Imagem do Produto.203657.jpg,,494,,,,,,,
4a2325,BR495,BRINCOS,JN,22,3,"R$ 66,00",1,Produtos_Images/4a2325.Imagem do Produto.203832.jpg,,495,,,,,,,
240a69,BR496,BRINCOS,EV,"19,5",3,"R$ 58,50",1,Produtos_Images/240a69.Imagem do Produto.204353.jpg,,496,,,,,,,
e8313c,BR497,BRINCOS,JN,26,3,"R$ 78,00",1,Produtos_Images/e8313c.Imagem do Produto.204748.jpg,,497,,,,,,,
f71b9e,CJ071,CONJUNTOS,JN infantil,33,3,"R$ 99,00",1,Produtos_Images/f71b9e.Imagem do Produto.201509.jpg,,,,,,71,,,
4adcb5,CJ072,CONJUNTOS,GR,289,3,"R$ 867,00",1,Produtos_Images/4adcb5.Imagem do Produto.123409.jpg,,,,,,72,,,
84ad3f,CJ073,CONJUNTOS,GR,220,3,"R$ 660,00",1,Produtos_Images/84ad3f.Imagem do Produto.174600.jpg,,,,,,73,,,
f9bc0f,CJ074,CONJUNTOS,GR,198,3,"R$ 594,00",1,Produtos_Images/f9bc0f.Imagem do Produto.174833.jpg,,,,,,74,,,
3d57c7,CJ075,CONJUNTOS,GR,215,3,"R$ 645,00",1,Produtos_Images/3d57c7.Imagem do Produto.175102.jpg,,,,,,75,,,
8547ca,CJ076,CONJUNTOS,GR,171,3,"R$ 513,00",1,Produtos_Images/8547ca.Imagem do Produto.175725.jpg,,,,,,76,,,
53c61f,CJ077,CONJUNTOS,GR,171,3,"R$ 513,00",1,Produtos_Images/53c61f.Imagem do Produto.175936.jpg,,,,,,77,,,
2b9cc6,CJ078,CONJUNTOS,GR,183,3,"R$ 549,00",1,Produtos_Images/2b9cc6.Imagem do Produto.180226.jpg,,,,,,78,,,
,,,,,,,,,,,,,,,,,
0faff5,PUL173,PULSEIRAS,JN,23,3,"R$ 69,00",1,Produtos_Images/0faff5.Imagem do Produto.121335.jpg,,,,173,,,,,
7b82e6,PUL174,PULSEIRAS,JN,39,3,"R$ 117,00",2,Produtos_Images/7b82e6.Imagem do Produto.122340.jpg,,,,174,,,,,
db87af,CD261,CORDÕES,JN,63,3,"R$ 189,00",2,Produtos_Images/db87af.Imagem do Produto.122812.jpg,,,,,261,,,,
,,,,,,,,,,,,,,,,,
fa22ca,CD262,CORDÕES,SB,32,3,"R$ 96,00",2,Produtos_Images/fa22ca.Imagem do Produto.125325.jpg,,,,,262,,,,
593d99,CD263,CORDÕES,WF,27,3,"R$ 81,00",1,Produtos_Images/593d99.Imagem do Produto.125455.jpg,,,,,263,,,,
,,,,,,,,,,,,,,,,,
ef1abe,AN214,ANÉIS,JN,31,3,"R$ 93,00",1,Produtos_Images/ef1abe.Imagem do Produto.130650.jpg,,,214,,,,,,
78a265,AN215,ANÉIS,JL,55,3,"R$ 165,00",1,Produtos_Images/78a265.Imagem do Produto.132751.jpg,,,215,,,,,,
500f0f,BR499,BRINCOS,JN,8,3,"R$ 24,00",1,Produtos_Images/500f0f.Imagem do Produto.133935.jpg,,499,,,,,,,
97a7b5,BR500,BRINCOS,JL,7,3,"R$ 21,00",0,Produtos_Images/97a7b5.Imagem do Produto.134042.jpg,,500,,,,,,,
06f671,AN216,ANÉIS,JL,65,3,"R$ 195,00",1,Produtos_Images/06f671.Imagem do Produto.154453.jpg,,,216,,,,,,
9bad0e,CJ080,CONJUNTOS,GR,296,3,"R$ 888,00",0,Produtos_Images/9bad0e.Imagem do Produto.165550.jpg,,,,,,80,,,
54dd69,CJ081,CONJUNTOS,GR,296,3,"R$ 888,00",1,Produtos_Images/54dd69.Imagem do Produto.165859.jpg,,,,,,81,,,
fe15bd,CJ082,CONJUNTOS,TP prata,"49,5",3,"R$ 148,50",1,Produtos_Images/fe15bd.Imagem do Produto.175910.jpg,,,,,,82,,,
7160a4,CJ083,CONJUNTOS,JN prata,"49,5",3,"R$ 148,50",1,Produtos_Images/7160a4.Imagem do Produto.180612.jpg,,,,,,83,,,
ab9655,CJ084,CONJUNTOS,TP prata,99,3,"R$ 297,00",0,Produtos_Images/ab9655.Imagem do Produto.181233.jpg,,,,,,84,,,
,,,,,,,,,,,,,,,,,
430452,AN218,ANÉIS,TP,27,3,"R$ 81,00",0,Produtos_Images/430452.Imagem do Produto.183114.jpg,,,218,,,,,,
,,,,,,,,,,,,,,,,,
,,,,,,,,,,,,,,,,,
,,,,,,,,,,,,,,,,,
2ff6b6,AN222,ANÉIS,TP,27,3,"R$ 81,00",0,Produtos_Images/2ff6b6.Imagem do Produto.183912.jpg,,,222,,,,,,
,,,,,,,,,,,,,,,,,
,,,,,,,,,,,,,,,,,
,,,,,,,,,,,,,,,,,
,,,,,,,,,,,,,,,,,
,,,,,,,,,,,,,,,,,
28d759,AN228,ANÉIS,TP,27,3,"R$ 81,00",1,Produtos_Images/28d759.Imagem do Produto.184624.jpg,,,228,,,,,,
1zda1211,AN229,ANÉIS,TP,"29,5",3,"R$ 88,50",1,Produtos_Images/80e414.Imagem do Produto.184727.jpg,,,229,,,,,,
b9253f,AN230,ANÉIS,TP,23,3,"R$ 69,00",2,Produtos_Images/b9253f.Imagem do Produto.184831.jpg,,,230,,,,,,
28aeda,AN231,ANÉIS,TP,39,3,"R$ 117,00",2,Produtos_Images/28aeda.Imagem do Produto.184958.jpg,,,231,,,,,,
c90962,AN232,ANÉIS,TP,22,3,"R$ 66,00",1,Produtos_Images/c90962.Imagem do Produto.185047.jpg,,,232,,,,,,
07736c,AN233,ANÉIS,TP,22,3,"R$ 66,00",1,Produtos_Images/07736c.Imagem do Produto.185147.jpg,,,233,,,,,,
dea93a,AN234,ANÉIS,TP,29,3,"R$ 87,00",0,Produtos_Images/dea93a.Imagem do Produto.185303.jpg,,,234,,,,,,
,,,,,,,,,,,,,,,,,
08663d,AN236,ANÉIS,TP,18,3,"R$ 54,00",1,Produtos_Images/08663d.Imagem do Produto.190603.jpg,,,236,,,,,,
189a04,AN237,ANÉIS,TP,36,3,"R$ 108,00",0,Produtos_Images/189a04.Imagem do Produto.190702.jpg,,,237,,,,,,
e1e15f,AN238,ANÉIS,TP,38,3,"R$ 114,00",0,Produtos_Images/e1e15f.Imagem do Produto.190727.jpg,,,238,,,,,,
,,,,,,,,,,,,,,,,,
6c4b69,AN240,ANÉIS,TP,55,3,"R$ 165,00",1,Produtos_Images/6c4b69.Imagem do Produto.190908.jpg,,,240,,,,,,
,,,,,,,,,,,,,,,,,
eadd85,AN242,ANÉIS,TP,21,3,"R$ 63,00",0,Produtos_Images/eadd85.Imagem do Produto.191031.jpg,,,242,,,,,,
c54751,AN243,ANÉIS,TP,21,3,"R$ 63,00",1,Produtos_Images/c54751.Imagem do Produto.191117.jpg,,,243,,,,,,
2b5672,AN244,ANÉIS,TP,16,3,"R$ 48,00",1,Produtos_Images/2b5672.Imagem do Produto.191314.jpg,,,244,,,,,,
,,,,,,,,,,,,,,,,,
AN24611,AN246,ANÉIS,TP,31,3,"R$ 93,00",0,Produtos_Images/4e2685.Imagem do Produto.191427.jpg,,,246,,,,,,
1d09fb,AN247,ANÉIS,TP,26,3,"R$ 78,00",0,Produtos_Images/1d09fb.Imagem do Produto.191525.jpg,,,247,,,,,,
,,,,,,,,,,,,,,,,,
5d98d2,AN249,ANÉIS,TP,36,3,"R$ 108,00",1,Produtos_Images/5d98d2.Imagem do Produto.191803.jpg,,,249,,,,,,
,,,,,,,,,,,,,,,,,
,,,,,,,,,,,,,,,,,
77d613,AN252,ANÉIS,TP,22,3,"R$ 66,00",1,Produtos_Images/77d613.Imagem do Produto.192121.jpg,,,252,,,,,,
5033bc,AN253,ANÉIS,TP,26,3,"R$ 78,00",1,Produtos_Images/5033bc.Imagem do Produto.192215.jpg,,,253,,,,,,
b6b05f,AN254,ANÉIS,TP,21,3,"R$ 63,00",1,Produtos_Images/b6b05f.Imagem do Produto.192304.jpg,,,254,,,,,,
444fe3,AN255,ANÉIS,TP,29,3,"R$ 87,00",0,Produtos_Images/444fe3.Imagem do Produto.192343.jpg,,,255,,,,,,
,,,,,,,,,,,,,,,,,
3d97e8,AN257,ANÉIS,TP,49,3,"R$ 147,00",1,Produtos_Images/3d97e8.Imagem do Produto.192526.jpg,,,257,,,,,,
dcc210,AN258,ANÉIS,TP,19,3,"R$ 57,00",0,Produtos_Images/dcc210.Imagem do Produto.192612.jpg,,,258,,,,,,
c3f4a8,AN259,ANÉIS,39,38,3,"R$ 114,00",0,Produtos_Images/c3f4a8.Imagem do Produto.192720.jpg,,,259,,,,,,
3174f2,AN260,ANÉIS,TP,31,3,"R$ 93,00",0,Produtos_Images/3174f2.Imagem do Produto.193353.jpg,,,260,,,,,,
e64100,AN261,ANÉIS,TP,19,3,"R$ 57,00",0,Produtos_Images/e64100.Imagem do Produto.193533.jpg,,,261,,,,,,
5763c6,AN262,ANÉIS,TP,19,3,"R$ 57,00",0,Produtos_Images/5763c6.Imagem do Produto.193717.jpg,,,262,,,,,,
3461a1,AN263,ANÉIS,TP,33,3,"R$ 99,00",1,Produtos_Images/3461a1.Imagem do Produto.193833.jpg,,,263,,,,,,
,,,,,,,,,,,,,,,,,
45x1df,PUL177,PULSEIRAS,TP,49,3,"R$ 147,00",0,Produtos_Images/584e75.Imagem do Produto.201357.jpg,,,,177,,,,,
,,,,,,,,,,,,,,,,,
8cd780,PUL179,PULSEIRAS,TP,53,3,"R$ 159,00",0,Produtos_Images/8cd780.Imagem do Produto.201754.jpg,,,,179,,,,,
,,,,,,,,,,,,,,,,,
,,,,,,,,,,,,,,,,,
6d7bde,PUL182,PULSEIRAS,TP,45,3,"R$ 135,00",1,Produtos_Images/6d7bde.Imagem do Produto.202150.jpg,,,,182,,,,,
,,,,,,,,,,,,,,,,,
,,,,,,,,,,,,,,,,,
7175ee,PUL185,PULSEIRAS,TP,39,3,"R$ 117,00",1,Produtos_Images/7175ee.Imagem do Produto.202528.jpg,,,,185,,,,,
,,,,,,,,,,,,,,,,,
,,,,,,,,,,,,,,,,,
27159e,PUL188,PULSEIRAS,TP,49,3,"R$ 147,00",1,Produtos_Images/27159e.Imagem do Produto.203213.jpg,,,,188,,,,,
473101,PUL189,PULSEIRAS,TP,49,3,"R$ 147,00",1,Produtos_Images/473101.Imagem do Produto.203256.jpg,,,,189,,,,,
d40445,PUL190,PULSEIRAS,TP,"49,5",3,"R$ 148,50",1,Produtos_Images/d40445.Imagem do Produto.203335.jpg,,,,190,,,,,
d8911e,PUL191,PULSEIRAS,TP,33,3,"R$ 99,00",1,Produtos_Images/d8911e.Imagem do Produto.232648.jpg,,,,191,,,,,
a58867,PUL192,PULSEIRAS,TP,39,3,"R$ 117,00",1,Produtos_Images/a58867.Imagem do Produto.232819.jpg,,,,192,,,,,
69e5b0,PUL193,PULSEIRAS,TP,39,3,"R$ 117,00",1,Produtos_Images/69e5b0.Imagem do Produto.232953.jpg,,,,193,,,,,
ff673b,PUL194,PULSEIRAS,TP,33,3,"R$ 99,00",1,Produtos_Images/ff673b.Imagem do Produto.233047.jpg,,,,194,,,,,
207283,PUL195,PULSEIRAS,TP,43,3,"R$ 129,00",0,Produtos_Images/207283.Imagem do Produto.233202.jpg,,,,195,,,,,
,,,,,,,,,,,,,,,,,
ee6d81,PUL197,PULSEIRAS,TP,37,3,"R$ 111,00",0,Produtos_Images/ee6d81.Imagem do Produto.233427.jpg,,,,197,,,,,
,,,,,,,,,,,,,,,,,
,,,,,,,,,,,,,,,,,
,,,,,,,,,,,,,,,,,
,,,,,,,,,,,,,,,,,
5f9cfc,PUL202,PULSEIRAS,TP,46,3,"R$ 138,00",1,Produtos_Images/5f9cfc.Imagem do Produto.234406.jpg,,,,202,,,,,
,,,,,,,,,,,,,,,,,
95dcb4,PUL204,PULSEIRAS,TP,65,3,"R$ 195,00",1,Produtos_Images/95dcb4.Imagem do Produto.235153.jpg,,,,204,,,,,
,,,,,,,,,,,,,,,,,
,,,,,,,,,,,,,,,,,
e89cd4,PUL207,PULSEIRAS,TP,46,3,"R$ 138,00",1,Produtos_Images/e89cd4.Imagem do Produto.235434.jpg,,,,207,,,,,
,,,,,,,,,,,,,,,,,
1d3ed1,CD265,CORDÕES,TP,32,3,"R$ 96,00",1,Produtos_Images/1d3ed1.Imagem do Produto.001232.jpg,,,,,265,,,,
,,,,,,,,,,,,,,,,,
8d0f43,PUL209,PULSEIRAS,TP,39,3,"R$ 117,00",1,Produtos_Images/8d0f43.Imagem do Produto.004123.jpg,,,,209,,,,,
cba3c6,PUL210,PULSEIRAS,TP,43,3,"R$ 129,00",1,Produtos_Images/cba3c6.Imagem do Produto.004153.jpg,,,,210,,,,,
d4d695,PUL211,PULSEIRAS,TP,42,3,"R$ 126,00",1,Produtos_Images/d4d695.Imagem do Produto.004237.jpg,,,,211,,,,,
,,,,,,,,,,,,,,,,,
0fb6b9,CD267,CORDÕES,TP,66,3,"R$ 198,00",1,Produtos_Images/0fb6b9.Imagem do Produto.004705.jpg,,,,,267,,,,
662610,CD268,CORDÕES,TP,47,3,"R$ 141,00",0,Produtos_Images/662610.Imagem do Produto.004846.jpg,,,,,268,,,,
b68b9d,CD269,CORDÕES,TP,48,3,"R$ 144,00",0,Produtos_Images/b68b9d.Imagem do Produto.005000.jpg,,,,,269,,,,
310453,CD270,CORDÕES,TP,23,3,"R$ 69,00",0,Produtos_Images/310453.Imagem do Produto.005218.jpg,,,,,270,,,,
,,,,,,,,,,,,,,,,,
4x31dr,CD272,CORDÕES,TP,56,3,"R$ 168,00",0,Produtos_Images/26e216.Imagem do Produto.005506.jpg,,,,,272,,,,
,,,,,,,,,,,,,,,,,
bdefc3,CD274,CORDÕES,TP,36,3,"R$ 108,00",1,Produtos_Images/bdefc3.Imagem do Produto.011517.jpg,,,,,274,,,,
cbd977,CD275,CORDÕES,TP,56,3,"R$ 168,00",1,Produtos_Images/cbd977.Imagem do Produto.011233.jpg,,,,,275,,,,
0c6692,CD276,CORDÕES,TP,23,3,"R$ 69,00",2,Produtos_Images/0c6692.Imagem do Produto.011321.jpg,,,,,276,,,,
,,,,,,,,,,,,,,,,,
617369,CD278,CORDÕES,TP,45,3,"R$ 135,00",0,Produtos_Images/617369.Imagem do Produto.012103.jpg,,,,,278,,,,
530345,CD279,CORDÕES,TP,52,3,"R$ 156,00",0,Produtos_Images/530345.Imagem do Produto.012211.jpg,,,,,279,,,,
33f307,CD280,CORDÕES,TP,45,3,"R$ 135,00",1,Produtos_Images/33f307.Imagem do Produto.012543.jpg,,,,,280,,,,
,,,,,,,,,,,,,,,,,
947869,CD282,CORDÕES,TP,48,3,"R$ 144,00",1,Produtos_Images/947869.Imagem do Produto.013247.jpg,,,,,282,,,,
,,,,,,,,,,,,,,,,,
f62a13,CD284,CORDÕES,TP,66,3,"R$ 198,00",1,Produtos_Images/f62a13.Imagem do Produto.124813.jpg,,,,,284,,,,
,,,,,,,,,,,,,,,,,
,,,,,,,,,,,,,,,,,
cc8b24,BR501,BRINCOS,EV,23,3,"R$ 69,00",1,Produtos_Images/cc8b24.Imagem do Produto.135217.jpg,,501,,,,,,,
73f110,BR502,BRINCOS,NI,31,3,"R$ 93,00",1,Produtos_Images/73f110.Imagem do Produto.173522.jpg,,502,,,,,,,
,,,,,,,,,,,,,,,,,
,,,,,,,,,,,,,,,,,
,,,,,,,,,,,,,,,,,
72cc68,BR506,BRINCOS,TP,36,3,"R$ 108,00",1,Produtos_Images/72cc68.Imagem do Produto.175410.jpg,,506,,,,,,,
,,,,,,,,,,,,,,,,,
6b09bf,BR508,BRINCOS,JN,38,3,"R$ 114,00",1,Produtos_Images/6b09bf.Imagem do Produto.180647.jpg,,508,,,,,,,
6b09bf11,BR509,BRINCOS,TP,12,3,"R$ 36,00",0,Produtos_Images/9e0841.Imagem do Produto.181158.jpg,,509,,,,,,,
84357a,BR510,BRINCOS,TP,12,3,"R$ 36,00",2,Produtos_Images/84357a.Imagem do Produto.181618.jpg,,510,,,,,,,
fc0704,BR511,BRINCOS,TP,9,3,"R$ 27,00",2,Produtos_Images/fc0704.Imagem do Produto.182332.jpg,,511,,,,,,,
,,,,,,,,,,,,,,,,,
,,,,,,,,,,,,,,,,,
,,,,,,,,,,,,,,,,,
,,,,,,,,,,,,,,,,,
,,,,,,,,,,,,,,,,,
,,,,,,,,,,,,,,,,,
185701,BR518,BRINCOS,TP,23,3,"R$ 69,00",0,Produtos_Images/185701.Imagem do Produto.191008.jpg,,518,,,,,,,
,,,,,,,,,,,,,,,,,
a77af3,BR520,BRINCOS,TP,23,3,"R$ 69,00",2,Produtos_Images/a77af3.Imagem do Produto.191714.jpg,,520,,,,,,,
,,,,,,,,,,,,,,,,,
,,,,,,,,,,,,,,,,,
01a565,BR523,BRINCOS,TP,32,3,"R$ 96,00",1,Produtos_Images/01a565.Imagem do Produto.192511.jpg,,523,,,,,,,
a488f2,BR524,BRINCOS,TP,36,3,"R$ 108,00",1,Produtos_Images/a488f2.Imagem do Produto.192712.jpg,,524,,,,,,,
,,,,,,,,,,,,,,,,,
07221d,BR526,BRINCOS,TP,27,3,"R$ 81,00",1,Produtos_Images/07221d.Imagem do Produto.193326.jpg,,526,,,,,,,
9eb38a,BR527,BRINCOS,TP,19,3,"R$ 57,00",1,Produtos_Images/9eb38a.Imagem do Produto.193537.jpg,,527,,,,,,,
6bed3f,BR528,BRINCOS,TP,19,3,"R$ 57,00",1,Produtos_Images/6bed3f.Imagem do Produto.193644.jpg,,528,,,,,,,
,,,,,,,,,,,,,,,,,
8305d4,BR530,BRINCOS,TP,27,3,"R$ 81,00",1,Produtos_Images/8305d4.Imagem do Produto.194148.jpg,,530,,,,,,,
22014d,BR531,BRINCOS,TP,29,3,"R$ 87,00",1,Produtos_Images/22014d.Imagem do Produto.194329.jpg,,531,,,,,,,
,,,,,,,,,,,,,,,,,
fbe2bb,BR533,BRINCOS,TP,19,3,"R$ 57,00",1,Produtos_Images/fbe2bb.Imagem do Produto.194602.jpg,,533,,,,,,,
7d35f1,BR534,BRINCOS,TP,36,3,"R$ 108,00",1,Produtos_Images/7d35f1.Imagem do Produto.194656.jpg,,534,,,,,,,
47d0fc,BR535,BRINCOS,TP,28,3,"R$ 84,00",1,Produtos_Images/47d0fc.Imagem do Produto.194759.jpg,,535,,,,,,,
db6cc7,BR536,BRINCOS,TP,22,3,"R$ 66,00",0,Produtos_Images/db6cc7.Imagem do Produto.195002.jpg,,536,,,,,,,
ab57b8,BR537,BRINCOS,TP,19,3,"R$ 57,00",1,Produtos_Images/ab57b8.Imagem do Produto.195105.jpg,,537,,,,,,,
,,,,,,,,,,,,,,,,,
1ebd62,BR539,BRINCOS,TP,17,3,"R$ 51,00",1,Produtos_Images/1ebd62.Imagem do Produto.195410.jpg,,539,,,,,,,
,,,,,,,,,,,,,,,,,
1451bf,BR541,BRINCOS,TP,6,3,"R$ 18,00",0,Produtos_Images/1451bf.Imagem do Produto.195624.jpg,,541,,,,,,,
6c4ac7,BR542,BRINCOS,TP,21,3,"R$ 63,00",1,Produtos_Images/6c4ac7.Imagem do Produto.195746.jpg,,542,,,,,,,
bc0741,BR543,BRINCOS,TP,12,3,"R$ 36,00",0,Produtos_Images/bc0741.Imagem do Produto.195907.jpg,,543,,,,,,,
,,,,,,,,,,,,,,,,,
dd39c0,BR545,BRINCOS,TP,15,3,"R$ 45,00",2,Produtos_Images/dd39c0.Imagem do Produto.200532.jpg,,545,,,,,,,
b49376,BR546,BRINCOS,TP,19,3,"R$ 57,00",1,Produtos_Images/b49376.Imagem do Produto.200651.jpg,,546,,,,,,,
1c610e,BR547,BRINCOS,TP,10,3,"R$ 30,00",1,Produtos_Images/1c610e.Imagem do Produto.200928.jpg,,547,,,,,,,
,,,,,,,,,,,,,,,,,
c0d321,BR549,BRINCOS,TP,53,3,"R$ 159,00",1,Produtos_Images/c0d321.Imagem do Produto.201421.jpg,,549,,,,,,,
15a7da,BR550,BRINCOS,TP,33,3,"R$ 99,00",1,Produtos_Images/15a7da.Imagem do Produto.201639.jpg,,550,,,,,,,
ac0ef8,BR551,BRINCOS,TP,22,3,"R$ 66,00",1,Produtos_Images/ac0ef8.Imagem do Produto.201907.jpg,,551,,,,,,,
2af897,BR552,BRINCOS,TP,31,3,"R$ 93,00",2,Produtos_Images/2af897.Imagem do Produto.202134.jpg,,552,,,,,,,
c65392,BR553,BRINCOS,WF,15,3,"R$ 45,00",1,Produtos_Images/c65392.Imagem do Produto.210011.jpg,,553,,,,,,,
,,,,,,,,,,,,,,,,,
ee5ce6,BR555,BRINCOS,TF,19,3,"R$ 57,00",1,Produtos_Images/ee5ce6.Imagem do Produto.210243.jpg,,555,,,,,,,
a32127,BR556,BRINCOS,TF,45,3,"R$ 135,00",0,Produtos_Images/a32127.Imagem do Produto.210409.jpg,,556,,,,,,,
0f635a,BR557,BRINCOS,WF,26,3,"R$ 78,00",1,Produtos_Images/0f635a.Imagem do Produto.210628.jpg,,557,,,,,,,
4de73d,PUL212,PULSEIRAS,TF,44,3,"R$ 132,00",1,Produtos_Images/4de73d.Imagem do Produto.210919.jpg,,558,,212,,,,,
a96c6f,CD287,CORDÕES,JL,86,3,"R$ 258,00",0,Produtos_Images/a96c6f.Imagem do Produto.154234.jpg,,,,,287,,,,
9fa1cc,CD288,CORDÕES,JN,83,3,"R$ 249,00",1,Produtos_Images/9fa1cc.Imagem do Produto.121546.jpg,,,,,288,,,,
aba39b,CD289,CORDÕES,JL,51,3,"R$ 153,00",0,Produtos_Images/aba39b.Imagem do Produto.175445.jpg,,,,,289,,,,
521926,CJ085,CONJUNTOS,JL,117,3,"R$ 351,00",1,Produtos_Images/521926.Imagem do Produto.180230.jpg,,,,,,85,,,
910d67,CJ086,CONJUNTOS,ME,133,3,"R$ 399,00",1,Produtos_Images/910d67.Imagem do Produto.180847.jpg,,,,,,86,,,
d2c0bc,CJ087,CONJUNTOS,JL,117,3,"R$ 351,00",1,Produtos_Images/d2c0bc.Imagem do Produto.181138.jpg,,,,,,87,,,
ab5541,CD290,CORDÕES,JL,49,3,"R$ 147,00",0,Produtos_Images/ab5541.Imagem do Produto.181506.jpg,,,,,290,,,,
4fbfa0,CD291,CORDÕES,85,85,3,"R$ 255,00",1,Produtos_Images/4fbfa0.Imagem do Produto.183504.jpg,,,,,291,,,,
7fee21,CD292,CORDÕES,JL,85,3,"R$ 255,00",0,Produtos_Images/7fee21.Imagem do Produto.183645.jpg,,,,,292,,,,
ca4546,CD293,CORDÕES,JL,49,3,"R$ 147,00",0,Produtos_Images/ca4546.Imagem do Produto.184125.jpg,,,,,293,,,,
5a4c2f,CD294,CORDÕES,JL,86,3,"R$ 258,00",0,Produtos_Images/5a4c2f.Imagem do Produto.184450.jpg,,,,,294,,,,
aa394f,CD295,CORDÕES,JL,86,3,"R$ 258,00",0,Produtos_Images/aa394f.Imagem do Produto.185133.jpg,,,,,295,,,,
8c21c5,CD296,CORDÕES,JL,66,3,"R$ 198,00",0,Produtos_Images/8c21c5.Imagem do Produto.185622.jpg,,,,,296,,,,
2a4124,CD297,CORDÕES,JL,37,3,"R$ 111,00",0,Produtos_Images/2a4124.Imagem do Produto.185821.jpg,,,,,297,,,,
1287aa,CD298,CORDÕES,JL,89,3,"R$ 267,00",1,Produtos_Images/1287aa.Imagem do Produto.190344.jpg,,,,,298,,,,
3be975,CJ088,CONJUNTOS,JN,89,3,"R$ 267,00",1,Produtos_Images/3be975.Imagem do Produto.191945.jpg,,,,,,88,,,
5e96b5,CD299,CORDÕES,JN,45,3,"R$ 135,00",1,Produtos_Images/5e96b5.Imagem do Produto.193122.jpg,,,,,299,,,,
658961,CD300,CORDÕES,JN,40,3,"R$ 120,00",1,Produtos_Images/658961.Imagem do Produto.193428.jpg,,,,,300,,,,
5b14a1,CD301,CORDÕES,JN,40,3,"R$ 120,00",1,Produtos_Images/5b14a1.Imagem do Produto.193624.jpg,,,,,301,,,,
8671ea,CD302,CORDÕES,JN,38,3,"R$ 114,00",1,Produtos_Images/8671ea.Imagem do Produto.193750.jpg,,,,,302,,,,
2fbe02,PUL213,PULSEIRAS,JL,39,3,"R$ 117,00",1,Produtos_Images/2fbe02.Imagem do Produto.201036.jpg,,,,213,303,,,,
f6bc64,PUL214,PULSEIRAS,JL,32,3,"R$ 96,00",1,Produtos_Images/f6bc64.Imagem do Produto.201201.jpg,,,,214,,,,,
92701f,PUL215,PULSEIRAS,JL,119,3,"R$ 357,00",1,Produtos_Images/92701f.Imagem do Produto.202758.jpg,,,,215,,,,,
a9064d,CD303,CORDÕES,JL,40,3,"R$ 120,00",1,Produtos_Images/a9064d.Imagem do Produto.000456.jpg,,,,,303,,,,
be5605,PUL216,PULSEIRAS,JL,40,3,"R$ 120,00",1,Produtos_Images/be5605.Imagem do Produto.002106.jpg,,,,216,,,,,
f533fb,CD304,CORDÕES,JL,44,3,"R$ 132,00",1,Produtos_Images/f533fb.Imagem do Produto.004553.jpg,,,,,304,,,,
07424f,CD305,CORDÕES,JL,66,3,"R$ 198,00",0,Produtos_Images/07424f.Imagem do Produto.164141.jpg,,,,,305,,,,
57437a,CD306,CORDÕES,JL,59,3,"R$ 177,00",0,Produtos_Images/57437a.Imagem do Produto.164343.jpg,,,,,306,,,,
f92575,CD307,CORDÕES,JL,67,3,"R$ 201,00",1,Produtos_Images/f92575.Imagem do Produto.164920.jpg,,,,,307,,,,
49b08a,CD308,CORDÕES,JN,46,3,"R$ 138,00",1,Produtos_Images/49b08a.Imagem do Produto.165215.jpg,,,,,308,,,,
870515,CD309,CORDÕES,JN,32,3,"R$ 96,00",1,Produtos_Images/870515.Imagem do Produto.165332.jpg,,,,,309,,,,
4409f2,CD310,CORDÕES,JN,32,3,"R$ 96,00",1,Produtos_Images/4409f2.Imagem do Produto.165553.jpg,,,,,310,,,,
5b6df4,CD311,CORDÕES,JN,49,3,"R$ 147,00",1,Produtos_Images/5b6df4.Imagem do Produto.165732.jpg,,,,,311,,,,
7fdfd4,CD312,CORDÕES,JN,49,3,"R$ 147,00",1,Produtos_Images/7fdfd4.Imagem do Produto.165824.jpg,,,,,312,,,,
e27c04,CD313,CORDÕES,JN,53,3,"R$ 159,00",1,Produtos_Images/e27c04.Imagem do Produto.165956.jpg,,,,,313,,,,
d967fc,CJ089,CONJUNTOS,JL,55,3,"R$ 165,00",0,Produtos_Images/d967fc.Imagem do Produto.170800.jpg,,,,,314,89,,,
a8a8a3,CD314,CORDÕES,JL,45,3,"R$ 135,00",0,Produtos_Images/a8a8a3.Imagem do Produto.170916.jpg,,,,,314,,,,
baf884,TN010,TORNOZELEIRA,JN,21,3,"R$ 63,00",1,Produtos_Images/baf884.Imagem do Produto.171354.jpg,,,,,315,,10,,
8bdd50,PUL217,PULSEIRAS,JL,36,3,"R$ 108,00",1,Produtos_Images/8bdd50.Imagem do Produto.132928.jpg,,,,217,,,,,
213c36,CD315,CORDÕES,JL,65,3,"R$ 195,00",0,Produtos_Images/213c36.Imagem do Produto.203528.jpg,,,,,315,,,,
7398ec,BR558,BRINCOS,GR,89,3,"R$ 267,00",1,Produtos_Images/7398ec.Imagem do Produto.170447.jpg,,558,,,,,,,
f6d1aa,BR559,BRINCOS,JN,52,3,"R$ 156,00",1,Produtos_Images/f6d1aa.Imagem do Produto.190207.jpg,,559,,,,,,,
c30247,BR560,BRINCOS,JL,55,3,"R$ 165,00",0,Produtos_Images/c30247.Imagem do Produto.190634.jpg,,560,,,,,,,
e7a20e,BR561,BRINCOS,JN,24,3,"R$ 72,00",1,Produtos_Images/e7a20e.Imagem do Produto.191036.jpg,,561,,,,,,,
c3a389,BR562,BRINCOS,JN,73,3,"R$ 219,00",1,Produtos_Images/c3a389.Imagem do Produto.191323.jpg,,562,,,,,,,
90b751,BR563,BRINCOS,JN,15,3,"R$ 45,00",1,Produtos_Images/90b751.Imagem do Produto.191614.jpg,,563,,,,,,,
5a6b85,BR564,BRINCOS,JN,"16,5",3,"R$ 49,50",1,Produtos_Images/5a6b85.Imagem do Produto.191814.jpg,,564,,,,,,,
b745f7,BR565,BRINCOS,,49,3,"R$ 147,00",1,Produtos_Images/b745f7.Imagem do Produto.192257.jpg,,565,,,,,,,
e45758,BR566,BRINCOS,JN,16,3,"R$ 48,00",1,Produtos_Images/e45758.Imagem do Produto.192649.jpg,,566,,,,,,,
,,,,,,,,,,,,,,,,,
e22c53,BR568,BRINCOS,JN,22,3,"R$ 66,00",1,Produtos_Images/e22c53.Imagem do Produto.193231.jpg,,568,,,,,,,
fba722,BR569,BRINCOS,JN,53,3,"R$ 159,00",1,Produtos_Images/fba722.Imagem do Produto.193308.jpg,,569,,,,,,,
4bbb9b,BR570,BRINCOS,JN,18,3,"R$ 54,00",1,Produtos_Images/4bbb9b.Imagem do Produto.193526.jpg,,570,,,,,,,
041d52,BR571,BRINCOS,JN,29,3,"R$ 87,00",1,Produtos_Images/041d52.Imagem do Produto.194640.jpg,,571,,,,,,,
0b8e5e,PUL218,PULSEIRAS,MO,53,3,"R$ 159,00",1,Produtos_Images/0b8e5e.Imagem do Produto.202640.jpg,,,,218,,,,,
yh2175,PUL219,PULSEIRAS,MO,28,3,"R$ 84,00",0,Produtos_Images/5603e6.Imagem do Produto.145256.jpg,,,,219,,,,,
492216,PUL220,PULSEIRAS,MO,29,3,"R$ 87,00",1,Produtos_Images/492216.Imagem do Produto.150110.jpg,,,,220,,,,,
62d2b1,PUL221,PULSEIRAS,MO,58,3,"R$ 174,00",1,Produtos_Images/62d2b1.Imagem do Produto.150420.jpg,,,,221,,,,,
b4054e,PUL222,PULSEIRAS,MO,23,3,"R$ 69,00",1,Produtos_Images/b4054e.Imagem do Produto.151325.jpg,,,,222,,,,,
83817a,PUL223,PULSEIRAS,MO,19,3,"R$ 57,00",1,Produtos_Images/83817a.Imagem do Produto.153507.jpg,,,,223,,,,,
9c7799,PUL224,PULSEIRAS,MO,26,3,"R$ 78,00",1,Produtos_Images/9c7799.Imagem do Produto.153925.jpg,,,,224,,,,,
,,,,,,,,,,,,,,,,,
05b867,PUL226,PULSEIRAS,MO,59,3,"R$ 177,00",1,Produtos_Images/05b867.Imagem do Produto.154444.jpg,,,,226,,,,,
f6da71,PUL227,PULSEIRAS,MO,75,3,"R$ 225,00",1,Produtos_Images/f6da71.Imagem do Produto.154833.jpg,,,,227,,,,,
,,,,,,,,,,,,,,,,,
b1a185,PUL229,PULSEIRAS,MO,29,3,"R$ 87,00",1,Produtos_Images/b1a185.Imagem do Produto.160936.jpg,,,,229,,,,,
y1x177,PUL230,PULSEIRAS,MO,53,3,"R$ 159,00",1,Produtos_Images/588e51.Imagem do Produto.161955.jpg,,,,230,,,,,
b79a39,PUL231,PULSEIRAS,JN,38,3,"R$ 114,00",1,Produtos_Images/b79a39.Imagem do Produto.162712.jpg,,,,231,,,,,
b1d6d8,PUL232,PULSEIRAS,JN,42,3,"R$ 126,00",1,Produtos_Images/b1d6d8.Imagem do Produto.163122.jpg,,,,232,,,,,
8de6e2,PUL233,PULSEIRAS,MO,29,3,"R$ 87,00",1,Produtos_Images/8de6e2.Imagem do Produto.163234.jpg,,,,233,,,,,
49836d,PUL234,PULSEIRAS,MO,29,3,"R$ 87,00",1,Produtos_Images/49836d.Imagem do Produto.165851.jpg,,,,234,,,,,
553013,PUL235,PULSEIRAS,MO,53,3,"R$ 159,00",1,Produtos_Images/553013.Imagem do Produto.170108.jpg,,,,235,,,,,
6cc753,PUL236,PULSEIRAS,MO,53,3,"R$ 159,00",1,Produtos_Images/6cc753.Imagem do Produto.171708.jpg,,,,236,,,,,
f725cd,PUL237,PULSEIRAS,JN,16,3,"R$ 48,00",1,Produtos_Images/f725cd.Imagem do Produto.172132.jpg,,,,237,,,,,
,,,,,,,,,,,,,,,,,
b28787,PUL239,PULSEIRAS,JN,33,3,"R$ 99,00",1,Produtos_Images/b28787.Imagem do Produto.172732.jpg,,,,239,,,,,
02d036,PUL240,PULSEIRAS,JN,39,3,"R$ 117,00",1,Produtos_Images/02d036.Imagem do Produto.173007.jpg,,,,240,,,,,
f2f1e0,PUL241,PULSEIRAS,JN,37,3,"R$ 111,00",1,Produtos_Images/f2f1e0.Imagem do Produto.173346.jpg,,,,241,,,,,
,,,,,,,,,,,,,,,,,
7dad04,CD316,CORDÕES,JN,59,3,"R$ 177,00",1,Produtos_Images/7dad04.Imagem do Produto.181101.jpg,,,,,316,,,,
705587,CD317,CORDÕES,MO,53,3,"R$ 159,00",1,Produtos_Images/705587.Imagem do Produto.181326.jpg,,,,,317,,,,
909418,CD318,CORDÕES,MO,55,3,"R$ 165,00",1,Produtos_Images/909418.Imagem do Produto.182514.jpg,,,,,318,,,,
3d6a3e,CD319,CORDÕES,MO,45,3,"R$ 135,00",1,Produtos_Images/3d6a3e.Imagem do Produto.183132.jpg,,,,,319,,,,
b7ff60,PUL243,PULSEIRAS,JL,49,3,"R$ 147,00",0,Produtos_Images/b7ff60.Imagem do Produto.132559.jpg,,,,243,,,,,
7606dd,CD320,CORDÕES,MO,51,3,"R$ 153,00",1,Produtos_Images/7606dd.Imagem do Produto.134514.jpg,,572,,,320,,,,
9d437a,CD321,CORDÕES,MO,33,3,"R$ 99,00",1,Produtos_Images/9d437a.Imagem do Produto.135251.jpg,,,,,321,,,,
31025e,CD322,CORDÕES,MO,44,3,"R$ 132,00",1,Produtos_Images/31025e.Imagem do Produto.135503.jpg,,,,,322,,,,
7c610f,CD323,CORDÕES,MO,49,3,"R$ 147,00",1,Produtos_Images/7c610f.Imagem do Produto.144436.jpg,,,,,323,,,,
6f2ce9,CD324,CORDÕES,MO,42,3,"R$ 126,00",1,Produtos_Images/6f2ce9.Imagem do Produto.144625.jpg,,,,,324,,,,
5fc017,CD325,CORDÕES,MO,32,3,"R$ 96,00",1,Produtos_Images/5fc017.Imagem do Produto.144855.jpg,,,,,325,,,,
18c659,CD326,CORDÕES,MO,38,3,"R$ 114,00",1,Produtos_Images/18c659.Imagem do Produto.145200.jpg,,,,,326,,,,
,,,,,,,,,,,,,,,,,
25605c,CD328,CORDÕES,MO,48,3,"R$ 144,00",1,Produtos_Images/25605c.Imagem do Produto.150255.jpg,,,,,328,,,,
ede0c0,CD329,CORDÕES,MO,49,3,"R$ 147,00",1,Produtos_Images/ede0c0.Imagem do Produto.150442.jpg,,,,,329,,,,
0d6b8d,CD330,CORDÕES,MO,49,3,"R$ 147,00",1,Produtos_Images/0d6b8d.Imagem do Produto.150637.jpg,,,,,330,,,,
86b0ef,CD331,CORDÕES,MO,55,3,"R$ 165,00",1,Produtos_Images/86b0ef.Imagem do Produto.150938.jpg,,,,,331,,,,
2efa46,CD332,CORDÕES,MO,39,3,"R$ 117,00",1,Produtos_Images/2efa46.Imagem do Produto.151119.jpg,,,,,332,,,,
2f6cec,CD333,CORDÕES,MO,63,3,"R$ 189,00",1,Produtos_Images/2f6cec.Imagem do Produto.151312.jpg,,,,,333,,,,
0b0701,CD334,CORDÕES,MO,47,3,"R$ 141,00",1,Produtos_Images/0b0701.Imagem do Produto.151515.jpg,,,,,334,,,,
187f84,CD335,CORDÕES,MO,42,3,"R$ 126,00",1,Produtos_Images/187f84.Imagem do Produto.151726.jpg,,,,,335,,,,
fa13e3,CD336,CORDÕES,MO,49,3,"R$ 147,00",1,Produtos_Images/fa13e3.Imagem do Produto.151921.jpg,,,,,336,,,,
17000a,CD337,CORDÕES,MO,49,"3,22","R$ 157,78",1,Produtos_Images/17000a.Imagem do Produto.152122.jpg,,,,,337,,,,
,,,,,,,,,,,,,,,,,
62d2e1,CD339,CORDÕES,DC,33,3,"R$ 99,00",1,Produtos_Images/62d2e1.Imagem do Produto.152446.jpg,,,,,339,,,,
7f3d05,CD340,CORDÕES,JL,48,3,"R$ 144,00",1,Produtos_Images/7f3d05.Imagem do Produto.152642.jpg,,,,,340,,,,
e3f554,CD341,CORDÕES,JN,66,3,"R$ 198,00",1,Produtos_Images/e3f554.Imagem do Produto.152858.jpg,,,,,341,,,,
45d86e,CD342,CORDÕES,JL,66,3,"R$ 198,00",0,Produtos_Images/45d86e.Imagem do Produto.153750.jpg,,,,,342,,,,
a6d75a,CD343,CORDÕES,JL,56,3,"R$ 168,00",1,Produtos_Images/a6d75a.Imagem do Produto.153833.jpg,,,,,343,,,,
218007,CD344,CORDÕES,JL,63,3,"R$ 189,00",1,Produtos_Images/218007.Imagem do Produto.154058.jpg,,,,,344,,,,
a9cb21,CD345,CORDÕES,JL,52,3,"R$ 156,00",0,Produtos_Images/a9cb21.Imagem do Produto.154221.jpg,,,,,345,,,,
2ced39,TN011,TORNOZELEIRA,MO,23,3,"R$ 69,00",1,Produtos_Images/2ced39.Imagem do Produto.154412.jpg,,,,,346,,11,,
8d983a,TN012,TORNOZELEIRA,MO,23,3,"R$ 69,00",1,Produtos_Images/8d983a.Imagem do Produto.154509.jpg,,,,,346,,12,,
9ec126,CD346,CORDÕES,JN,86,3,"R$ 258,00",2,Produtos_Images/9ec126.Imagem do Produto.155908.jpg,,,,,346,,,,
3508a0,CD347,CORDÕES,JN,85,3,"R$ 255,00",1,Produtos_Images/3508a0.Imagem do Produto.160309.jpg,,,,,347,,,,
383357,CJ090,CONJUNTOS,JL,91,3,"R$ 273,00",1,Produtos_Images/383357.Imagem do Produto.161443.jpg,,,,,,90,,,
274736,CD348,CORDÕES,JN,80,3,"R$ 240,00",1,Produtos_Images/274736.Imagem do Produto.161933.jpg,,,,,348,,,,
355573,PUL244,PULSEIRAS,JL,59,3,"R$ 177,00",1,Produtos_Images/355573.Imagem do Produto.162648.jpg,,,,244,,,,,
cca0d8,BR572,BRINCOS,JL,43,3,"R$ 129,00",1,Produtos_Images/cca0d8.Imagem do Produto.162740.jpg,,572,,,,,,,
9e6c3a,BR573,BRINCOS,JL,88,3,"R$ 264,00",0,Produtos_Images/9e6c3a.Imagem do Produto.163247.jpg,,573,,,,,,,
0e0a13,BR574,BRINCOS,JL,59,3,"R$ 177,00",0,Produtos_Images/0e0a13.Imagem do Produto.163317.jpg,,574,,,,,,,
5b17f3,AN264,ANÉIS,JN,37,3,"R$ 111,00",1,Produtos_Images/5b17f3.Imagem do Produto.163711.jpg,,,264,,,,,,
602f12,AN265,ANÉIS,JN,63,3,"R$ 189,00",1,Produtos_Images/602f12.Imagem do Produto.163735.jpg,,,265,,,,,,
,,,,,,,,,,,,,,,,,
e42a18,AN267,ANÉIS,JN,55,3,"R$ 165,00",1,Produtos_Images/e42a18.Imagem do Produto.163944.jpg,,,267,,,,,,
3J08A1,AN268,ANÉIS,JN,28,3,"R$ 84,00",1,Produtos_Images/1e8658.Imagem do Produto.164046.jpg,,,268,,,,,,
ac14b6,AN269,ANÉIS,JN,79,3,"R$ 237,00",1,Produtos_Images/ac14b6.Imagem do Produto.164143.jpg,,,269,,,,,,
59ea49,AN270,ANÉIS,JN,26,3,"R$ 78,00",1,Produtos_Images/59ea49.Imagem do Produto.164231.jpg,,,270,,,,,,
9x1ga1,BR575,BRINCOS,WDF,"4,9","4,49","R$ 22,00",4,Produtos_Images/6e2604.Imagem do Produto.200845.jpg,,575,,,,,,,
9d1ca0,BR576,BRINCOS,WDF,6,4,"R$ 24,00",3,Produtos_Images/9d1ca0.Imagem do Produto.202853.jpg,,576,,,,,,,
d62406,BR577,BRINCOS,WDF,6,"4,1","R$ 24,60",3,Produtos_Images/d62406.Imagem do Produto.203950.jpg,,577,,,,,,,
58c7ca,BR578,BRINCOS,WDF,"5,5","4,6","R$ 25,30",3,Produtos_Images/58c7ca.Imagem do Produto.205245.jpg,,578,,,,,,,
3f70f0,BR579,BRINCOS,WDF,"6,9","4,5","R$ 31,05",2,Produtos_Images/3f70f0.Imagem do Produto.205601.jpg,,579,,,,,,,
3c888e,BR580,BRINCOS,WDF,"7,1",5,"R$ 35,50",1,Produtos_Images/3c888e.Imagem do Produto.205703.jpg,,580,,,,,,,
c808f6,BR581,BRINCOS,WDf,6,4,"R$ 24,00",3,Produtos_Images/c808f6.Imagem do Produto.190612.jpg,,581,,,,,,,
,,,,,,,,,,,,,,,,,
eedee8,BR583,BRINCOS,WDF,6,4,"R$ 24,00",1,Produtos_Images/eedee8.Imagem do Produto.191341.jpg,,583,,,,,,,
c0b631,BR584,BRINCOS,WDF,6,4,"R$ 24,00",1,Produtos_Images/c0b631.Imagem do Produto.191557.jpg,,584,,,,,,,
d1c0dd,BR585,BRINCOS,WDF,6,4,"R$ 24,00",2,Produtos_Images/d1c0dd.Imagem do Produto.192753.jpg,,585,,,,,,,
2a9f6b,BR586,BRINCOS,WDF,7,4,"R$ 28,00",3,Produtos_Images/2a9f6b.Imagem do Produto.193058.jpg,,586,,,,,,,
1409f5,BR587,BRINCOS,WDF,9,4,"R$ 36,00",1,Produtos_Images/1409f5.Imagem do Produto.193403.jpg,,587,,,,,,,
64e14f,BR588,BRINCOS,WDF,13,4,"R$ 52,00",1,Produtos_Images/64e14f.Imagem do Produto.193556.jpg,,588,,,,,,,
76fe41,BR589,BRINCOS,WDF,10,4,"R$ 40,00",2,Produtos_Images/76fe41.Imagem do Produto.193837.jpg,,589,,,,,,,
19b25d,BR590,BRINCOS,WDF,10,4,"R$ 40,00",2,Produtos_Images/19b25d.Imagem do Produto.202641.jpg,,590,,,,,,,
eefc37,BR591,BRINCOS,Ev,18,4,"R$ 72,00",2,Produtos_Images/eefc37.Imagem do Produto.230214.jpg,,591,,,,,,,
8fbc46,BR592,BRINCOS,EV,"17,3","3,8","R$ 65,74",1,Produtos_Images/8fbc46.Imagem do Produto.002123.jpg,,592,,,,,,,
bc9dfb,BR593,BRINCOS,EV,13,5,"R$ 65,00",2,Produtos_Images/bc9dfb.Imagem do Produto.150430.jpg,,593,,,,,,,
dc78a8,BR594,BRINCOS,EV,13,5,"R$ 65,00",2,Produtos_Images/dc78a8.Imagem do Produto.150815.jpg,,594,,,,,,,
78720d,BR595,BRINCOS,EV,13,6,"R$ 78,00",1,Produtos_Images/78720d.Imagem do Produto.150856.jpg,,595,,,,,,,
7a5700,BR596,BRINCOS,EV,"13,8",5,"R$ 69,00",2,Produtos_Images/7a5700.Imagem do Produto.151112.jpg,,596,,,,,,,
22cdf1,BR597,BRINCOS,EV,"13,8",3,"R$ 41,40",2,Produtos_Images/22cdf1.Imagem do Produto.151716.jpg,,597,,,,,,,
8c4678,BR598,BRINCOS,EV,"14,9",6,"R$ 89,40",2,Produtos_Images/8c4678.Imagem do Produto.151917.jpg,,598,,,,,,,
91fee4,BR599,BRINCOS,EV,12,5,"R$ 60,00",1,Produtos_Images/91fee4.Imagem do Produto.152154.jpg,,599,,,,,,,
6ec498,BR600,BRINCOS,EV,"12,8",7,"R$ 89,60",10,Produtos_Images/6ec498.Imagem do Produto.134258.jpg,,600,,,,,,,
2613b4,BR601,BRINCOS,EV,"13,8",5,"R$ 69,00",2,Produtos_Images/2613b4.Imagem do Produto.135116.jpg,,601,,,,,,,
,,,,,,,,,,,,,,,,,
e6da0b,BR603,BRINCOS,EV,13,6,"R$ 78,00",1,Produtos_Images/e6da0b.Imagem do Produto.140510.jpg,,603,,,,,,,
1ed6f3,BR604,BRINCOS,EV,11,5,"R$ 55,00",1,Produtos_Images/1ed6f3.Imagem do Produto.155927.jpg,,604,,,,,,,
c42413,BR605,BRINCOS,Ev,11,5,"R$ 55,00",1,Produtos_Images/c42413.Imagem do Produto.160817.jpg,,605,,,,,,,
d6fa82,BR606,BRINCOS,EV,"11,6",5,"R$ 58,00",1,Produtos_Images/d6fa82.Imagem do Produto.160858.jpg,,606,,,,,,,
228870,BR607,BRINCOS,EV,11,5,"R$ 55,00",1,Produtos_Images/228870.Imagem do Produto.161107.jpg,,607,,,,,,,
a5fe97,BR608,BRINCOS,EV,13,"3,5","R$ 45,50",1,Produtos_Images/a5fe97.Imagem do Produto.161337.jpg,,608,,,,,,,
ee0200,BR609,BRINCOS,EV,"9,5",5,"R$ 47,50",1,Produtos_Images/ee0200.Imagem do Produto.161806.jpg,,609,,,,,,,
4fa152,BR610,BRINCOS,EV,11,5,"R$ 55,00",1,Produtos_Images/4fa152.Imagem do Produto.162824.jpg,,610,,,,,,,
,,,,,,,,,,,,,,,,,
3e03e1,BR612,BRINCOS,EV,"12,4",5,"R$ 62,00",0,Produtos_Images/3e03e1.Imagem do Produto.164131.jpg,,612,,,,,,,
949b25,BR613,BRINCOS,EV,11,5,"R$ 55,00",1,Produtos_Images/949b25.Imagem do Produto.165136.jpg,,613,,,,,,,
,,,,,,,,,,,,,,,,,
479323,BR615,BRINCOS,EV,11,5,"R$ 55,00",1,Produtos_Images/479323.Imagem do Produto.170600.jpg,,615,,,,,,,
,,,,,,,,,,,,,,,,,
f8a6f2,BR617,BRINCOS,EV,"11,9",5,"R$ 59,50",1,Produtos_Images/f8a6f2.Imagem do Produto.171740.jpg,,617,,,,,,,
37c8cc,BR618,BRINCOS,EV,15,5,"R$ 75,00",1,Produtos_Images/37c8cc.Imagem do Produto.172023.jpg,,618,,,,,,,
298416,BR619,BRINCOS,EV,"11,8",5,"R$ 59,00",0,Produtos_Images/298416.Imagem do Produto.172926.jpg,,619,,,,,,,
,,,,,,,,,,,,,,,,,
e512c3,BR621,BRINCOS,EV,"13,5",5,"R$ 67,50",1,Produtos_Images/e512c3.Imagem do Produto.173549.jpg,,621,,,,,,,
c0d640,BR622,BRINCOS,EV,"13,5",5,"R$ 67,50",1,Produtos_Images/c0d640.Imagem do Produto.174015.jpg,,622,,,,,,,
8b9f2e,BR623,BRINCOS,EV,"12,5",6,"R$ 75,00",1,Produtos_Images/8b9f2e.Imagem do Produto.174321.jpg,,623,,,,,,,
e69e85,BR624,BRINCOS,EV,13,6,"R$ 78,00",1,Produtos_Images/e69e85.Imagem do Produto.174509.jpg,,624,,,,,,,
29d6c4,BR625,BRINCOS,EV,13,6,"R$ 78,00",2,Produtos_Images/29d6c4.Imagem do Produto.174803.jpg,,625,,,,,,,
a44bc0,BR626,BRINCOS,EV,13,5,"R$ 65,00",1,Produtos_Images/a44bc0.Imagem do Produto.175000.jpg,,626,,,,,,,
b2d444,BR627,BRINCOS,EV,13,5,"R$ 65,00",1,Produtos_Images/b2d444.Imagem do Produto.160122.jpg,,627,,,,,,,
0dd509,BR628,BRINCOS,EV,13,5,"R$ 65,00",1,Produtos_Images/0dd509.Imagem do Produto.161621.jpg,,628,,,,,,,
,,,,,,,,,,,,,,,,,
e5bb3c,BR630,BRINCOS,EV,13,"4,5","R$ 58,50",1,Produtos_Images/e5bb3c.Imagem do Produto.165530.jpg,,630,,,,,,,
fef746,BR631,BRINCOS,EV,13,"4,5","R$ 58,50",1,Produtos_Images/fef746.Imagem do Produto.165704.jpg,,631,,,,,,,
47f008,BR632,BRINCOS,EV,13,"4,5","R$ 58,50",0,Produtos_Images/47f008.Imagem do Produto.165907.jpg,,632,,,,,,,
98ab9a,BR633,BRINCOS,EV,13,"4,5","R$ 58,50",1,Produtos_Images/98ab9a.Imagem do Produto.165943.jpg,,633,,,,,,,
,,,,,,,,,,,,,,,,,
ca4775,BR635,BRINCOS,EV,"13,8",5,"R$ 69,00",0,Produtos_Images/ca4775.Imagem do Produto.170148.jpg,,635,,,,,,,
8c5247,BR636,BRINCOS,EV,13,5,"R$ 65,00",1,Produtos_Images/8c5247.Imagem do Produto.170313.jpg,,636,,,,,,,
278be7,BR637,BRINCOS,EV,13,5,"R$ 65,00",1,Produtos_Images/278be7.Imagem do Produto.170441.jpg,,637,,,,,,,
e6646f,BR638,BRINCOS,EV,"13,8",5,"R$ 69,00",1,Produtos_Images/e6646f.Imagem do Produto.170554.jpg,,638,,,,,,,
09641c,BR639,BRINCOS,EV,"14,5",5,"R$ 72,50",1,Produtos_Images/09641c.Imagem do Produto.170705.jpg,,639,,,,,,,
4eb195,BR640,BRINCOS,EV,13,5,"R$ 65,00",0,Produtos_Images/4eb195.Imagem do Produto.170811.jpg,,640,,,,,,,
f7efc0,BR641,BRINCOS,Ev,13,6,"R$ 78,00",1,Produtos_Images/f7efc0.Imagem do Produto.171113.jpg,,641,,,,,,,
fcb911,BR642,BRINCOS,EV,"12,6",6,"R$ 75,60",1,Produtos_Images/fcb911.Imagem do Produto.171416.jpg,,642,,,,,,,
,,,,,,,,,,,,,,,,,
f62395,BR644,BRINCOS,EV,13,"4,5","R$ 58,50",1,Produtos_Images/f62395.Imagem do Produto.171803.jpg,,644,,,,,,,
,,,,,,,,,,,,,,,,,
d0f246,BR646,BRINCOS,EV,"14,8",5,"R$ 74,00",1,Produtos_Images/d0f246.Imagem do Produto.172035.jpg,,646,,,,,,,
19e09a,BR647,BRINCOS,EV,"12,5",6,"R$ 75,00",1,Produtos_Images/19e09a.Imagem do Produto.172510.jpg,,647,,,,,,,
570ab8,BR648,BRINCOS,EV,12,6,"R$ 72,00",0,Produtos_Images/570ab8.Imagem do Produto.172649.jpg,,648,,,,,,,
6c93c0,BR649,BRINCOS,EV,"12,5",6,"R$ 75,00",1,Produtos_Images/6c93c0.Imagem do Produto.172733.jpg,,649,,,,,,,
0af204,BR650,BRINCOS,EV,"12,5",6,"R$ 75,00",1,Produtos_Images/0af204.Imagem do Produto.172900.jpg,,650,,,,,,,
63cd60,BR651,BRINCOS,EV,13,5,"R$ 65,00",1,Produtos_Images/63cd60.Imagem do Produto.173016.jpg,,651,,,,,,,
7ad075,BR652,BRINCOS,EV,"14,5",5,"R$ 72,50",1,Produtos_Images/7ad075.Imagem do Produto.173351.jpg,,652,,,,,,,
c4b085,BR653,BRINCOS,EV,"13,8",4,"R$ 55,20",1,Produtos_Images/c4b085.Imagem do Produto.174159.jpg,,653,,,,,,,
15dbb8,BR654,BRINCOS,EV,"13,5",4,"R$ 54,00",1,Produtos_Images/15dbb8.Imagem do Produto.174313.jpg,,654,,,,,,,
cabdb6,BR655,BRINCOS,EV,13,5,"R$ 65,00",1,Produtos_Images/cabdb6.Imagem do Produto.174401.jpg,,655,,,,,,,
622264,BR656,BRINCOS,EV,12,4,"R$ 48,00",1,Produtos_Images/622264.Imagem do Produto.174526.jpg,,656,,,,,,,
decf56,BR657,BRINCOS,EV,13,5,"R$ 65,00",1,Produtos_Images/decf56.Imagem do Produto.174615.jpg,,657,,,,,,,
10652c,BR658,BRINCOS,EV,"14,5",5,"R$ 72,50",1,Produtos_Images/10652c.Imagem do Produto.174843.jpg,,658,,,,,,,
83d3ea,BR659,BRINCOS,EV,13,5,"R$ 65,00",1,Produtos_Images/83d3ea.Imagem do Produto.174919.jpg,,659,,,,,,,
649e5b,BR660,BRINCOS,EV,13,5,"R$ 65,00",1,Produtos_Images/649e5b.Imagem do Produto.175058.jpg,,660,,,,,,,
,,,,,,,,,,,,,,,,,
b4db5a,BR662,BRINCOS,EV,13,4,"R$ 52,00",1,Produtos_Images/b4db5a.Imagem do Produto.175406.jpg,,662,,,,,,,
,,,,,,,,,,,,,,,,,
,,,,,,,,,,,,,,,,,
578db4,BR665,BRINCOS,EV,13,5,"R$ 65,00",1,Produtos_Images/578db4.Imagem do Produto.175751.jpg,,665,,,,,,,
3b4d79,BR666,BRINCOS,EV,13,5,"R$ 65,00",1,Produtos_Images/3b4d79.Imagem do Produto.175829.jpg,,666,,,,,,,
bc4040,BR667,BRINCOS,EV,13,6,"R$ 78,00",1,Produtos_Images/bc4040.Imagem do Produto.180050.jpg,,667,,,,,,,
70bbda,BR668,BRINCOS,EV,13,5,"R$ 65,00",1,Produtos_Images/70bbda.Imagem do Produto.180143.jpg,,668,,,,,,,
2d1a0d,BR669,BRINCOS,EV,13,4,"R$ 52,00",1,Produtos_Images/2d1a0d.Imagem do Produto.180219.jpg,,669,,,,,,,
e757cb,BR670,BRINCOS,EV,13,6,"R$ 78,00",1,Produtos_Images/e757cb.Imagem do Produto.180721.jpg,,670,,,,,,,
87d558,BR671,BRINCOS,EV,14,6,"R$ 84,00",1,Produtos_Images/87d558.Imagem do Produto.180806.jpg,,671,,,,,,,
f2d3e8,BR672,BRINCOS,EV,13,5,"R$ 65,00",1,Produtos_Images/f2d3e8.Imagem do Produto.180920.jpg,,672,,,,,,,
ce1b07,BR673,BRINCOS,EV,13,6,"R$ 78,00",1,Produtos_Images/ce1b07.Imagem do Produto.181123.jpg,,673,,,,,,,
f772ee,BR674,BRINCOS,EV,12,4,"R$ 48,00",1,Produtos_Images/f772ee.Imagem do Produto.181354.jpg,,674,,,,,,,
120e0e,BR675,BRINCOS,EV,13,5,"R$ 65,00",1,Produtos_Images/120e0e.Imagem do Produto.193048.jpg,,675,,,,,,,
18a8bf,BR676,BRINCOS,EV,13,5,"R$ 65,00",1,Produtos_Images/18a8bf.Imagem do Produto.193306.jpg,,676,,,,,,,
8eceeb,BR677,BRINCOS,EV,13,5,"R$ 65,00",1,Produtos_Images/8eceeb.Imagem do Produto.194537.jpg,,677,,,,,,,
9301fb,BR678,BRINCOS,EV,"13,9",5,"R$ 69,50",1,Produtos_Images/9301fb.Imagem do Produto.194644.jpg,,678,,,,,,,
78083a,BR679,BRINCOS,EV,13,5,"R$ 65,00",1,Produtos_Images/78083a.Imagem do Produto.194746.jpg,,679,,,,,,,
,,,,,,,,,,,,,,,,,
bea82f,BR681,BRINCOS,EV,13,5,"R$ 65,00",1,Produtos_Images/bea82f.Imagem do Produto.195211.jpg,,681,,,,,,,
b2bcbc,BR682,BRINCOS,EV,13,6,"R$ 78,00",2,Produtos_Images/b2bcbc.Imagem do Produto.195555.jpg,,682,,,,,,,
bd9694,BR683,BRINCOS,EV,13,6,"R$ 78,00",1,Produtos_Images/bd9694.Imagem do Produto.195712.jpg,,683,,,,,,,
e90249,BR684,BRINCOS,EV,15,5,"R$ 75,00",1,Produtos_Images/e90249.Imagem do Produto.195852.jpg,,684,,,,,,,
,,,,,,,,,,,,,,,,,
,,,,,,,,,,,,,,,,,
c02946,BR687,BRINCOS,EV,13,6,"R$ 78,00",1,Produtos_Images/c02946.Imagem do Produto.200412.jpg,,687,,,,,,,
,,,,,,,,,,,,,,,,,
23deb1,BR689,BRINCOS,EV,13,6,"R$ 78,00",1,Produtos_Images/23deb1.Imagem do Produto.200613.jpg,,689,,,,,,,
8e49a5,BR690,BRINCOS,EV,"15,8",5,"R$ 79,00",1,Produtos_Images/8e49a5.Imagem do Produto.200825.jpg,,690,,,,,,,
,,,,,,,,,,,,,,,,,
b29c8d,BR692,BRINCOS,EV,13,6,"R$ 78,00",1,Produtos_Images/b29c8d.Imagem do Produto.202438.jpg,,692,,,,,,,
,,,,,,,,,,,,,,,,,
e496af,BR694,BRINCOS,EV,"13,9",5,"R$ 69,50",2,Produtos_Images/e496af.Imagem do Produto.202723.jpg,,694,,,,,,,
bbe58b,BR695,BRINCOS,EV,"13,5",5,"R$ 67,50",1,Produtos_Images/bbe58b.Imagem do Produto.202825.jpg,,695,,,,,,,
d37227,BR696,BRINCOS,EV,15,5,"R$ 75,00",1,Produtos_Images/d37227.Imagem do Produto.203020.jpg,,696,,,,,,,
23977d,BR697,BRINCOS,EV,13,5,"R$ 65,00",1,Produtos_Images/23977d.Imagem do Produto.203049.jpg,,697,,,,,,,
3b12b3,BR698,BRINCOS,EV,13,5,"R$ 65,00",1,Produtos_Images/3b12b3.Imagem do Produto.203224.jpg,,698,,,,,,,
387892,BR699,BRINCOS,EV,13,5,"R$ 65,00",1,Produtos_Images/387892.Imagem do Produto.203310.jpg,,699,,,,,,,
7ff648,BR700,BRINCOS,EV,14,6,"R$ 84,00",1,Produtos_Images/7ff648.Imagem do Produto.203535.jpg,,700,,,,,,,
a208a4,BR701,BRINCOS,EV,13,5,"R$ 65,00",1,Produtos_Images/a208a4.Imagem do Produto.204029.jpg,,701,,,,,,,
753af6,BR702,BRINCOS,EV,13,5,"R$ 65,00",2,Produtos_Images/753af6.Imagem do Produto.204108.jpg,,702,,,,,,,
86bcfa,BR703,BRINCOS,EV,13,5,"R$ 65,00",1,Produtos_Images/86bcfa.Imagem do Produto.125121.jpg,,703,,,,,,,
68036f,BR704,BRINCOS,EV,13,5,"R$ 65,00",1,Produtos_Images/68036f.Imagem do Produto.125841.jpg,,704,,,,,,,
67fb17,BR705,BRINCOS,EV,13,5,"R$ 65,00",1,Produtos_Images/67fb17.Imagem do Produto.130107.jpg,,705,,,,,,,
c4cffa,BR706,BRINCOS,EV,"13,8",5,"R$ 69,00",1,Produtos_Images/c4cffa.Imagem do Produto.130523.jpg,,706,,,,,,,
c319d0,BR707,BRINCOS,EV,13,6,"R$ 78,00",2,Produtos_Images/c319d0.Imagem do Produto.130807.jpg,,707,,,,,,,
0ab8d8,BR708,BRINCOS,EV,"13,3",5,"R$ 66,50",2,Produtos_Images/0ab8d8.Imagem do Produto.131059.jpg,,708,,,,,,,
40d2f6,BR709,BRINCOS,EV,"12,8",5,"R$ 64,00",2,Produtos_Images/40d2f6.Imagem do Produto.131327.jpg,,709,,,,,,,
e830cc,BR710,BRINCOS,EV,13,"4,5","R$ 58,50",2,Produtos_Images/e830cc.Imagem do Produto.131626.jpg,,710,,,,,,,
29c0e1,BR711,BRINCOS,EV,14,4,"R$ 56,00",2,Produtos_Images/29c0e1.Imagem do Produto.131939.jpg,,711,,,,,,,
5ee0fd,BR712,BRINCOS,Ev,13,6,"R$ 78,00",2,Produtos_Images/5ee0fd.Imagem do Produto.132308.jpg,,712,,,,,,,
485f20,BR713,BRINCOS,EV,13,5,"R$ 65,00",2,Produtos_Images/485f20.Imagem do Produto.132530.jpg,,713,,,,,,,
aa6fe8,BR714,BRINCOS,EV,13,5,"R$ 65,00",2,Produtos_Images/aa6fe8.Imagem do Produto.132832.jpg,,714,,,,,,,
608783,BR715,BRINCOS,EV,14,3,"R$ 42,00",0,Produtos_Images/608783.Imagem do Produto.133035.jpg,,715,,,,,,,
4ea353,BR716,BRINCOS,EV,"13,8",5,"R$ 69,00",2,Produtos_Images/4ea353.Imagem do Produto.134434.jpg,,716,,,,,,,
c35f5f,BR717,BRINCOS,EV,13,6,"R$ 78,00",0,Produtos_Images/c35f5f.Imagem do Produto.134504.jpg,,717,,,,,,,
271dbd,BR718,BRINCOS,EV,13,5,"R$ 65,00",1,Produtos_Images/271dbd.Imagem do Produto.134715.jpg,,718,,,,,,,
2x14bh,BR719,BRINCOS,EV,13,4,"R$ 52,00",1,Produtos_Images/48e147.Imagem do Produto.134945.jpg,,719,,,,,,,
604c2f,BR720,BRINCOS,EV,14,4,"R$ 56,00",1,Produtos_Images/604c2f.Imagem do Produto.135025.jpg,,720,,,,,,,
86a3ee,BR721,BRINCOS,EV,13,5,"R$ 65,00",0,Produtos_Images/86a3ee.Imagem do Produto.135958.jpg,,721,,,,,,,
c2f9f5,BR722,BRINCOS,EV,13,5,"R$ 65,00",2,Produtos_Images/c2f9f5.Imagem do Produto.140143.jpg,,722,,,,,,,
e10102,BR723,BRINCOS,EV,13,6,"R$ 78,00",1,Produtos_Images/e10102.Imagem do Produto.140303.jpg,,723,,,,,,,
089f62,BR724,BRINCOS,EV,13,5,"R$ 65,00",1,Produtos_Images/089f62.Imagem do Produto.140424.jpg,,724,,,,,,,
86a512,BR725,BRINCOS,EV,15,5,"R$ 75,00",1,Produtos_Images/86a512.Imagem do Produto.140537.jpg,,725,,,,,,,
10c35e,BR726,BRINCOS,EV,"13,8",5,"R$ 69,00",2,Produtos_Images/10c35e.Imagem do Produto.140632.jpg,,726,,,,,,,
243cbb,BR727,BRINCOS,EV,13,5,"R$ 65,00",1,Produtos_Images/243cbb.Imagem do Produto.140835.jpg,,727,,,,,,,
6532cb,BR728,BRINCOS,EV,"13,8",5,"R$ 69,00",1,Produtos_Images/6532cb.Imagem do Produto.170300.jpg,,728,,,,,,,
65d17c,BR729,BRINCOS,EV,13,4,"R$ 52,00",2,Produtos_Images/65d17c.Imagem do Produto.170511.jpg,,729,,,,,,,
,,,,,,,,,,,,,,,,,
68a36c,BR731,BRINCOS,EV,13,5,"R$ 65,00",1,Produtos_Images/68a36c.Imagem do Produto.172121.jpg,,731,,,,,,,
15298,BR732,BRINCOS,EV,13,5,"R$ 65,00",1,Produtos_Images/015298.Imagem do Produto.172405.jpg,,732,,,,,,,
cf0426,BR733,BRINCOS,EV,13,5,"R$ 65,00",1,Produtos_Images/cf0426.Imagem do Produto.172440.jpg,,733,,,,,,,
a21bd4,BR734,BRINCOS,EV,13,5,"R$ 65,00",1,Produtos_Images/a21bd4.Imagem do Produto.172540.jpg,,734,,,,,,,
93bc89,BR735,BRINCOS,EV,"13,8",5,"R$ 69,00",1,Produtos_Images/93bc89.Imagem do Produto.172700.jpg,,735,,,,,,,
3972c1,BR736,BRINCOS,EV,13,5,"R$ 65,00",1,Produtos_Images/3972c1.Imagem do Produto.173130.jpg,,736,,,,,,,
196380,BR737,BRINCOS,EV,"11,8",5,"R$ 59,00",1,Produtos_Images/196380.Imagem do Produto.173301.jpg,,737,,,,,,,
ad2ce7,BR738,BRINCOS,EV,"13,5",5,"R$ 67,50",1,Produtos_Images/ad2ce7.Imagem do Produto.173404.jpg,,738,,,,,,,
3da7e4,BR739,BRINCOS,EV,"13,8",5,"R$ 69,00",1,Produtos_Images/3da7e4.Imagem do Produto.173453.jpg,,739,,,,,,,
fbcc29,BR740,BRINCOS,EV,13,5,"R$ 65,00",1,Produtos_Images/fbcc29.Imagem do Produto.173742.jpg,,740,,,,,,,
d66b46,BR741,BRINCOS,EV,13,5,"R$ 65,00",2,Produtos_Images/d66b46.Imagem do Produto.173833.jpg,,741,,,,,,,
0ac8fa,BR742,BRINCOS,EV,13,5,"R$ 65,00",1,Produtos_Images/0ac8fa.Imagem do Produto.173924.jpg,,742,,,,,,,
dce494,BR743,BRINCOS,EV,13,4,"R$ 52,00",1,Produtos_Images/dce494.Imagem do Produto.174106.jpg,,743,,,,,,,
cd1493,BR744,BRINCOS,EV,13,5,"R$ 65,00",1,Produtos_Images/cd1493.Imagem do Produto.174211.jpg,,744,,,,,,,
e083e9,BR745,BRINCOS,EV,15,5,"R$ 75,00",0,Produtos_Images/e083e9.Imagem do Produto.174344.jpg,,745,,,,,,,
5f06ed,BR746,BRINCOS,Ev,13,5,"R$ 65,00",1,Produtos_Images/5f06ed.Imagem do Produto.174443.jpg,,746,,,,,,,
373b75,BR747,BRINCOS,EV,13,5,"R$ 65,00",1,Produtos_Images/373b75.Imagem do Produto.174624.jpg,,747,,,,,,,
53fb34,BR748,BRINCOS,EV,"13,5",5,"R$ 67,50",1,Produtos_Images/53fb34.Imagem do Produto.174740.jpg,,748,,,,,,,
a8cb50,BR749,BRINCOS,EV,12,6,"R$ 72,00",1,Produtos_Images/a8cb50.Imagem do Produto.180801.jpg,,749,,,,,,,
1b5593,BR750,BRINCOS,EV,13,5,"R$ 65,00",2,Produtos_Images/1b5593.Imagem do Produto.165338.jpg,,750,,,,,,,
9a70a3,BR751,BRINCOS,EV,13,6,"R$ 78,00",2,Produtos_Images/9a70a3.Imagem do Produto.165502.jpg,,751,,,,,,,
8fef72,BR752,BRINCOS,EV,13,6,"R$ 78,00",2,Produtos_Images/8fef72.Imagem do Produto.165824.jpg,,752,,,,,,,
e39c11,BR753,BRINCOS,EV,13,5,"R$ 65,00",2,Produtos_Images/e39c11.Imagem do Produto.165902.jpg,,753,,,,,,,
98f7ea,BR754,BRINCOS,EV,"12,5",5,"R$ 62,50",1,Produtos_Images/98f7ea.Imagem do Produto.170556.jpg,,754,,,,,,,
a618ee,BR755,BRINCOS,EV,13,5,"R$ 65,00",2,Produtos_Images/a618ee.Imagem do Produto.170822.jpg,,755,,,,,,,
bf7cd0,BR756,BRINCOS,EV,"13,8",5,"R$ 69,00",1,Produtos_Images/bf7cd0.Imagem do Produto.171015.jpg,,756,,,,,,,
41aa20,BR757,BRINCOS,EV,"13,8",5,"R$ 69,00",1,Produtos_Images/41aa20.Imagem do Produto.171154.jpg,,757,,,,,,,
aa074c,BR758,BRINCOS,EV,13,5,"R$ 65,00",2,Produtos_Images/aa074c.Imagem do Produto.171458.jpg,,758,,,,,,,
67751a,BR759,BRINCOS,EV,15,8,"R$ 120,00",2,Produtos_Images/67751a.Imagem do Produto.171747.jpg,,759,,,,,,,
71a18b,BR760,BRINCOS,,15,8,"R$ 120,00",1,Produtos_Images/71a18b.Imagem do Produto.172152.jpg,,760,,,,,,,
7dbf6f,BR761,BRINCOS,EV,13,5,"R$ 65,00",1,Produtos_Images/7dbf6f.Imagem do Produto.172317.jpg,,761,,,,,,,
3aa365,BR762,BRINCOS,EV,15,8,"R$ 120,00",0,Produtos_Images/3aa365.Imagem do Produto.172628.jpg,,762,,,,,,,
58115a,BR763,BRINCOS,Ev,13,5,"R$ 65,00",1,Produtos_Images/58115a.Imagem do Produto.173356.jpg,,763,,,,,,,
e6e848,BR764,BRINCOS,EV,"13,8",5,"R$ 69,00",2,Produtos_Images/e6e848.Imagem do Produto.173711.jpg,,764,,,,,,,
7901ea,BR765,BRINCOS,EV,13,5,"R$ 65,00",4,Produtos_Images/7901ea.Imagem do Produto.173838.jpg,,765,,,,,,,
4ca2d8,BR766,BRINCOS,EV,13,5,"R$ 65,00",1,Produtos_Images/4ca2d8.Imagem do Produto.174046.jpg,,766,,,,,,,
6311ca,BR767,BRINCOS,EV,13,5,"R$ 65,00",1,Produtos_Images/6311ca.Imagem do Produto.174147.jpg,,767,,,,,,,
0ac2d0,BR768,BRINCOS,EV,13,5,"R$ 65,00",1,Produtos_Images/0ac2d0.Imagem do Produto.174243.jpg,,768,,,,,,,
a12799,BR769,BRINCOS,EV,13,5,"R$ 65,00",1,Produtos_Images/a12799.Imagem do Produto.174356.jpg,,769,,,,,,,
f3aa64,BR770,BRINCOS,EV,13,"4,5","R$ 58,50",1,Produtos_Images/f3aa64.Imagem do Produto.174523.jpg,,770,,,,,,,
234a1f,BR771,BRINCOS,EV,13,5,"R$ 65,00",1,Produtos_Images/234a1f.Imagem do Produto.174707.jpg,,771,,,,,,,
d075a3,BR772,BRINCOS,EV,"13,8",5,"R$ 69,00",1,Produtos_Images/d075a3.Imagem do Produto.174746.jpg,,772,,,,,,,
96de13,BR773,BRINCOS,EV,13,5,"R$ 65,00",1,Produtos_Images/96de13.Imagem do Produto.175414.jpg,,773,,,,,,,
309fbc,BR774,BRINCOS,EV,13,5,"R$ 65,00",1,Produtos_Images/309fbc.Imagem do Produto.175548.jpg,,774,,,,,,,
69c3fe,BR775,BRINCOS,EV,14,6,"R$ 84,00",1,Produtos_Images/69c3fe.Imagem do Produto.175758.jpg,,775,,,,,,,
a75781,BR776,BRINCOS,EV,"13,8",5,"R$ 69,00",1,Produtos_Images/a75781.Imagem do Produto.175855.jpg,,776,,,,,,,
677086,BR777,BRINCOS,EV,"14,5",5,"R$ 72,50",1,Produtos_Images/677086.Imagem do Produto.180001.jpg,,777,,,,,,,
0bddf7,BR778,BRINCOS,EV,13,6,"R$ 78,00",4,Produtos_Images/0bddf7.Imagem do Produto.180136.jpg,,778,,,,,,,
e45d3c,BR779,BRINCOS,EV,"14,5",5,"R$ 72,50",1,Produtos_Images/e45d3c.Imagem do Produto.180323.jpg,,779,,,,,,,
e0c953,BR780,BRINCOS,EV,"13,8",5,"R$ 69,00",1,Produtos_Images/e0c953.Imagem do Produto.180514.jpg,,780,,,,,,,
7de0b1,BR781,BRINCOS,EV,"14,5",5,"R$ 72,50",1,Produtos_Images/7de0b1.Imagem do Produto.180640.jpg,,781,,,,,,,
7b152c,BR782,BRINCOS,EV,"14,8","5,99","R$ 88,65",1,Produtos_Images/7b152c.Imagem do Produto.180815.jpg,,782,,,,,,,
9aa239,BR783,BRINCOS,EV,"13,8",5,"R$ 69,00",1,Produtos_Images/9aa239.Imagem do Produto.180929.jpg,,783,,,,,,,
467e7b,BR784,BRINCOS,EV,"13,8",5,"R$ 69,00",1,Produtos_Images/467e7b.Imagem do Produto.181206.jpg,,784,,,,,,,
808b5b,BR785,BRINCOS,EV,"13,8",5,"R$ 69,00",1,Produtos_Images/808b5b.Imagem do Produto.183020.jpg,,785,,,,,,,
0bfbe7,BR786,BRINCOS,EV,13,5,"R$ 65,00",1,Produtos_Images/0bfbe7.Imagem do Produto.183122.jpg,,786,,,,,,,
d31858,BR787,BRINCOS,EV,13,7,"R$ 91,00",1,Produtos_Images/d31858.Imagem do Produto.183244.jpg,,787,,,,,,,
883745,BR788,BRINCOS,EV,"13,8",5,"R$ 69,00",1,Produtos_Images/883745.Imagem do Produto.183445.jpg,,788,,,,,,,
c7a1d9,BR789,BRINCOS,EV,13,4,"R$ 52,00",1,Produtos_Images/c7a1d9.Imagem do Produto.183640.jpg,,789,,,,,,,
,,,,,,,,,,,,,,,,,
d3ef2b,BR791,BRINCOS,EV,"13,8",4,"R$ 55,20",1,Produtos_Images/d3ef2b.Imagem do Produto.184627.jpg,,791,,,,,,,
b1ffc4,BR792,BRINCOS,EV,13,4,"R$ 52,00",1,Produtos_Images/b1ffc4.Imagem do Produto.184759.jpg,,792,,,,,,,
068f9b,BR793,BRINCOS,EV,13,4,"R$ 52,00",1,Produtos_Images/068f9b.Imagem do Produto.184901.jpg,,793,,,,,,,
99b93e,BR794,BRINCOS,EV,13,4,"R$ 52,00",0,Produtos_Images/99b93e.Imagem do Produto.185134.jpg,,794,,,,,,,
d35d93,BR795,BRINCOS,EV,13,5,"R$ 65,00",1,Produtos_Images/d35d93.Imagem do Produto.185247.jpg,,795,,,,,,,
8eb9e0,BR796,BRINCOS,EV,13,5,"R$ 65,00",1,Produtos_Images/8eb9e0.Imagem do Produto.185453.jpg,,796,,,,,,,
,,,,,,,,,,,,,,,,,
0acbc2,BR798,BRINCOS,EV,13,5,"R$ 65,00",1,Produtos_Images/0acbc2.Imagem do Produto.185715.jpg,,798,,,,,,,
9b023d,BR799,BRINCOS,EV,15,5,"R$ 75,00",1,Produtos_Images/9b023d.Imagem do Produto.185918.jpg,,799,,,,,,,
55ad97,AN271,ANÉIS,JL,34,"3,5","R$ 119,00",1,Produtos_Images/55ad97.Imagem do Produto.191955.jpg,,,271,,,,,,
483e7e,CD349,CORDÕES,,"49,9","3,5","R$ 174,65",1,Produtos_Images/483e7e.Imagem do Produto.192441.jpg,,,272,,349,,,,
a17f13,CD350,CORDÕES,JL,53,3,"R$ 159,00",0,Produtos_Images/a17f13.Imagem do Produto.193938.jpg,,,,,350,,,,
cb9e61,CD351,CORDÕES,JL,53,3,"R$ 159,00",1,Produtos_Images/cb9e61.Imagem do Produto.194236.jpg,,,,,351,,,,
308393,CD352,CORDÕES,JL,57,3,"R$ 171,00",0,Produtos_Images/308393.Imagem do Produto.194508.jpg,,,,,352,,,,
94257e,PUL245,PULSEIRAS,JL,39,"3,5","R$ 136,50",1,Produtos_Images/94257e.Imagem do Produto.194824.jpg,,,,245,,,,,
c7fdeb,CD353,CORDÕES,JL,46,3,"R$ 138,00",1,Produtos_Images/c7fdeb.Imagem do Produto.200033.jpg,,,,,353,,,,
0ab6e9,PUL246,PULSEIRAS,JN,29,3,"R$ 87,00",1,Produtos_Images/0ab6e9.Imagem do Produto.200946.jpg,,,,246,,,,,
bc3f31,AN272,ANÉIS,JL,49,3,"R$ 147,00",1,Produtos_Images/bc3f31.Imagem do Produto.201214.jpg,,,272,247,,,,,
745f4c,BR800,BRINCOS,EV,13,5,"R$ 65,00",1,Produtos_Images/745f4c.Imagem do Produto.202140.jpg,,800,,,,,,,
89cb49,BR801,BRINCOS,EV,13,3,"R$ 39,00",0,Produtos_Images/89cb49.Imagem do Produto.203058.jpg,,801,,,,,,,
6d9a3f,BR802,BRINCOS,EV,"4,5",4,"R$ 18,00",3,Produtos_Images/6d9a3f.Imagem do Produto.203737.jpg,,802,,,,,,,
0b07cb,BR803,BRINCOS,EV,"4,5",4,"R$ 18,00",2,Produtos_Images/0b07cb.Imagem do Produto.204205.jpg,,803,,,,,,,
26455d,CD354,CORDÕES,JL,63,3,"R$ 189,00",1,Produtos_Images/26455d.Imagem do Produto.191700.jpg,,,,,354,,,,
0a8d10,CD355,CORDÕES,JL,73,3,"R$ 219,00",0,Produtos_Images/0a8d10.Imagem do Produto.121435.jpg,,,,,355,,,,
a58ecf,CD356,CORDÕES,JL,58,3,"R$ 174,00",0,Produtos_Images/a58ecf.Imagem do Produto.122056.jpg,,,,,356,,,,
00d279,CD357,CORDÕES,JL,46,"3,5","R$ 161,00",1,Produtos_Images/00d279.Imagem do Produto.122543.jpg,,,,,357,,,,
3866b7,CD358,CORDÕES,JL,45,"3,5","R$ 157,50",2,Produtos_Images/3866b7.Imagem do Produto.123224.jpg,,,,,358,,,,
7cd6b1,CD359,PULSEIRAS,JL,55,"3,5","R$ 192,50",-1,Produtos_Images/7cd6b1.Imagem do Produto.124648.jpg,,,,,359,,,,
9257cb,CD360,CORDÕES,OX,75,"3,5","R$ 262,50",1,Produtos_Images/9257cb.Imagem do Produto.130808.jpg,,,,,360,,,,
354c93,CD361,CORDÕES,OX,39,4,"R$ 156,00",1,Produtos_Images/354c93.Imagem do Produto.131240.jpg,,,,,361,,,,
b3c2d7,PUL247,PULSEIRAS,OX,"39,9","3,5","R$ 139,65",1,Produtos_Images/b3c2d7.Imagem do Produto.132154.jpg,,,,247,362,,,,
00d503,PUL248,PULSEIRAS,OX,25,4,"R$ 100,00",1,Produtos_Images/00d503.Imagem do Produto.132352.jpg,,,,248,,,,,
4245a0,PUL249,PULSEIRAS,OX,"29,9",5,"R$ 149,50",1,Produtos_Images/4245a0.Imagem do Produto.132614.jpg,,,,249,,,,,
188a6b,PUL250,PULSEIRAS,OX,"19,99",5,"R$ 99,95",1,Produtos_Images/188a6b.Imagem do Produto.132856.jpg,,,,250,,,,,
63d8c5,PUL251,PULSEIRAS,OX,"19,99",5,"R$ 99,95",1,Produtos_Images/63d8c5.Imagem do Produto.133120.jpg,,,,251,,,,,
832a3f,PUL252,PULSEIRAS,OX,"19,99",4,"R$ 79,96",1,Produtos_Images/832a3f.Imagem do Produto.133611.jpg,,,,252,,,,,
efcef9,PUL253,PULSEIRAS,OX,"29,99",4,"R$ 119,96",1,Produtos_Images/efcef9.Imagem do Produto.133757.jpg,,,,253,,,,,
,,,,,,,,,,,,,,,,,
0b884c,PUL255,PULSEIRAS,JL,"52,45","3,8","R$ 199,31",1,Produtos_Images/0b884c.Imagem do Produto.134430.jpg,,,,255,,,,,
69daa3,PUL256,PULSEIRAS,OX,"39,9",4,"R$ 159,60",1,Produtos_Images/69daa3.Imagem do Produto.135231.jpg,,,,256,,,,,
bd254c,PUL257,PULSEIRAS,OX,"39,9",4,"R$ 159,60",1,Produtos_Images/bd254c.Imagem do Produto.135429.jpg,,,,257,,,,,
c86fc2,BR804,BRINCOS,OX,"26,99","3,5","R$ 94,47",1,Produtos_Images/c86fc2.Imagem do Produto.141411.jpg,,804,,,,,,,
16b0b6,BR805,BRINCOS,OX,"26,5",3,"R$ 79,50",1,Produtos_Images/16b0b6.Imagem do Produto.142019.jpg,,805,,,,,,,
0dd09d,BR806,BRINCOS,JL,"45,9",3,"R$ 137,70",0,Produtos_Images/0dd09d.Imagem do Produto.152652.jpg,,806,,,,,,,
102bd6,BR807,BRINCOS,JL,"31,95","3,5","R$ 111,83",1,Produtos_Images/102bd6.Imagem do Produto.153047.jpg,,807,,,,,,,
ac7ac1,BR808,BRINCOS,JL,"29,99",4,"R$ 119,96",1,Produtos_Images/ac7ac1.Imagem do Produto.153552.jpg,,808,,,,,,,
4af754,BR809,BRINCOS,JL,"15,95",5,"R$ 79,75",2,Produtos_Images/4af754.Imagem do Produto.153948.jpg,,809,,,,,,,
233c5b,BR810,BRINCOS,JL,"27,85","3,2","R$ 89,12",1,Produtos_Images/233c5b.Imagem do Produto.154335.jpg,,810,,,,,,,
2cc021,BR811,BRINCOS,JL,"11,95",4,"R$ 47,80",1,Produtos_Images/2cc021.Imagem do Produto.154716.jpg,,811,,,,,,,
eba2d5,BR812,BRINCOS,JL,"27,95",3,"R$ 83,85",1,Produtos_Images/eba2d5.Imagem do Produto.154941.jpg,,812,,,,,,,
db9f23,BR813,BRINCOS,JL,"52,45","3,5","R$ 183,58",1,Produtos_Images/db9f23.Imagem do Produto.155422.jpg,,813,,,,,,,
581228,BR814,BRINCOS,OX,"26,99","2,9","R$ 78,27",1,Produtos_Images/581228.Imagem do Produto.155544.jpg,,814,,,,,,,
4ff9a4,BR815,BRINCOS,OX,"24,99",5,"R$ 124,95",1,Produtos_Images/4ff9a4.Imagem do Produto.160408.jpg,,815,,,,,,,
5f15ab,BR816,BRINCOS,OX,"26,99",3,"R$ 80,97",1,Produtos_Images/5f15ab.Imagem do Produto.162334.jpg,,816,,,,,,,
c54550,CJ091,CONJUNTOS,CA,12,"6,6","R$ 79,20",4,Produtos_Images/c54550.Imagem do Produto.171424.jpg,,,,,,91,,,
7163fe,CJ092,CONJUNTOS,CA,12,"6,5","R$ 78,00",2,Produtos_Images/7163fe.Imagem do Produto.180136.jpg,,,,,,92,,,
807c07,CJ093,CONJUNTOS,CA,12,7,"R$ 84,00",2,Produtos_Images/807c07.Imagem do Produto.183018.jpg,,,,,,93,,,
658522,CJ094,CONJUNTOS,CA,12,7,"R$ 84,00",1,Produtos_Images/658522.Imagem do Produto.184800.jpg,,,,,,94,,,
160c81,CJ095,CONJUNTOS,CA,18,5,"R$ 90,00",1,Produtos_Images/160c81.Imagem do Produto.185845.jpg,,,,,,95,,,
3c41ab,CJ096,CONJUNTOS,CA,18,"6,5","R$ 117,00",1,Produtos_Images/3c41ab.Imagem do Produto.190714.jpg,,,,,,96,,,
b4dbfe,CJ097,CONJUNTOS,CA,12,7,"R$ 84,00",2,Produtos_Images/b4dbfe.Imagem do Produto.191135.jpg,,,,,,97,,,
ff1bc3,CJ098,CONJUNTOS,CA,12,"5,5","R$ 66,00",2,Produtos_Images/ff1bc3.Imagem do Produto.191736.jpg,,,,,,98,,,
d9f14e,CJ099,CONJUNTOS,OX,"39,99",4,"R$ 159,96",1,Produtos_Images/d9f14e.Imagem do Produto.192430.jpg,,,,,,99,,,
8ec897,CJ100,CONJUNTOS,CA,16,6,"R$ 96,00",1,Produtos_Images/8ec897.Imagem do Produto.194208.jpg,,,,,,100,,,
092ee6,CD362,CORDÕES,JL,120,3,"R$ 360,00",0,Produtos_Images/092ee6.Imagem do Produto.003212.jpg,,,,,362,,,,
f77148,CJ101,CONJUNTOS,OX,"49,9",3,"R$ 149,70",1,Produtos_Images/f77148.Imagem do Produto.225431.jpg,,,,,,101,,,
90c72a,CD363,CORDÕES,OX,"24,99",5,"R$ 124,95",1,Produtos_Images/90c72a.Imagem do Produto.225700.jpg,,,,,363,,,,
c2af77,PUL258,PULSEIRAS,OX,"39,99","4,5","R$ 179,96",1,Produtos_Images/c2af77.Imagem do Produto.230207.jpg,,,,258,,,,,
82c165,PUL259,PULSEIRAS,OX,"39,99","4,5","R$ 179,96",1,Produtos_Images/82c165.Imagem do Produto.230335.jpg,,,,259,,,,,
a27ce5,PUL260,PULSEIRAS,OX,"14,99",5,"R$ 74,95",1,Produtos_Images/a27ce5.Imagem do Produto.230537.jpg,,,,260,,,,,
af4de1,PUL261,PULSEIRAS,OX,"14,99",5,"R$ 74,95",1,Produtos_Images/af4de1.Imagem do Produto.230754.jpg,,,,261,,,,,
df5e95,PUL262,PULSEIRAS,OX,"14,99",5,"R$ 74,95",1,Produtos_Images/df5e95.Imagem do Produto.231250.jpg,,,,262,,,,,
7c01db,BR817,BRINCOS,OX,"34,99",5,"R$ 174,95",1,Produtos_Images/7c01db.Imagem do Produto.232322.jpg,,817,,,,,,,
250aa8,BR818,BRINCOS,OX,"34,99",5,"R$ 174,95",1,Produtos_Images/250aa8.Imagem do Produto.233830.jpg,,818,,,,,,,
4b85cb,BR819,BRINCOS,OX,"14,99",5,"R$ 74,95",1,Produtos_Images/4b85cb.Imagem do Produto.234023.jpg,,819,,,,,,,
b83a0c,BR820,BRINCOS,OX,"34,99","4,5","R$ 157,46",1,Produtos_Images/b83a0c.Imagem do Produto.234413.jpg,,820,,,,,,,
f83ab7,AN273,ANÉIS,JL,85,"3,5","R$ 297,50",1,Produtos_Images/f83ab7.Imagem do Produto.003632.jpg,,,273,,,,,,
900110,CD364,CORDÕES,DM,80,"3,5","R$ 280,00",1,Produtos_Images/900110.Imagem do Produto.160003.jpg,,,,,364,,,,
35674e,CD365,CORDÕES,DM,35,5,"R$ 175,00",1,Produtos_Images/35674e.Imagem do Produto.160705.jpg,,,,,365,,,,
f5d868,CD366,CORDÕES,DM,34,"2,9","R$ 98,60",2,Produtos_Images/f5d868.Imagem do Produto.161746.jpg,,,,,366,,,,
6d12b3,CD367,CORDÕES,DM,34,"4,8","R$ 163,20",1,Produtos_Images/6d12b3.Imagem do Produto.162107.jpg,,,,,367,,,,
0f5f25,CD368,CORDÕES,DM,34,"4,8","R$ 163,20",1,Produtos_Images/0f5f25.Imagem do Produto.162233.jpg,,,,,368,,,,
c42666,CD369,CORDÕES,DM,34,"4,9","R$ 166,60",1,Produtos_Images/c42666.Imagem do Produto.162452.jpg,,,,,369,,,,
855ce7,CD370,CORDÕES,DM,15,4,"R$ 60,00",1,Produtos_Images/855ce7.Imagem do Produto.162650.jpg,,,,,370,,,,
dd037a,CD371,CORDÕES,DM,32,"4,5","R$ 144,00",1,Produtos_Images/dd037a.Imagem do Produto.162937.jpg,,,,,371,,,,
bb95d5,CD372,CORDÕES,DM,24,5,"R$ 120,00",1,Produtos_Images/bb95d5.Imagem do Produto.163056.jpg,,,,,372,,,,
598c4d,CD373,CORDÕES,DM,34,"4,5","R$ 153,00",1,Produtos_Images/598c4d.Imagem do Produto.163605.jpg,,,,,373,,,,
c60c02,CD374,CORDÕES,DM,43,"4,5","R$ 193,50",2,Produtos_Images/c60c02.Imagem do Produto.164044.jpg,,,,,374,,,,
18f86e,CD375,CORDÕES,DM,41,"4,5","R$ 184,50",2,Produtos_Images/18f86e.Imagem do Produto.164459.jpg,,,,,375,,,,
8a5c90,CD376,CORDÕES,DM,41,"4,5","R$ 184,50",1,Produtos_Images/8a5c90.Imagem do Produto.164707.jpg,,,,,376,,,,
,,,,,,,,,,,,,,,,,
6903f5,CD378,CORDÕES,DM,38,4,"R$ 152,00",1,Produtos_Images/6903f5.Imagem do Produto.165553.jpg,,,,,378,,,,
a02502,CD379,CORDÕES,DM,30,4,"R$ 120,00",1,Produtos_Images/a02502.Imagem do Produto.170058.jpg,,,,,379,,,,
bf7345,CD380,CORDÕES,DM,30,4,"R$ 120,00",1,Produtos_Images/bf7345.Imagem do Produto.170204.jpg,,,,,380,,,,
122cd6,CD381,CORDÕES,DM,21,4,"R$ 84,00",1,Produtos_Images/122cd6.Imagem do Produto.170447.jpg,,,,,381,,,,
36c8e5,CD382,CORDÕES,DM,45,3,"R$ 135,00",1,Produtos_Images/36c8e5.Imagem do Produto.170634.jpg,,,,,382,,,,
4a83b9,CD383,CORDÕES,DM,20,4,"R$ 80,00",1,Produtos_Images/4a83b9.Imagem do Produto.170805.jpg,,,,,383,,,,
2aed93,CD384,CORDÕES,DM,32,"4,9","R$ 156,80",2,Produtos_Images/2aed93.Imagem do Produto.171334.jpg,,,,,384,,,,
7c5684,CD385,CORDÕES,DM,48,4,"R$ 192,00",1,Produtos_Images/7c5684.Imagem do Produto.171850.jpg,,,,,385,,,,
c3aa78,CD386,CORDÕES,DM,42,"4,5","R$ 189,00",1,Produtos_Images/c3aa78.Imagem do Produto.172150.jpg,,,,,386,,,,
f5b9d0,CD387,CORDÕES,DM,48,4,"R$ 192,00",1,Produtos_Images/f5b9d0.Imagem do Produto.172843.jpg,,,,,387,,,,
76553,CD388,CORDÕES,DM,45,3,"R$ 135,00",1,Produtos_Images/076553.Imagem do Produto.172918.jpg,,,,,388,,,,
15cf9f,CD389,CORDÕES,DM,23,"3,4","R$ 78,20",1,Produtos_Images/15cf9f.Imagem do Produto.173218.jpg,,,,,389,,,,
cac790,CD390,CORDÕES,DM,29,"4,5","R$ 130,50",1,Produtos_Images/cac790.Imagem do Produto.173414.jpg,,,,,390,,,,
b28393,CD391,CORDÕES,DM,35,4,"R$ 140,00",2,Produtos_Images/b28393.Imagem do Produto.173727.jpg,,,,,391,,,,
a86e00,BR821,BRINCOS,DM,39,"3,5","R$ 136,50",2,Produtos_Images/a86e00.Imagem do Produto.174134.jpg,,821,,,,,,,
8d31ee,BR822,BRINCOS,DM,25,3,"R$ 75,00",1,Produtos_Images/8d31ee.Imagem do Produto.174210.jpg,,822,,,,,,,
1b5944,BR823,BRINCOS,DM,18,4,"R$ 72,00",2,Produtos_Images/1b5944.Imagem do Produto.174410.jpg,,823,,,,,,,
02ccb7,CD392,CORDÕES,JL,62,"3,2","R$ 198,40",1,Produtos_Images/02ccb7.Imagem do Produto.235110.jpg,,,,,392,,,,
,,,,,,,,,,,,,,,,,
fc27ce,CD394,CORDÕES,JL,46,"3,5","R$ 161,00",1,Produtos_Images/fc27ce.Imagem do Produto.235444.jpg,,,,,394,,,,
a8ae1a,CD395,CORDÕES,JL,54,3,"R$ 162,00",1,Produtos_Images/a8ae1a.Imagem do Produto.235649.jpg,,,,,395,,,,
9b5dfb,CD396,CORDÕES,JL,30,"3,9","R$ 117,00",0,Produtos_Images/9b5dfb.Imagem do Produto.235829.jpg,,,,,396,,,,
650fd4,CD397,CORDÕES,JL,36,4,"R$ 144,00",1,Produtos_Images/650fd4.Imagem do Produto.000101.jpg,,,,,397,,,,
1825f6,CD398,CORDÕES,JL,"49,95",3,"R$ 149,85",1,Produtos_Images/1825f6.Imagem do Produto.000319.jpg,,,,,398,,,,
,,,,,,,,,,,,,,,,,
0b5fe8,CD400,CORDÕES,JL,54,4,"R$ 216,00",1,Produtos_Images/0b5fe8.Imagem do Produto.001055.jpg,,,,,400,,,,
f82cbe,CD401,CORDÕES,JL,"49,95","3,5","R$ 174,83",4,Produtos_Images/f82cbe.Imagem do Produto.001714.jpg,,,,,401,,,,
03eb83,CD402,CORDÕES,JL,52,"3,8","R$ 197,60",1,Produtos_Images/03eb83.Imagem do Produto.002445.jpg,,,,,402,,,,
fc159b,CD403,CORDÕES,JL,58,"3,4","R$ 197,20",2,Produtos_Images/fc159b.Imagem do Produto.002804.jpg,,,,,403,,,,
fc7433,CD404,CORDÕES,JL,58,"3,4","R$ 197,20",1,Produtos_Images/fc7433.Imagem do Produto.003151.jpg,,,,,404,,,,
,,,,,,,,,,,,,,,,,
6acd94,CD406,CORDÕES,JL,52,4,"R$ 208,00",1,Produtos_Images/6acd94.Imagem do Produto.003518.jpg,,,,,406,,,,
cf7b21,CD407,CORDÕES,JK,58,4,"R$ 232,00",1,Produtos_Images/cf7b21.Imagem do Produto.003704.jpg,,,,,407,,,,
f976f4,CD408,CORDÕES,JL,58,"3,2","R$ 185,60",1,Produtos_Images/f976f4.Imagem do Produto.003857.jpg,,,,,408,,,,
f45c23,CD409,CORDÕES,JL,35,5,"R$ 175,00",1,Produtos_Images/f45c23.Imagem do Produto.004204.jpg,,,,,409,,,,
e4d390,CD410,CORDÕES,JL,59,"3,5","R$ 206,50",1,Produtos_Images/e4d390.Imagem do Produto.004643.jpg,,,,,410,,,,
c27847,CD411,CORDÕES,JL,58,"3,3","R$ 191,40",1,Produtos_Images/c27847.Imagem do Produto.004854.jpg,,,,,411,,,,
faad5e,CD412,CORDÕES,JL,58,4,"R$ 232,00",1,Produtos_Images/faad5e.Imagem do Produto.005120.jpg,,,,,412,,,,
0e0c38,PUL263,PULSEIRAS,JL,52,"3,5","R$ 182,00",1,Produtos_Images/0e0c38.Imagem do Produto.010104.jpg,,,,263,,,,,
c061c8,PUL264,PULSEIRAS,JL,32,"3,6","R$ 115,20",1,Produtos_Images/c061c8.Imagem do Produto.010312.jpg,,,,264,,,,,
336f93,PUL265,PULSEIRAS,JL,29,4,"R$ 116,00",1,Produtos_Images/336f93.Imagem do Produto.010509.jpg,,,,265,,,,,
de70c0,PUL266,PULSEIRAS,JL,35,"3,5","R$ 122,50",1,Produtos_Images/de70c0.Imagem do Produto.010703.jpg,,,,266,,,,,
,,,,,,,,,,,,,,,,,
a97184,PUL268,PULSEIRAS,JL,39,"3,9","R$ 152,10",1,Produtos_Images/a97184.Imagem do Produto.011151.jpg,,,,268,,,,,
e1f5f3,PUL269,PULSEIRAS,JL,45,"3,5","R$ 157,50",1,Produtos_Images/e1f5f3.Imagem do Produto.011353.jpg,,,,269,,,,,
8e3f5c,PUL270,PULSEIRAS,JL,35,"3,5","R$ 122,50",1,Produtos_Images/8e3f5c.Imagem do Produto.011512.jpg,,,,270,,,,,
171883,PUL271,PULSEIRAS,JL,52,"4,2","R$ 218,40",1,Produtos_Images/171883.Imagem do Produto.011802.jpg,,,,271,,,,,
141a53,PUL272,PULSEIRAS,JL,106,"3,5","R$ 371,00",1,Produtos_Images/141a53.Imagem do Produto.012006.jpg,,,,272,,,,,
1df7b1,PUL273,PULSEIRAS,JL,15,5,"R$ 75,00",1,Produtos_Images/1df7b1.Imagem do Produto.012320.jpg,,,,273,,,,,
18c64c,PUL274,PULSEIRAS,JL,59,"3,6","R$ 212,40",1,Produtos_Images/18c64c.Imagem do Produto.012650.jpg,,,,274,,,,,
7a4177,PUL275,PULSEIRAS,JL,85,"3,5","R$ 297,50",1,Produtos_Images/7a4177.Imagem do Produto.012750.jpg,,,,275,,,,,
,,,,,,,,,,,,,,,,,
814bad,BR825,BRINCOS,JL,27,4,"R$ 108,00",1,Produtos_Images/814bad.Imagem do Produto.114840.jpg,,825,,,,,,,
4b9ce9,BR826,BRINCOS,JL,32,"3,5","R$ 112,00",1,Produtos_Images/4b9ce9.Imagem do Produto.115258.jpg,,826,,,,,,,
,,,,,,,,,,,,,,,,,
830a6f,BR828,BRINCOS,JL,39,"3,5","R$ 136,50",1,Produtos_Images/830a6f.Imagem do Produto.115829.jpg,,828,,,,,,,
73c00b,BR829,BRINCOS,JL,37,4,"R$ 148,00",1,Produtos_Images/73c00b.Imagem do Produto.120107.jpg,,829,,,,,,,
e33032,BR830,BRINCOS,JL,23,"3,4","R$ 78,20",1,Produtos_Images/e33032.Imagem do Produto.120348.jpg,,830,,,,,,,
3f93d2,BR831,BRINCOS,JL,28,"3,5","R$ 98,00",1,Produtos_Images/3f93d2.Imagem do Produto.120722.jpg,,831,,,,,,,
,,,,,,,,,,,,,,,,,
41339d,BR833,BRINCOS,JL,26,"3,4","R$ 88,40",1,Produtos_Images/41339d.Imagem do Produto.121059.jpg,,833,,,,,,,
e57b7b,BR834,BRINCOS,JL,26,"3,3","R$ 85,80",1,Produtos_Images/e57b7b.Imagem do Produto.121314.jpg,,834,,,,,,,
7c1609,BR835,BRINCOS,JL,25,3,"R$ 75,00",1,Produtos_Images/7c1609.Imagem do Produto.121523.jpg,,835,,,,,,,
03fa51,BR836,BRINCOS,JL,28,3,"R$ 84,00",1,Produtos_Images/03fa51.Imagem do Produto.155033.jpg,,836,,,,,,,
c25273,BR837,BRINCOS,JL,57,"2,9","R$ 165,30",1,Produtos_Images/c25273.Imagem do Produto.155257.jpg,,837,,,,,,,
98f233,BR838,BRINCOS,JL,37,4,"R$ 148,00",1,Produtos_Images/98f233.Imagem do Produto.155619.jpg,,838,,,,,,,
e20d33,CJ102,CONJUNTOS,JL,166,3,"R$ 498,00",1,Produtos_Images/e20d33.Imagem do Produto.160316.jpg,,,,,,102,,,
b29992,AN274,ANÉIS,JL,55,"3,5","R$ 192,50",2,Produtos_Images/b29992.Imagem do Produto.160747.jpg,,,274,,,,,,
98ce2a,AN275,ANÉIS,JL,55,"3,5","R$ 192,50",1,Produtos_Images/98ce2a.Imagem do Produto.160958.jpg,,,275,,,,,,
096a67,AN276,ANÉIS,JL,71,"3,9","R$ 276,90",1,Produtos_Images/096a67.Imagem do Produto.161445.jpg,,,276,,,,,,
5e7c37,AN277,ANÉIS,JL,55,3,"R$ 165,00",1,Produtos_Images/5e7c37.Imagem do Produto.161648.jpg,,,277,,,,,,
29cacd,AN278,ANÉIS,JL,47,"3,1","R$ 145,70",1,Produtos_Images/29cacd.Imagem do Produto.161911.jpg,,,278,,,,,,
,,,,,,,,,,,,,,,,,
a08b7c,AN280,ANÉIS,JL,22,5,"R$ 110,00",1,Produtos_Images/a08b7c.Imagem do Produto.162342.jpg,,,280,,,,,,
7d47ee,AN281,ANÉIS,JL,37,"3,5","R$ 129,50",1,Produtos_Images/7d47ee.Imagem do Produto.162545.jpg,,,281,,,,,,
,,,,,,,,,,,,,,,,,
788bc9,BR839,BRINCOS,JL,54,3,"R$ 162,00",1,Produtos_Images/788bc9.Imagem do Produto.163556.jpg,,839,,,,,,,
8ce50d,CJ103,CONJUNTOS,JL,49,"3,2","R$ 156,80",2,Produtos_Images/8ce50d.Imagem do Produto.164334.jpg,,,,,,103,,,
d7bba5,BR840,BRINCOS,JL,73,3,"R$ 219,00",1,Produtos_Images/d7bba5.Imagem do Produto.003356.jpg,,840,,,,,,,
cd2f54,CJ104,CONJUNTOS,CA,"12,5",7,"R$ 87,50",2,Produtos_Images/cd2f54.Imagem do Produto.190954.jpg,,,,,,104,,,
933417,CJ105,CONJUNTOS,CA,15,6,"R$ 90,00",1,Produtos_Images/933417.Imagem do Produto.191548.jpg,,,,,,105,,,
263f2b,CJ106,CONJUNTOS,15,15,6,"R$ 90,00",1,Produtos_Images/263f2b.Imagem do Produto.192315.jpg,,,,,,106,,,
77f970,CJ107,CONJUNTOS,CA,20,"5,5","R$ 110,00",1,Produtos_Images/77f970.Imagem do Produto.193236.jpg,,,,,,107,,,
1c7a08,CJ108,CONJUNTOS,CA,"19,9",5,"R$ 99,50",2,Produtos_Images/1c7a08.Imagem do Produto.193812.jpg,,,,,,108,,,
ffebdd,CJ109,CONJUNTOS,CA,19,5,"R$ 95,00",1,Produtos_Images/ffebdd.Imagem do Produto.194253.jpg,,,,,,109,,,
a54fd4,CJ110,CONJUNTOS,CA,"12,5",7,"R$ 87,50",2,Produtos_Images/a54fd4.Imagem do Produto.194545.jpg,,,,,,110,,,
fb276f,CJ111,CONJUNTOS,CA,"12,5",7,"R$ 87,50",1,Produtos_Images/fb276f.Imagem do Produto.194949.jpg,,,,,,111,,,
988861,CJ112,CONJUNTOS,CA,"12,5",7,"R$ 87,50",2,Produtos_Images/988861.Imagem do Produto.200002.jpg,,,,,,112,,,
bbca02,CJ113,CONJUNTOS,CA,"12,5",7,"R$ 87,50",1,Produtos_Images/bbca02.Imagem do Produto.200503.jpg,,,,,,113,,,
14a8b0,CJ114,CONJUNTOS,CA,16,7,"R$ 112,00",1,Produtos_Images/14a8b0.Imagem do Produto.200739.jpg,,,,,,114,,,
196e2a,CJ115,CONJUNTOS,CA,"12,5",7,"R$ 87,50",1,Produtos_Images/196e2a.Imagem do Produto.201143.jpg,,,,,,115,,,
028cd1,CJ116,CONJUNTOS,CA,15,7,"R$ 105,00",1,Produtos_Images/028cd1.Imagem do Produto.201549.jpg,,,,,,116,,,
506250,CJ117,CONJUNTOS,CA,15,7,"R$ 105,00",1,Produtos_Images/506250.Imagem do Produto.201845.jpg,,,,,,117,,,
158cd0,CJ118,CONJUNTOS,CA,12,7,"R$ 84,00",2,Produtos_Images/158cd0.Imagem do Produto.202202.jpg,,,,,,118,,,
b2293d,CJ119,CONJUNTOS,CA,"12,5",7,"R$ 87,50",1,Produtos_Images/b2293d.Imagem do Produto.202626.jpg,,,,,,119,,,
2b2aa4,CJ120,CONJUNTOS,CA,12,7,"R$ 84,00",1,Produtos_Images/2b2aa4.Imagem do Produto.202924.jpg,,,,,,120,,,
cab3f1,CJ121,CONJUNTOS,CA,15,7,"R$ 105,00",1,Produtos_Images/cab3f1.Imagem do Produto.203424.jpg,,,,,,121,,,
c65746,CJ122,CONJUNTOS,CA,12,7,"R$ 84,00",1,Produtos_Images/c65746.Imagem do Produto.204050.jpg,,,,,,122,,,
fddf3d,CD413,CORDÕES,CA,16,7,"R$ 112,00",1,Produtos_Images/fddf3d.Imagem do Produto.212316.jpg,,,,,413,,,,
bc203d,CD414,CORDÕES,CA,16,7,"R$ 112,00",1,Produtos_Images/bc203d.Imagem do Produto.212536.jpg,,,,,414,,,,
3c6674,CD415,CORDÕES,CA,15,7,"R$ 105,00",1,Produtos_Images/3c6674.Imagem do Produto.212739.jpg,,,,,415,,,,
f83f34,CD416,CORDÕES,CA,20,6,"R$ 120,00",1,Produtos_Images/f83f34.Imagem do Produto.213136.jpg,,,,,416,,,,
29125d,PUL276,PULSEIRAS,CA,16,7,"R$ 112,00",1,Produtos_Images/29125d.Imagem do Produto.213633.jpg,,,,276,,,,,
7ca17d,BR841,BRINCOS,CA,16,6,"R$ 96,00",1,Produtos_Images/7ca17d.Imagem do Produto.213856.jpg,,841,,,,,,,
095c2e,BR842,BRINCOS,CA,16,6,"R$ 96,00",2,Produtos_Images/095c2e.Imagem do Produto.214103.jpg,,842,,,,,,,
,,,,,,,,,,,,,,,,,
514bb0,BR844,BRINCOS,CA,"6,33",7,"R$ 44,31",2,Produtos_Images/514bb0.Imagem do Produto.215503.jpg,,844,,,,,,,
cd0988,BR845,BRINCOS,CA,6,7,"R$ 42,00",3,Produtos_Images/cd0988.Imagem do Produto.215614.jpg,,845,,,,,,,
581066,BR846,BRINCOS,CA,16,6,"R$ 96,00",1,Produtos_Images/581066.Imagem do Produto.220100.jpg,,846,,,,,,,
dfe487,BR847,BRINCOS,CA,16,6,"R$ 96,00",2,Produtos_Images/dfe487.Imagem do Produto.220236.jpg,,847,,,,,,,
0077a7,BR848,BRINCOS,CA,"9,99",8,"R$ 79,92",2,Produtos_Images/0077a7.Imagem do Produto.222507.jpg,,848,,,,,,,
2d9c8e,PUL277,PULSEIRAS,CA,30,5,"R$ 150,00",1,Produtos_Images/2d9c8e.Imagem do Produto.222638.jpg,,849,,277,,,,,
38bb6d,PUL278,PULSEIRAS,CA,30,5,"R$ 150,00",1,Produtos_Images/38bb6d.Imagem do Produto.223519.jpg,,849,,278,,,,,
5d7508,PUL279,PULSEIRAS,JL,74,4,"R$ 296,00",1,Produtos_Images/5d7508.Imagem do Produto.223911.jpg,,,,279,,,,,
fa579c,BR849,BRINCOS,JL,22,4,"R$ 88,00",1,Produtos_Images/fa579c.Imagem do Produto.224243.jpg,,849,,,,,,,
3ef823,BR850,BRINCOS,JL,21,3,"R$ 63,00",1,Produtos_Images/3ef823.Imagem do Produto.224406.jpg,,850,,,,,,,
8d2d68,BR851,BRINCOS,JL,50,"3,9","R$ 195,00",1,Produtos_Images/8d2d68.Imagem do Produto.224621.jpg,,851,,,,,,,
c5a2ee,BR852,BRINCOS,JL,42,"3,5","R$ 147,00",1,Produtos_Images/c5a2ee.Imagem do Produto.224847.jpg,,852,,,,,,,
,,,,,,,,,,,,,,,,,
05d29c,CD417,CORDÕES,JL,42,"4,5","R$ 189,00",1,Produtos_Images/05d29c.Imagem do Produto.225344.jpg,,853,,,417,,,,
,,,,,,,,,,,,,,,,,
1571f3,CD419,CORDÕES,JL,37,4,"R$ 148,00",1,Produtos_Images/1571f3.Imagem do Produto.225646.jpg,,853,,,419,,,,
1965cc,CD420,CORDÕES,JL,26,5,"R$ 130,00",1,Produtos_Images/1965cc.Imagem do Produto.225829.jpg,,853,,,420,,,,
fa79f1,CD421,CORDÕES,JL OX,117,3,"R$ 351,00",1,Produtos_Images/fa79f1.Imagem do Produto.120112.jpg,,,,,421,,,,
acc32a,CD422,CORDÕES,JL,117,3,"R$ 351,00",0,Produtos_Images/acc32a.Imagem do Produto.120202.jpg,,,,,422,,,,
c8b8e2,CD423,CORDÕES,JL,119,3,"R$ 357,00",1,Produtos_Images/c8b8e2.Imagem do Produto.120440.jpg,,,,,423,,,,
7d9806,CD424,CORDÕES,Jl,53,3,"R$ 159,00",0,Produtos_Images/7d9806.Imagem do Produto.120658.jpg,,,,,424,,,,
32b98a,CD425,CORDÕES,JL,59,3,"R$ 177,00",0,Produtos_Images/32b98a.Imagem do Produto.120827.jpg,,,,,425,,,,
873388,BR853,BRINCOS,EV,"11,25",4,"R$ 45,00",1,Produtos_Images/873388.Imagem do Produto.121346.jpg,,853,,,,,,,
08143f,BR854,BRINCOS,EV,"13,75",3,"R$ 41,25",0,Produtos_Images/08143f.Imagem do Produto.121446.jpg,,854,,,,,,,
5912aa,BR855,BRINCOS,EV,"16,22",4,"R$ 64,88",1,Produtos_Images/5912aa.Imagem do Produto.121703.jpg,,855,,,,,,,
a76cbd,CD426,CORDÕES,DM,29,5,"R$ 145,00",2,Produtos_Images/a76cbd.Imagem do Produto.235935.jpg,,,,,426,,,,
2ebff6,CD427,CORDÕES,DM,42,4,"R$ 168,00",1,Produtos_Images/2ebff6.Imagem do Produto.000415.jpg,,,,,427,,,,
73998f,CD428,CORDÕES,DM,29,5,"R$ 145,00",1,Produtos_Images/73998f.Imagem do Produto.000803.jpg,,,,,428,,,,
198424,CD429,CORDÕES,DM,38,4,"R$ 152,00",2,Produtos_Images/198424.Imagem do Produto.001112.jpg,,,,,429,,,,
eb9e00,CD430,CORDÕES,DM,32,4,"R$ 128,00",1,Produtos_Images/eb9e00.Imagem do Produto.001504.jpg,,,,,430,,,,
b41d23,CD431,CORDÕES,DM,42,"4,7","R$ 197,40",1,Produtos_Images/b41d23.Imagem do Produto.002650.jpg,,,,,431,,,,
599f30,CD432,CORDÕES,DM,38,"4,4","R$ 167,20",0,Produtos_Images/599f30.Imagem do Produto.002939.jpg,,,,,432,,,,
49d1fc,CD433,CORDÕES,DM,38,"4,4","R$ 167,20",1,Produtos_Images/49d1fc.Imagem do Produto.003025.jpg,,,,,433,,,,
,,,,,,,,,,,,,,,,,
01caca,CD435,CORDÕES,DM,29,"4,5","R$ 130,50",1,Produtos_Images/01caca.Imagem do Produto.005049.jpg,,,,,435,,,,
06a0be,CJ123,CONJUNTOS,DM,29,5,"R$ 145,00",1,Produtos_Images/06a0be.Imagem do Produto.005337.jpg,,,,,,123,,,
93adc6,CJ124,CONJUNTOS,DM,45,4,"R$ 180,00",1,Produtos_Images/93adc6.Imagem do Produto.005911.jpg,,,,,,124,,,
44d332,PUL281,PULSEIRAS,DM,72,"3,8","R$ 273,60",1,Produtos_Images/44d332.Imagem do Produto.010529.jpg,,,,281,,,,,
880a48,CD436,CORDÕES,JL,39,4,"R$ 156,00",1,Produtos_Images/880a48.Imagem do Produto.021417.jpg,,,,,436,,,,
2238f2,PUL282,PULSEIRAS,JL,45,"3,7","R$ 166,50",1,Produtos_Images/2238f2.Imagem do Produto.021931.jpg,,,,282,437,,,,
dfec47,BR856,BRINCOS,JN,3,6,"R$ 18,00",11,Produtos_Images/dfec47.Imagem do Produto.173608.jpg,,856,,,,,,,
,,,,,,,,,,,,,,,,,
,,,,,,,,,,,,,,,,,
1f37ef,BR859,BRINCOS,JN,3,5,"R$ 15,00",2,Produtos_Images/1f37ef.Imagem do Produto.175253.jpg,,859,,,,,,,
ec6ba5,BR860,BRINCOS,JN,4,8,"R$ 32,00",4,Produtos_Images/ec6ba5.Imagem do Produto.175427.jpg,,860,,,,,,,
9b91be,BR861,BRINCOS,JN,5,5,"R$ 25,00",5,Produtos_Images/9b91be.Imagem do Produto.175645.jpg,,861,,,,,,,
c37001,BR862,BRINCOS,JN,4,6,"R$ 24,00",1,Produtos_Images/c37001.Imagem do Produto.175924.jpg,,862,,,,,,,
,,,,,,,,,,,,,,,,,
e899f1,BR864,BRINCOS,EV,12,6,"R$ 72,00",2,Produtos_Images/e899f1.Imagem do Produto.181302.jpg,,864,,,,,,,
8da95d,BR865,BRINCOS,EV,11,6,"R$ 66,00",1,Produtos_Images/8da95d.Imagem do Produto.181430.jpg,,865,,,,,,,
a4bae3,BR866,BRINCOS,JN,35,"4,8","R$ 168,00",1,Produtos_Images/a4bae3.Imagem do Produto.181810.jpg,,866,,,,,,,
06ff1b,BR867,BRINCOS,EV,"14,5","4,5","R$ 65,25",1,Produtos_Images/06ff1b.Imagem do Produto.182119.jpg,,867,,,,,,,
d7fb81,BR868,BRINCOS,EV,14,"5,5","R$ 77,00",1,Produtos_Images/d7fb81.Imagem do Produto.182424.jpg,,868,,,,,,,
cacd41,BR869,BRINCOS,EV,14,5,"R$ 70,00",1,Produtos_Images/cacd41.Imagem do Produto.182611.jpg,,869,,,,,,,
cdb6bd,BR870,BRINCOS,EV,14,"5,5","R$ 77,00",4,Produtos_Images/cdb6bd.Imagem do Produto.182841.jpg,,870,,,,,,,
fb4eda,BR871,BRINCOS,EV,12,"7,4","R$ 88,80",1,Produtos_Images/fb4eda.Imagem do Produto.183421.jpg,,871,,,,,,,
,,,,,,,,,,,,,,,,,
bee532,BR873,BRINCOS,GR,99,3,"R$ 297,00",1,Produtos_Images/bee532.Imagem do Produto.184245.jpg,,873,,,,,,,
9ae1de,AN282,ANÉIS,JN,19,4,"R$ 76,00",1,Produtos_Images/9ae1de.Imagem do Produto.184501.jpg,,,282,,,,,,
e01355,AN283,ANÉIS,JL,25,"3,9","R$ 97,50",1,Produtos_Images/e01355.Imagem do Produto.184546.jpg,,,283,,,,,,
dee533,CD437,CORDÕES,JL,"77,45","2,9","R$ 224,61",1,Produtos_Images/dee533.Imagem do Produto.134135.jpg,,,,,437,,,,
c259c6,CD438,CORDÕES,JL,"82,45",3,"R$ 247,35",1,Produtos_Images/c259c6.Imagem do Produto.134540.jpg,,,,,438,,,,
c026c9,CD439,CORDÕES,JL,"82,45",3,"R$ 247,35",1,Produtos_Images/c026c9.Imagem do Produto.134805.jpg,,,,,439,,,,
c3686a,CD440,CORDÕES,JL,"62,45","3,5","R$ 218,58",1,Produtos_Images/c3686a.Imagem do Produto.135126.jpg,,,,,440,,,,
c91ddf,CD441,CORDÕES,JL,"62,45","3,1","R$ 193,60",1,Produtos_Images/c91ddf.Imagem do Produto.135600.jpg,,,,,441,,,,
99ae15,CD442,CORDÕES,JL,109,"3,5","R$ 381,50",0,Produtos_Images/99ae15.Imagem do Produto.140245.jpg,,,,,442,,,,
2f58eb,CD443,CORDÕES,JL,106,"3,5","R$ 371,00",1,Produtos_Images/2f58eb.Imagem do Produto.140809.jpg,,,,,443,,,,
addd92,CD444,CORDÕES,JL,"57,45","3,4","R$ 195,33",1,Produtos_Images/addd92.Imagem do Produto.141713.jpg,,,,,444,,,,
d1f182,CJ125,CONJUNTOS,JL,"127,45","3,1","R$ 395,10",1,Produtos_Images/d1f182.Imagem do Produto.143607.jpg,,,,,,125,,,
8a0571,CJ126,CONJUNTOS,JL,25,"3,5","R$ 87,50",1,Produtos_Images/8a0571.Imagem do Produto.143943.jpg,,,,,,126,,,
ff1e2c,CJ127,CONJUNTOS,,"135,4","3,3","R$ 446,82",1,Produtos_Images/ff1e2c.Imagem do Produto.144812.jpg,,,,,,127,,,
432780,BR874,BRINCOS,JL,"31,85",4,"R$ 127,40",1,Produtos_Images/432780.Imagem do Produto.145843.jpg,,874,,,,,,,
550773,BR875,BRINCOS,JL,26,3,"R$ 78,00",1,Produtos_Images/550773.Imagem do Produto.162032.jpg,,875,,,,,,,
2c6087,BR876,BRINCOS,JL,"24,65","3,1","R$ 76,42",1,Produtos_Images/2c6087.Imagem do Produto.162302.jpg,,876,,,,,,,
17f9a3,BR877,BRINCOS,JL,"45,95","3,4","R$ 156,23",1,Produtos_Images/17f9a3.Imagem do Produto.162622.jpg,,877,,,,,,,
329042,BR878,BRINCOS,JL,30,"3,1","R$ 93,00",1,Produtos_Images/329042.Imagem do Produto.163025.jpg,,878,,,,,,,
01a61d,CJ128,CONJUNTOS,JL,88,3,"R$ 264,00",1,Produtos_Images/01a61d.Imagem do Produto.163719.jpg,,,,,,128,,,
9f469f,CD445,CORDÕES,JL,72,3,"R$ 216,00",1,Produtos_Images/9f469f.Imagem do Produto.165040.jpg,,,,,445,,,,
758eb1,CJ129,CONJUNTOS,ME,"99,8",3,"R$ 299,40",1,Produtos_Images/758eb1.Imagem do Produto.132612.jpg,,,,,,129,,,
d50fd3,CD446,CORDÕES,ME,77,3,"R$ 231,00",1,Produtos_Images/d50fd3.Imagem do Produto.132924.jpg,,,,,446,,,,
86a312,BR879,BRINCOS,ME,59,3,"R$ 177,00",1,Produtos_Images/86a312.Imagem do Produto.133328.jpg,,879,,,,,,,
390b8a,BR880,BRINCOS,ME,"21,8","3,2","R$ 69,76",1,Produtos_Images/390b8a.Imagem do Produto.133546.jpg,,880,,,,,,,
f8a2d6,BR881,BRINCOS,ME,57,3,"R$ 171,00",1,Produtos_Images/f8a2d6.Imagem do Produto.134212.jpg,,881,,,,,,,
0bc5d1,BR882,BRINCOS,ME,39,3,"R$ 117,00",1,Produtos_Images/0bc5d1.Imagem do Produto.134343.jpg,,882,,,,,,,
008C31,CD447,CORDÕES,JL,12,10,"R$ 120,00",1,Produtos_Images/008C31.Imagem do Produto.193421.jpg,,,,,447,,,,
CD725E,CD448,CORDÕES,JL,35,"5,7","R$ 199,50",1,Produtos_Images/CD725E.Imagem do Produto.194634.jpg,,,,,448,,,,
5F6FAB,CD449,CORDÕES,JL,85,"4,7","R$ 399,50",1,Produtos_Images/5F6FAB.Imagem do Produto.195326.jpg,,,,,449,,,,
20ED1A,CD450,CORDÕES,JL,52,5,"R$ 260,00",1,Produtos_Images/20ED1A.Imagem do Produto.195553.jpg,,,,,450,,,,
98995E,CD451,CORDÕES,JL,79,5,"R$ 395,00",1,Produtos_Images/98995E.Imagem do Produto.195920.jpg,,,,,451,,,,
16A2E2,CD452,CORDÕES,JL,120,"3,3","R$ 396,00",1,Produtos_Images/16A2E2.Imagem do Produto.200134.jpg,,,,,452,,,,
DFB87D,CD453,CORDÕES,JL,20,7,"R$ 140,00",1,Produtos_Images/DFB87D.Imagem do Produto.200432.jpg,,,,,453,,,,
DXE8XD,CD454,CORDÕES,JL,59,5,"R$ 295,00",1,Produtos_Images/838E61.Imagem do Produto.200607.jpg,,,,,454,,,,
,,,,,,,,,,,,,,,,,
0B8C7D,CD456,CORDÕES,JL,45,"4,4","R$ 198,00",1,Produtos_Images/0B8C7D.Imagem do Produto.201229.jpg,,,,,456,,,,
B3EDBF,CD457,CORDÕES,JL,49,6,"R$ 294,00",1,Produtos_Images/B3EDBF.Imagem do Produto.201434.jpg,,,,,457,,,,
D0BA36,CD458,CORDÕES,JL,25,6,"R$ 150,00",1,Produtos_Images/D0BA36.Imagem do Produto.134433.jpg,,,,,458,,,,
FC000D,CD459,CORDÕES,JL,35,5,"R$ 175,00",1,Produtos_Images/FC000D.Imagem do Produto.134637.jpg,,,,,459,,,,
13FC1D,CD460,CORDÕES,JL,65,4,"R$ 260,00",1,Produtos_Images/13FC1D.Imagem do Produto.142015.jpg,,,,,460,,,,
50E7C8,CD461,CORDÕES,JL,28,5,"R$ 140,00",1,Produtos_Images/50E7C8.Imagem do Produto.142217.jpg,,,,,461,,,,
6024D7,CD462,CORDÕES,JL,49,4,"R$ 196,00",1,Produtos_Images/6024D7.Imagem do Produto.154152.jpg,,,,,462,,,,
A07BF6,CD463,CORDÕES,JL,55,4,"R$ 220,00",1,Produtos_Images/A07BF6.Imagem do Produto.154612.jpg,,,,,463,,,,
680315,CD464,CORDÕES,JL,52,"4,5","R$ 234,00",1,Produtos_Images/680315.Imagem do Produto.155241.jpg,,,,,464,,,,
CB309A,CD465,CORDÕES,JL,25,"5,5","R$ 137,50",1,Produtos_Images/CB309A.Imagem do Produto.155917.jpg,,,,,465,,,,
8D2519,CD466,CORDÕES,JL,35,7,"R$ 245,00",1,Produtos_Images/8D2519.Imagem do Produto.160132.jpg,,,,,466,,,,
A635ED,CD467,CORDÕES,JL,15,7,"R$ 105,00",1,Produtos_Images/A635ED.Imagem do Produto.160312.jpg,,,,,467,,,,
E4B386,CD468,CORDÕES,JL,55,4,"R$ 220,00",1,Produtos_Images/E4B386.Imagem do Produto.160659.jpg,,,,,468,,,,
BF31F8,CD469,CORDÕES,JL,53,"4,5","R$ 238,50",1,Produtos_Images/BF31F8.Imagem do Produto.161041.jpg,,,,,469,,,,
328404,CD470,CORDÕES,JL,55,"4,5","R$ 247,50",0,Produtos_Images/328404.Imagem do Produto.170857.jpg,,,,,470,,,,
A6C149,CD471,CORDÕES,JL,22,"5,5","R$ 121,00",2,Produtos_Images/A6C149.Imagem do Produto.171337.jpg,,,,,471,,,,
B1C067,CD472,CORDÕES,JL,22,"5,5","R$ 121,00",1,Produtos_Images/B1C067.Imagem do Produto.171531.jpg,,,,,472,,,,
57B128,CD473,CORDÕES,JL,36,5,"R$ 180,00",1,Produtos_Images/57B128.Imagem do Produto.173308.jpg,,,,,473,,,,
392F69,CD474,CORDÕES,JL,36,5,"R$ 180,00",1,Produtos_Images/392F69.Imagem do Produto.173543.jpg,,,,,474,,,,
A7CFF0,CD475,CORDÕES,JL,25,6,"R$ 150,00",1,Produtos_Images/A7CFF0.Imagem do Produto.173803.jpg,,,,,475,,,,
8C5576,CD476,CORDÕES,JL,35,5,"R$ 175,00",1,Produtos_Images/8C5576.Imagem do Produto.174005.jpg,,,,,476,,,,
B1B71F,CD477,CORDÕES,JL,45,6,"R$ 270,00",1,Produtos_Images/B1B71F.Imagem do Produto.174851.jpg,,,,,477,,,,
,,,,,,,,,,,,,,,,,
8E426C,CD479,CORDÕES,JL,45,"4,4","R$ 198,00",2,Produtos_Images/8E426C.Imagem do Produto.175419.jpg,,,,,479,,,,
F53AE3,CD480,CORDÕES,JL,45,6,"R$ 270,00",1,Produtos_Images/F53AE3.Imagem do Produto.175932.jpg,,,,,480,,,,
069D36,CD481,CORDÕES,JL,69,4,"R$ 276,00",1,Produtos_Images/069D36.Imagem do Produto.180122.jpg,,,,,481,,,,
140CB7,CD482,CORDÕES,JL,29,"6,8","R$ 197,20",1,Produtos_Images/140CB7.Imagem do Produto.180405.jpg,,,,,482,,,,
9E607F,CD483,CORDÕES,JL,29,5,"R$ 145,00",1,Produtos_Images/9E607F.Imagem do Produto.180606.jpg,,,,,483,,,,
0D79BD,CD484,CORDÕES,JL,20,6,"R$ 120,00",1,Produtos_Images/0D79BD.Imagem do Produto.180929.jpg,,,,,484,,,,
A0F5E3,CD485,CORDÕES,JL,30,"6,5","R$ 195,00",1,Produtos_Images/A0F5E3.Imagem do Produto.181148.jpg,,,,,485,,,,
359B77,CD486,CORDÕES,JL,45,6,"R$ 270,00",1,Produtos_Images/359B77.Imagem do Produto.181730.jpg,,,,,486,,,,
ECF714,CD487,CORDÕES,JL,20,7,"R$ 140,00",1,Produtos_Images/ECF714.Imagem do Produto.182233.jpg,,,,,487,,,,
04B865,CD488,CORDÕES,JL,25,6,"R$ 150,00",1,Produtos_Images/04B865.Imagem do Produto.214754.jpg,,,,,488,,,,
00D827,CD489,CORDÕES,JL,25,6,"R$ 150,00",1,Produtos_Images/00D827.Imagem do Produto.214909.jpg,,,,,489,,,,
DE8731,CJ130,CONJUNTOS,JL,25,6,"R$ 150,00",1,Produtos_Images/DE8731.Imagem do Produto.215302.jpg,,,,,,130,,,
D73123,CJ131,CONJUNTOS,JL,29,6,"R$ 174,00",2,Produtos_Images/D73123.Imagem do Produto.215447.jpg,,,,,,131,,,
B0B267,CJ132,CONJUNTOS,JL,35,5,"R$ 175,00",1,Produtos_Images/B0B267.Imagem do Produto.215926.jpg,,,,,,132,,,
D20A31,PUL283,PULSEIRAS,JL,19,6,"R$ 114,00",1,Produtos_Images/D20A31.Imagem do Produto.220357.jpg,,,,283,,,,,
1128B3,PUL284,PULSEIRAS,JL,29,"5,5","R$ 159,50",1,Produtos_Images/1128B3.Imagem do Produto.220900.jpg,,,,284,,,,,
1867A7,PUL285,PULSEIRAS,JL,20,6,"R$ 120,00",1,Produtos_Images/1867A7.Imagem do Produto.221108.jpg,,,,285,,,,,
DE21C6,PUL286,PULSEIRAS,JL,45,"4,4","R$ 198,00",1,Produtos_Images/DE21C6.Imagem do Produto.221421.jpg,,,,286,,,,,
EEDD8E,PUL287,PULSEIRAS,JL,15,6,"R$ 90,00",1,Produtos_Images/EEDD8E.Imagem do Produto.221636.jpg,,,,287,,,,,
691EDB,PUL288,PULSEIRAS,JL,25,6,"R$ 150,00",1,Produtos_Images/691EDB.Imagem do Produto.221707.jpg,,,,288,,,,,
8A84CA,PUL289,PULSEIRAS,JL,74,"3,5","R$ 259,00",1,Produtos_Images/8A84CA.Imagem do Produto.221944.jpg,,,,289,,,,,
872E3C,PUL290,PULSEIRAS,JL,25,6,"R$ 150,00",1,Produtos_Images/872E3C.Imagem do Produto.222124.jpg,,,,290,,,,,
6874D5,PUL291,PULSEIRAS,JL,20,"6,5","R$ 130,00",2,Produtos_Images/6874D5.Imagem do Produto.222249.jpg,,,,291,,,,,
642782,PUL292,PULSEIRAS,JL,35,5,"R$ 175,00",2,Produtos_Images/642782.Imagem do Produto.222440.jpg,,,,292,,,,,
6338DA,PUL293,PULSEIRAS,JL,25,5,"R$ 125,00",1,Produtos_Images/6338DA.Imagem do Produto.222641.jpg,,,,293,,,,,
B995F0,PUL294,PULSEIRAS,JL,25,5,"R$ 125,00",1,Produtos_Images/B995F0.Imagem do Produto.222839.jpg,,,,294,,,,,
66140B,CD490,CORDÕES,JL,49,"3,5","R$ 171,50",1,Produtos_Images/66140B.Imagem do Produto.164021.jpg,,,,,490,,,,
850865,CD491,CORDÕES,Jl,16,5,"R$ 80,00",1,Produtos_Images/850865.Imagem do Produto.164345.jpg,,,,,491,,,,
7BE31D,BR883,BRINCOS,Jl,15,4,"R$ 60,00",1,Produtos_Images/7BE31D.Imagem do Produto.164653.jpg,,883,,,,,,,
3F9FF9,BR884,BRINCOS,Jl,12,4,"R$ 48,00",1,Produtos_Images/3F9FF9.Imagem do Produto.164941.jpg,,884,,,,,,,
3FE1B3,BR885,BRINCOS,JL,25,"3,8","R$ 95,00",1,Produtos_Images/3FE1B3.Imagem do Produto.165239.jpg,,885,,,,,,,
B04E1C,PUL295,PULSEIRAS,Jl,19,5,"R$ 95,00",1,Produtos_Images/B04E1C.Imagem do Produto.165628.jpg,,,,295,,,,,
476DEB,PUL296,PULSEIRAS,Jl,20,4,"R$ 80,00",1,Produtos_Images/476DEB.Imagem do Produto.165803.jpg,,,,296,,,,,
1FD277,BR886,BRINCOS,Jl,27,"3,5","R$ 94,50",1,Produtos_Images/1FD277.Imagem do Produto.170256.jpg,,886,,,,,,,
C5A644,AN284,ANÉIS,JL,49,"3,5","R$ 171,50",1,Produtos_Images/C5A644.Imagem do Produto.170510.jpg,,887,284,,,,,,
A9E1AF,CJ133,CONJUNTOS,MA,45,3,"R$ 135,00",1,Produtos_Images/A9E1AF.Imagem do Produto.174529.jpg,,,,,,133,,,
88482E,CJ134,CONJUNTOS,MA,45,3,"R$ 135,00",1,Produtos_Images/88482E.Imagem do Produto.181057.jpg,,,,,,134,,,
A97664,CJ135,CONJUNTOS,MA,45,3,"R$ 135,00",1,Produtos_Images/A97664.Imagem do Produto.181218.jpg,,,,,,135,,,
EC1C76,CJ136,CONJUNTOS,MA,45,3,"R$ 135,00",1,Produtos_Images/EC1C76.Imagem do Produto.181336.jpg,,,,,,136,,,
B1AF0A,CJ137,CONJUNTOS,MA,45,3,"R$ 135,00",1,Produtos_Images/B1AF0A.Imagem do Produto.181743.jpg,,,,,,137,,,
2AB1AB,CJ138,CONJUNTOS,MA,45,3,"R$ 135,00",1,Produtos_Images/2AB1AB.Imagem do Produto.181845.jpg,,,,,,138,,,
C80C6D,CJ139,CONJUNTOS,MA,45,3,"R$ 135,00",1,Produtos_Images/C80C6D.Imagem do Produto.183115.jpg,,,,,,139,,,
34F2BF,CJ140,CONJUNTOS,MA,45,3,"R$ 135,00",1,Produtos_Images/34F2BF.Imagem do Produto.184303.jpg,,,,,,140,,,
86F359,CJ141,CONJUNTOS,MA,47,3,"R$ 141,00",1,Produtos_Images/86F359.Imagem do Produto.184355.jpg,,,,,,141,,,
A47020,CJ142,CONJUNTOS,MA,49,3,"R$ 147,00",1,Produtos_Images/A47020.Imagem do Produto.185044.jpg,,,,,,142,,,
12FD01,CJ143,CONJUNTOS,MA,45,3,"R$ 135,00",1,Produtos_Images/12FD01.Imagem do Produto.215301.jpg,,,,,,143,,,
11083F,CJ144,CONJUNTOS,MA,45,3,"R$ 135,00",1,Produtos_Images/11083F.Imagem do Produto.220244.jpg,,,,,,144,,,
F88A39,CJ145,CONJUNTOS,MA,45,3,"R$ 135,00",1,Produtos_Images/F88A39.Imagem do Produto.220439.jpg,,,,,,145,,,
2B363E,CJ146,CONJUNTOS,MA,45,3,"R$ 135,00",1,Produtos_Images/2B363E.Imagem do Produto.220800.jpg,,,,,,146,,,
041675,CJ147,CONJUNTOS,MA,45,3,"R$ 135,00",1,Produtos_Images/041675.Imagem do Produto.221031.jpg,,,,,,147,,,
98F6BE,CJ148,CONJUNTOS,MA,45,3,"R$ 135,00",1,Produtos_Images/98F6BE.Imagem do Produto.221526.jpg,,,,,,148,,,
B30F7E,CJ149,CONJUNTOS,MA,45,3,"R$ 135,00",1,Produtos_Images/B30F7E.Imagem do Produto.222100.jpg,,,,,,149,,,
B30E7X,CJ150,CONJUNTOS,MA,47,3,"R$ 141,00",1,Produtos_Images/0666E8.Imagem do Produto.222248.jpg,,,,,,150,,,
36F414,CJ151,CONJUNTOS,MA,45,3,"R$ 135,00",1,Produtos_Images/36F414.Imagem do Produto.222512.jpg,,,,,,151,,,
265A7D,CJ152,CONJUNTOS,MA,45,3,"R$ 135,00",1,Produtos_Images/265A7D.Imagem do Produto.223253.jpg,,,,,,152,,,
16C03D,PUL297,PULSEIRAS,MA,20,3,"R$ 60,00",1,Produtos_Images/16C03D.Imagem do Produto.223338.jpg,,,,297,,,,,
3583D4,CJ153,CONJUNTOS,MA,45,3,"R$ 135,00",1,Produtos_Images/3583D4.Imagem do Produto.225441.jpg,,,,,,153,,,
1B30F6,CJ154,CONJUNTOS,JN,"31,5","3,5","R$ 110,25",1,Produtos_Images/1B30F6.Imagem do Produto.182038.jpg,,,,,,154,,,
C2B682,CJ155,CONJUNTOS,JN,52,"3,5","R$ 182,00",1,Produtos_Images/C2B682.Imagem do Produto.183205.jpg,,,,,,155,,,
F80D2F,CJ156,CONJUNTOS,JN,53,"3,5","R$ 185,50",2,Produtos_Images/F80D2F.Imagem do Produto.183608.jpg,,,,,,156,,,
EDBB93,CJ157,CONJUNTOS,JN,56,"3,5","R$ 196,00",1,Produtos_Images/EDBB93.Imagem do Produto.184344.jpg,,,,,,157,,,
DB162D,CJ158,CONJUNTOS,JN,53,"3,5","R$ 185,50",3,Produtos_Images/DB162D.Imagem do Produto.185500.jpg,,,,,,158,,,
3B09FC,CJ159,CONJUNTOS,JN,"36,5",4,"R$ 146,00",4,Produtos_Images/3B09FC.Imagem do Produto.190336.jpg,,,,,,159,,,
789EDB,CJ160,CONJUNTOS,JN,31,"3,5","R$ 108,50",3,Produtos_Images/789EDB.Imagem do Produto.191812.jpg,,,,,,160,,,
3A0920,CJ161,CONJUNTOS,JN,"63,5","3,5","R$ 222,25",1,Produtos_Images/3A0920.Imagem do Produto.192342.jpg,,,,,,161,,,
D17636,CJ162,CONJUNTOS,JN,"29,5","3,3","R$ 97,35",1,Produtos_Images/D17636.Imagem do Produto.192741.jpg,,,,,,162,,,
98D05C,CJ163,CONJUNTOS,JN,42,"3,5","R$ 147,00",1,Produtos_Images/98D05C.Imagem do Produto.193429.jpg,,,,,,163,,,
DB1247,CJ164,CONJUNTOS,JN,"31,5","3,5","R$ 110,25",1,Produtos_Images/DB1247.Imagem do Produto.194040.jpg,,,,,,164,,,
49A8D4,CJ165,CONJUNTOS,JN,44,"3,5","R$ 154,00",1,Produtos_Images/49A8D4.Imagem do Produto.194428.jpg,,,,,,165,,,
3EE48D,CJ166,CONJUNTOS,JN,90,"3,2","R$ 288,00",1,Produtos_Images/3EE48D.Imagem do Produto.195452.jpg,,,,,,166,,,
CD488B,CJ167,CONJUNTOS,JN,44,"3,5","R$ 154,00",1,Produtos_Images/CD488B.Imagem do Produto.195727.jpg,,,,,,167,,,
2CBF57,CJ168,CONJUNTOS,JN,54,"3,5","R$ 189,00",1,Produtos_Images/2CBF57.Imagem do Produto.195950.jpg,,,,,,168,,,
9376DD,CJ169,CONJUNTOS,JN,"133,5","2,9","R$ 387,15",1,Produtos_Images/9376DD.Imagem do Produto.200305.jpg,,,,,,169,,,
85CD1B,CJ170,CONJUNTOS,JN,49,"3,5","R$ 171,50",1,Produtos_Images/85CD1B.Imagem do Produto.200527.jpg,,,,,,170,,,
1E7E1E,CJ171,CONJUNTOS,JN,53,"3,5","R$ 185,50",1,Produtos_Images/1E7E1E.Imagem do Produto.200750.jpg,,,,,,171,,,
7B6811,CJ172,CONJUNTOS,JN,88,"3,3","R$ 290,40",1,Produtos_Images/7B6811.Imagem do Produto.201105.jpg,,,,,,172,,,
72B976,PUL298,PULSEIRAS,JN,"25,5","3,5","R$ 89,25",1,Produtos_Images/72B976.Imagem do Produto.233314.jpg,,,,298,,,,,
F9881C,PUL299,PULSEIRAS,JN,"25,5","3,5","R$ 89,25",1,Produtos_Images/F9881C.Imagem do Produto.233529.jpg,,,,299,,,,,
8FD633,PUL300,PULSEIRAS,JN,"16,5",4,"R$ 66,00",1,Produtos_Images/8FD633.Imagem do Produto.233734.jpg,,,,300,,,,,
,,,,,,,,,,,,,,,,,
0C10DD,PUL302,PULSEIRAS,JN,"31,5","3,5","R$ 110,25",1,Produtos_Images/0C10DD.Imagem do Produto.234240.jpg,,,,302,,,,,
BA8C24,PUL303,PULSEIRAS,JN,"29,5","3,5","R$ 103,25",1,Produtos_Images/BA8C24.Imagem do Produto.234437.jpg,,,,303,,,,,
938F94,PUL304,PULSEIRAS,JN,37,"3,5","R$ 129,50",1,Produtos_Images/938F94.Imagem do Produto.234651.jpg,,,,304,,,,,
4D8B1C,PUL305,PULSEIRAS,JN,55,3,"R$ 165,00",1,Produtos_Images/4D8B1C.Imagem do Produto.234928.jpg,,,,305,,,,,
7ED5D5,PUL306,PULSEIRAS,JN,"27,5","3,5","R$ 96,25",1,Produtos_Images/7ED5D5.Imagem do Produto.235106.jpg,,,,306,,,,,
C0B81C,PUL307,PULSEIRAS,JN,"22,5","3,5","R$ 78,75",1,Produtos_Images/C0B81C.Imagem do Produto.235321.jpg,,,,307,,,,,
D390FF,PUL308,PULSEIRAS,JN,"25,5","3,5","R$ 89,25",1,Produtos_Images/D390FF.Imagem do Produto.235509.jpg,,,,308,,,,,
A83249,PUL309,PULSEIRAS,JN,"21,5","3,5","R$ 75,25",1,Produtos_Images/A83249.Imagem do Produto.235655.jpg,,,,309,,,,,
513661,PUL310,PULSEIRAS,JN,"25,5","3,5","R$ 89,25",1,Produtos_Images/513661.Imagem do Produto.235828.jpg,,,,310,,,,,
0BF740,PUL311,PULSEIRAS,JN,"28,5","3,5","R$ 99,75",1,Produtos_Images/0BF740.Imagem do Produto.000233.jpg,,,,311,,,,,
CA705E,PUL312,PULSEIRAS,JN,"19,5",4,"R$ 78,00",1,Produtos_Images/CA705E.Imagem do Produto.000433.jpg,,,,312,,,,,
7F4725,PUL313,PULSEIRAS,JN,"19,5",4,"R$ 78,00",1,Produtos_Images/7F4725.Imagem do Produto.001229.jpg,,,,313,,,,,
BB5A4C,PUL314,PULSEIRAS,JN,"22,5","3,5","R$ 78,75",1,Produtos_Images/BB5A4C.Imagem do Produto.001413.jpg,,,,314,,,,,
063C68,PUL315,PULSEIRAS,JN,"26,5","3,5","R$ 92,75",1,Produtos_Images/063C68.Imagem do Produto.001613.jpg,,,,315,,,,,
0484A1,PUL316,PULSEIRAS,JN,42,"3,5","R$ 147,00",1,Produtos_Images/0484A1.Imagem do Produto.001839.jpg,,,,316,,,,,
3E8867,PUL317,PULSEIRAS,JN,"27,5","3,5","R$ 96,25",1,Produtos_Images/3E8867.Imagem do Produto.001954.jpg,,,,317,,,,,
1144D2,PUL318,PULSEIRAS,JN,"27,5","3,5","R$ 96,25",1,Produtos_Images/1144D2.Imagem do Produto.133518.jpg,,,,318,,,,,
6B9CE1,PUL319,PULSEIRAS,JN,60,3,"R$ 180,00",1,Produtos_Images/6B9CE1.Imagem do Produto.134746.jpg,,,,319,,,,,
30CA49,PUL320,PULSEIRAS,JN,"62,5",3,"R$ 187,50",1,Produtos_Images/30CA49.Imagem do Produto.135507.jpg,,,,320,,,,,
F78878,PUL321,PULSEIRAS,JN,37,3,"R$ 111,00",1,Produtos_Images/F78878.Imagem do Produto.135620.jpg,,,,321,,,,,
E9DFF9,PUL322,PULSEIRAS,JN,"25,5","3,5","R$ 89,25",1,Produtos_Images/E9DFF9.Imagem do Produto.170850.jpg,,,,322,,,,,
627641,PUL323,PULSEIRAS,JN,46,"3,4","R$ 156,40",1,Produtos_Images/627641.Imagem do Produto.171631.jpg,,,,323,,,,,
5BFDDB,PUL324,PULSEIRAS,JN,"24,5","3,5","R$ 85,75",4,Produtos_Images/5BFDDB.Imagem do Produto.184541.jpg,,,,324,,,,,
6B6F11,PUL325,PULSEIRAS,JN,"25,5","3,5","R$ 89,25",5,Produtos_Images/6B6F11.Imagem do Produto.184959.jpg,,,,325,,,,,
982253,PUL326,PULSEIRAS,JN,"24,5","3,5","R$ 85,75",1,Produtos_Images/982253.Imagem do Produto.185541.jpg,,,,326,,,,,
D8A325,PUL327,PULSEIRAS,JN,"21,5",4,"R$ 86,00",2,Produtos_Images/D8A325.Imagem do Produto.190318.jpg,,,,327,,,,,
2B5F94,PUL328,PULSEIRAS,JN,"20,5",4,"R$ 82,00",2,Produtos_Images/2B5F94.Imagem do Produto.190504.jpg,,,,328,,,,,
6766B0,PUL329,PULSEIRAS,JN,"31,5",3,"R$ 94,50",2,Produtos_Images/6766B0.Imagem do Produto.190828.jpg,,,,329,,,,,
71284B,PUL330,PULSEIRAS,JN,"12,5","3,9","R$ 48,75",3,Produtos_Images/71284B.Imagem do Produto.191057.jpg,,,,330,,,,,
FF835D,PUL331,PULSEIRAS,JN,"21,5",4,"R$ 86,00",2,Produtos_Images/FF835D.Imagem do Produto.191259.jpg,,,,331,,,,,
CAEC0F,PUL332,PULSEIRAS,JN,"24,5","3,5","R$ 85,75",1,Produtos_Images/CAEC0F.Imagem do Produto.191521.jpg,,,,332,,,,,
DAB019,PUL333,PULSEIRAS,JN,"20,5","3,5","R$ 71,75",3,Produtos_Images/DAB019.Imagem do Produto.191831.jpg,,,,333,,,,,
4D9B3F,PUL334,PULSEIRAS,JN,"17,4",4,"R$ 69,60",3,Produtos_Images/4D9B3F.Imagem do Produto.192057.jpg,,,,334,,,,,
7A861E,PUL335,PULSEIRAS,JN,"24,5","3,5","R$ 85,75",2,Produtos_Images/7A861E.Imagem do Produto.192425.jpg,,,,335,,,,,
A11F84,PUL336,PULSEIRAS,JN,"24,5","3,8","R$ 93,10",3,Produtos_Images/A11F84.Imagem do Produto.192705.jpg,,,,336,,,,,
6B6BBE,PUL337,PULSEIRAS,JN,"19,5","3,5","R$ 68,25",1,Produtos_Images/6B6BBE.Imagem do Produto.192838.jpg,,,,337,,,,,
DA6CB6,PUL338,PULSEIRAS,JN,"27,5","3,5","R$ 96,25",1,Produtos_Images/DA6CB6.Imagem do Produto.193030.jpg,,,,338,,,,,
B97C99,PUL339,PULSEIRAS,JN,51,"3,3","R$ 168,30",1,Produtos_Images/B97C99.Imagem do Produto.193311.jpg,,,,339,,,,,
068CF0,PUL340,PULSEIRAS,JN,26,"3,4","R$ 88,40",1,Produtos_Images/068CF0.Imagem do Produto.193458.jpg,,,,340,,,,,
0235FC,CD492,CORDÕES,JN,"17,5",4,"R$ 70,00",10,Produtos_Images/0235FC.Imagem do Produto.164252.jpg,,,,,492,,,,
,,,,,,,,,,,,,,,,,
F078AC,CD494,CORDÕES,JN,26,"4,5","R$ 117,00",2,Produtos_Images/F078AC.Imagem do Produto.165024.jpg,,,,,494,,,,
712F92,CD495,CORDÕES,JN,25,"3,9","R$ 97,50",3,Produtos_Images/712F92.Imagem do Produto.165233.jpg,,,,,495,,,,
C4572A,CD496,CORDÕES,JN,35,4,"R$ 140,00",5,Produtos_Images/C4572A.Imagem do Produto.170101.jpg,,,,,496,,,,
67CE0A,CD497,CORDÕES,JN,44,"3,5","R$ 154,00",3,Produtos_Images/67CE0A.Imagem do Produto.170340.jpg,,,,,497,,,,
7CD2B9,CD498,CORDÕES,JN,36,4,"R$ 144,00",2,Produtos_Images/7CD2B9.Imagem do Produto.171039.jpg,,,,,498,,,,
01F7CF,CD499,CORDÕES,JN,37,4,"R$ 148,00",2,Produtos_Images/01F7CF.Imagem do Produto.171215.jpg,,,,,499,,,,
3FF376,CD500,CORDÕES,JN,51,"3,5","R$ 178,50",2,Produtos_Images/3FF376.Imagem do Produto.172002.jpg,,,,,500,,,,
D49FBC,CD501,CORDÕES,JN,55,"3,5","R$ 192,50",2,Produtos_Images/D49FBC.Imagem do Produto.173400.jpg,,,,,501,,,,
BACE46,CD502,CORDÕES,JN,29,"3,5","R$ 101,50",1,Produtos_Images/BACE46.Imagem do Produto.174133.jpg,,,,,502,,,,
67A836,CD503,CORDÕES,JN,52,"3,5","R$ 182,00",1,Produtos_Images/67A836.Imagem do Produto.174444.jpg,,,,,503,,,,
CEBAC9,CD504,CORDÕES,JN,65,"3,5","R$ 227,50",2,Produtos_Images/CEBAC9.Imagem do Produto.174522.jpg,,,,,504,,,,
3584B6,CD505,CORDÕES,JN,41,4,"R$ 164,00",1,Produtos_Images/3584B6.Imagem do Produto.174808.jpg,,,,,505,,,,
D1F5DD,CD506,CORDÕES,JN,23,"3,8","R$ 87,40",3,Produtos_Images/D1F5DD.Imagem do Produto.175004.jpg,,,,,506,,,,
2E0DCB,CD507,CORDÕES,JN,40,"3,5","R$ 140,00",2,Produtos_Images/2E0DCB.Imagem do Produto.175238.jpg,,,,,507,,,,
,,,,,,,,,,,,,,,,,
CCB44C,CD509,CORDÕES,JN,19,4,"R$ 76,00",9,Produtos_Images/CCB44C.Imagem do Produto.180215.jpg,,,,,509,,,,
9F5496,CD510,CORDÕES,JN,39,"3,7","R$ 144,30",1,Produtos_Images/9F5496.Imagem do Produto.180512.jpg,,,,,510,,,,
C030F6,CD511,CORDÕES,JN,49,"3,5","R$ 171,50",1,Produtos_Images/C030F6.Imagem do Produto.181016.jpg,,,,,511,,,,
368BD8,CD512,CORDÕES,JN,35,4,"R$ 140,00",1,Produtos_Images/368BD8.Imagem do Produto.181358.jpg,,,,,512,,,,
F86F11,CD513,CORDÕES,JN,69,"2,85","R$ 196,65",1,Produtos_Images/F86F11.Imagem do Produto.181559.jpg,,,,,513,,,,
B919B6,CD514,CORDÕES,JN,22,4,"R$ 88,00",1,Produtos_Images/B919B6.Imagem do Produto.181735.jpg,,,,,514,,,,
FE3E63,CD515,CORDÕES,JN,49,"3,45","R$ 169,05",1,Produtos_Images/FE3E63.Imagem do Produto.181944.jpg,,,,,515,,,,
49604C,CD516,CORDÕES,JN,51,"3,5","R$ 178,50",1,Produtos_Images/49604C.Imagem do Produto.182115.jpg,,,,,516,,,,
40B413,CD517,CORDÕES,JN,39,"3,5","R$ 136,50",1,Produtos_Images/40B413.Imagem do Produto.182232.jpg,,,,,517,,,,
574942,CD518,CORDÕES,JN,36,"3,5","R$ 126,00",1,Produtos_Images/574942.Imagem do Produto.182403.jpg,,,,,518,,,,
7ADD4F,CD519,CORDÕES,JN,35,"3,5","R$ 122,50",1,Produtos_Images/7ADD4F.Imagem do Produto.183527.jpg,,,,,519,,,,
75AB74,CD520,CORDÕES,JN,"29,5","3,5","R$ 103,25",1,Produtos_Images/75AB74.Imagem do Produto.183646.jpg,,,,,520,,,,
6374A8,CD521,CORDÕES,JN,37,"3,5","R$ 129,50",1,Produtos_Images/6374A8.Imagem do Produto.183805.jpg,,,,,521,,,,
C265A3,CD522,CORDÕES,JN,"34,5",4,"R$ 138,00",1,Produtos_Images/C265A3.Imagem do Produto.184742.jpg,,,,,522,,,,
F6D10C,CD523,CORDÕES,JN,48,"3,5","R$ 168,00",1,Produtos_Images/F6D10C.Imagem do Produto.184930.jpg,,,,,523,,,,
B06C8F,CD524,CORDÕES,JN,51,"3,5","R$ 178,50",1,Produtos_Images/B06C8F.Imagem do Produto.185354.jpg,,,,,524,,,,
89EE61,CD525,CORDÕES,JN,48,"3,5","R$ 168,00",1,Produtos_Images/89EE61.Imagem do Produto.185602.jpg,,,,,525,,,,
9A93E4,CD526,CORDÕES,JN,40,"3,5","R$ 140,00",1,Produtos_Images/9A93E4.Imagem do Produto.185826.jpg,,,,,526,,,,
C7DC75,CD527,CORDÕES,JN,44,"3,5","R$ 154,00",1,Produtos_Images/C7DC75.Imagem do Produto.190130.jpg,,,,,527,,,,
295657,CD528,CORDÕES,JN,27,4,"R$ 108,00",1,Produtos_Images/295657.Imagem do Produto.190324.jpg,,,,,528,,,,
1102A7,CD529,CORDÕES,JN,"34,5","3,9","R$ 134,55",1,Produtos_Images/1102A7.Imagem do Produto.190525.jpg,,,,,529,,,,
55A49D,CD530,CORDÕES,JN,55,"3,5","R$ 192,50",1,Produtos_Images/55A49D.Imagem do Produto.190913.jpg,,,,,530,,,,
D75B86,CD531,CORDÕES,JN,44,4,"R$ 176,00",1,Produtos_Images/D75B86.Imagem do Produto.191034.jpg,,,,,531,,,,
878125,CD532,CORDÕES,JN,"68,5",3,"R$ 205,50",1,Produtos_Images/878125.Imagem do Produto.191227.jpg,,,,,532,,,,
ABBC35,CD533,CORDÕES,JN,"22,5",4,"R$ 90,00",1,Produtos_Images/ABBC35.Imagem do Produto.191454.jpg,,,,,533,,,,
D87892,CD534,CORDÕES,JN,30,4,"R$ 120,00",1,Produtos_Images/D87892.Imagem do Produto.191601.jpg,,,,,534,,,,
320916,CD535,CORDÕES,JN,36,4,"R$ 144,00",1,Produtos_Images/320916.Imagem do Produto.191731.jpg,,,,,535,,,,
EF95C0,AN285,ANÉIS,JN,39,"3,5","R$ 136,50",1,Produtos_Images/EF95C0.Imagem do Produto.210718.jpg,,,285,,,,,,
18F073,AN286,ANÉIS,JN,41,"3,5","R$ 143,50",1,Produtos_Images/18F073.Imagem do Produto.211009.jpg,,,286,,,,,,
767707,AN287,ANÉIS,JN,64,3,"R$ 192,00",1,Produtos_Images/767707.Imagem do Produto.211301.jpg,,,287,,,,,,
EF1896,AN288,ANÉIS,JN,41,"3,5","R$ 143,50",1,Produtos_Images/EF1896.Imagem do Produto.211414.jpg,,,288,,,,,,
8AB9DF,AN289,ANÉIS,JN,24,"3,5","R$ 84,00",1,Produtos_Images/8AB9DF.Imagem do Produto.211656.jpg,,,289,,,,,,
B2F308,AN290,ANÉIS,JN,61,3,"R$ 183,00",1,Produtos_Images/B2F308.Imagem do Produto.212217.jpg,,,290,,,,,,
D35737,AN291,ANÉIS,JN,35,"3,5","R$ 122,50",1,Produtos_Images/D35737.Imagem do Produto.213257.jpg,,,291,,,,,,
776F41,AN292,ANÉIS,JN,44,3,"R$ 132,00",1,Produtos_Images/776F41.Imagem do Produto.213752.jpg,,,292,,,,,,
58B34C,AN293,ANÉIS,JN,"29,5","3,5","R$ 103,25",1,Produtos_Images/58B34C.Imagem do Produto.213831.jpg,,,293,,,,,,
3A56FD,AN294,ANÉIS,JN,22,4,"R$ 88,00",1,Produtos_Images/3A56FD.Imagem do Produto.214001.jpg,,,294,,,,,,
C3A46B,AN295,ANÉIS,JN,30,"3,5","R$ 105,00",1,Produtos_Images/C3A46B.Imagem do Produto.214126.jpg,,,295,,,,,,
5B0FED,AN296,ANÉIS,JN,"26,5","3,5","R$ 92,75",1,Produtos_Images/5B0FED.Imagem do Produto.214351.jpg,,,296,,,,,,
500215,AN297,ANÉIS,JN,19,"3,5","R$ 66,50",1,Produtos_Images/500215.Imagem do Produto.214416.jpg,,,297,,,,,,
04D3D2,AN298,ANÉIS,JN,27,"3,5","R$ 94,50",4,Produtos_Images/04D3D2.Imagem do Produto.214612.jpg,,,298,,,,,,
F94419,AN299,ANÉIS,JN,70,"3,5","R$ 245,00",1,Produtos_Images/F94419.Imagem do Produto.214745.jpg,,,299,,,,,,
3D1BDD,AN300,ANÉIS,JN,27,3,"R$ 81,00",3,Produtos_Images/3D1BDD.Imagem do Produto.220032.jpg,,,300,,,,,,
FF9578,AN301,ANÉIS,JN,"19,5","3,5","R$ 68,25",2,Produtos_Images/FF9578.Imagem do Produto.220154.jpg,,,301,,,,,,
C8B3F2,AN302,ANÉIS,JN,31,"3,5","R$ 108,50",2,Produtos_Images/C8B3F2.Imagem do Produto.220308.jpg,,,302,,,,,,
CEBF73,AN303,ANÉIS,JN,"29,5",3,"R$ 88,50",2,Produtos_Images/CEBF73.Imagem do Produto.220452.jpg,,,303,,,,,,
D8050E,AN304,ANÉIS,JN,20,"3,5","R$ 70,00",2,Produtos_Images/D8050E.Imagem do Produto.223606.jpg,,,304,,,,,,
E6D1A9,AN305,ANÉIS,JN,28,"3,5","R$ 98,00",3,Produtos_Images/E6D1A9.Imagem do Produto.223711.jpg,,,305,,,,,,
86CAAD,AN306,ANÉIS,JN,"29,5",3,"R$ 88,50",2,Produtos_Images/86CAAD.Imagem do Produto.223915.jpg,,,306,,,,,,
8E58D8,AN307,ANÉIS,JN,"32,5","3,5","R$ 113,75",3,Produtos_Images/8E58D8.Imagem do Produto.223953.jpg,,,307,,,,,,
55A8E6,AN308,ANÉIS,JN,51,"3,8","R$ 193,80",3,Produtos_Images/55A8E6.Imagem do Produto.224246.jpg,,,308,,,,,,
6FAF35,AN309,ANÉIS,JN,"21,5",4,"R$ 86,00",7,Produtos_Images/6FAF35.Imagem do Produto.224521.jpg,,,309,,,,,,
3E54F5,AN310,ANÉIS,JN,"29,5","3,5","R$ 103,25",2,Produtos_Images/3E54F5.Imagem do Produto.224702.jpg,,,310,,,,,,
E1D4E8,AN311,ANÉIS,JN,"24,5","3,5","R$ 85,75",2,Produtos_Images/E1D4E8.Imagem do Produto.224816.jpg,,,311,,,,,,
6E339E,AN312,ANÉIS,JN,49,"3,4","R$ 166,60",1,Produtos_Images/6E339E.Imagem do Produto.225618.jpg,,,312,,,,,,
83B420,AN313,ANÉIS,JN,"24,5","3,5","R$ 85,75",2,Produtos_Images/83B420.Imagem do Produto.225727.jpg,,,313,,,,,,
8DD904,AN314,ANÉIS,JN,63,"3,1","R$ 195,30",3,Produtos_Images/8DD904.Imagem do Produto.225854.jpg,,,314,,,,,,
5BA810,AN315,ANÉIS,JN,61,"3,5","R$ 213,50",2,Produtos_Images/5BA810.Imagem do Produto.230047.jpg,,,315,,,,,,
BEA3EB,AN316,ANÉIS,JN,"34,5","3,5","R$ 120,75",3,Produtos_Images/BEA3EB.Imagem do Produto.230245.jpg,,,316,,,,,,
FEAE90,AN317,ANÉIS,JN,37,"3,5","R$ 129,50",3,Produtos_Images/FEAE90.Imagem do Produto.230410.jpg,,,317,,,,,,
BA642B,AN318,ANÉIS,JN,83,"3,5","R$ 290,50",2,Produtos_Images/BA642B.Imagem do Produto.230521.jpg,,,318,,,,,,
BAA22X,AN319,ANÉIS,JN,44,"3,5","R$ 154,00",2,Produtos_Images/862E31.Imagem do Produto.230644.jpg,,,319,,,,,,
EC2878,AN320,ANÉIS,JN,"31,5","3,5","R$ 110,25",2,Produtos_Images/EC2878.Imagem do Produto.230736.jpg,,,320,,,,,,
3563F2,AN321,ANÉIS,JN,"35,5","3,5","R$ 124,25",2,Produtos_Images/3563F2.Imagem do Produto.230829.jpg,,,321,,,,,,
4E0381,AN322,ANÉIS,JN,"23,5","3,6","R$ 84,60",2,Produtos_Images/4E0381.Imagem do Produto.230943.jpg,,,322,,,,,,
80D43F,AN323,ANÉIS,JN,63,"3,1","R$ 195,30",2,Produtos_Images/80D43F.Imagem do Produto.231107.jpg,,,323,,,,,,
E7E7F4,AN324,ANÉIS,JN,41,"3,5","R$ 143,50",2,Produtos_Images/E7E7F4.Imagem do Produto.231229.jpg,,,324,,,,,,
987B6D,AN325,ANÉIS,JN,"27,5","3,5","R$ 96,25",2,Produtos_Images/987B6D.Imagem do Produto.231331.jpg,,,325,,,,,,
830758,AN326,ANÉIS,JN,54,"3,5","R$ 189,00",2,Produtos_Images/830758.Imagem do Produto.231426.jpg,,,326,,,,,,
06F2D2,AN327,ANÉIS,JN,"27,5","3,25","R$ 89,38",2,Produtos_Images/06F2D2.Imagem do Produto.231532.jpg,,,327,,,,,,
379637,BR887,BRINCOS,JN,4,34,"R$ 136,00",2,Produtos_Images/379637.Imagem do Produto.172408.jpg,,887,,,,,,,
65222F,BR888,BRINCOS,JN,44,4,"R$ 176,00",1,Produtos_Images/65222F.Imagem do Produto.173020.jpg,,888,,,,,,,
651ZXF,BR889,BRINCOS,JN,49,4,"R$ 196,00",0,Produtos_Images/53E256.Imagem do Produto.173053.jpg,,889,,,,,,,
FDCCBB,BR890,BRINCOS,JN,63,"3,5","R$ 220,50",1,Produtos_Images/FDCCBB.Imagem do Produto.173548.jpg,,890,,,,,,,
F9F741,BR891,BRINCOS,JN,55,"3,5","R$ 192,50",1,Produtos_Images/F9F741.Imagem do Produto.173839.jpg,,891,,,,,,,
DE3695,BR892,BRINCOS,JN,44,4,"R$ 176,00",1,Produtos_Images/DE3695.Imagem do Produto.173949.jpg,,892,,,,,,,
C17024,BR893,BRINCOS,JN,45,"3,5","R$ 157,50",1,Produtos_Images/C17024.Imagem do Produto.174201.jpg,,893,,,,,,,
F48BFA,BR894,BRINCOS,JN,29,4,"R$ 116,00",1,Produtos_Images/F48BFA.Imagem do Produto.174605.jpg,,894,,,,,,,
61718A,BR895,BRINCOS,JN,"66,5","3,5","R$ 232,75",0,Produtos_Images/61718A.Imagem do Produto.174737.jpg,,895,,,,,,,
,,,,,,,,,,,,,,,,,
12FA47,BR897,BRINCOS,JN,"1,3","8,5","R$ 11,05",10,Produtos_Images/12FA47.Imagem do Produto.180040.jpg,,897,,,,,,,
,,,,,,,,,,,,,,,,,
35AXXX,BR899,BRINCOS,JN,10,5,"R$ 50,00",10,Produtos_Images/58E263.Imagem do Produto.180505.jpg,,899,,,,,,,
,,,,,,,,,,,,,,,,,
B7EBC2,BR901,BRINCOS,JN,43,"3,2","R$ 137,60",1,Produtos_Images/B7EBC2.Imagem do Produto.181512.jpg,,901,,,,,,,
C0223B,BR902,BRINCOS,JN,28,"3,5","R$ 98,00",1,Produtos_Images/C0223B.Imagem do Produto.181808.jpg,,902,,,,,,,
7BDC92,BR903,BRINCOS,JN,37,"3,5","R$ 129,50",1,Produtos_Images/7BDC92.Imagem do Produto.182407.jpg,,903,,,,,,,
997B46,BR904,BRINCOS,JN,"27,5",4,"R$ 110,00",1,Produtos_Images/997B46.Imagem do Produto.184010.jpg,,904,,,,,,,
999A8F,BR905,BRINCOS,JN,"24,5",4,"R$ 98,00",1,Produtos_Images/999A8F.Imagem do Produto.184319.jpg,,905,,,,,,,
C4BA4F,BR906,BRINCOS,JN,"24,5",4,"R$ 98,00",1,Produtos_Images/C4BA4F.Imagem do Produto.184417.jpg,,906,,,,,,,
969458,BR907,BRINCOS,JN,"24,5","3,5","R$ 85,75",1,Produtos_Images/969458.Imagem do Produto.184547.jpg,,907,,,,,,,
5280C5,BR908,BRINCOS,JN,20,4,"R$ 80,00",1,Produtos_Images/5280C5.Imagem do Produto.213358.jpg,,908,,,,,,,
F84EA9,BR909,BRINCOS,JN,"19,5",4,"R$ 78,00",1,Produtos_Images/F84EA9.Imagem do Produto.213715.jpg,,909,,,,,,,
69FD37,BR910,BRINCOS,JN,"19,5","3,5","R$ 68,25",1,Produtos_Images/69FD37.Imagem do Produto.213910.jpg,,910,,,,,,,
91526C,BR911,BRINCOS,JN,69,3,"R$ 207,00",1,Produtos_Images/91526C.Imagem do Produto.214715.jpg,,911,,,,,,,
F4E953,BR912,BRINCOS,JN,"14,5",4,"R$ 58,00",1,Produtos_Images/F4E953.Imagem do Produto.214750.jpg,,912,,,,,,,
CB5709,BR913,BRINCOS,JN,37,"3,5","R$ 129,50",1,Produtos_Images/CB5709.Imagem do Produto.220042.jpg,,913,,,,,,,
41991D,BR914,BRINCOS,JN,"17,5",4,"R$ 70,00",1,Produtos_Images/41991D.Imagem do Produto.220439.jpg,,914,,,,,,,
35D30F,BR915,BRINCOS,JN,"29,5","3,3","R$ 97,35",1,Produtos_Images/35D30F.Imagem do Produto.220659.jpg,,915,,,,,,,
533B64,BR916,BRINCOS,JN,"29,5",3,"R$ 88,50",1,Produtos_Images/533B64.Imagem do Produto.220733.jpg,,916,,,,,,,
9F89A2,BR917,BRINCOS,JN,"25,5",3,"R$ 76,50",1,Produtos_Images/9F89A2.Imagem do Produto.221211.jpg,,917,,,,,,,
DEC01D,BR918,BRINCOS,JN,"22,5",3,"R$ 67,50",1,Produtos_Images/DEC01D.Imagem do Produto.221235.jpg,,918,,,,,,,
485BA4,BR919,BRINCOS,JN,"15,5","3,5","R$ 54,25",1,Produtos_Images/485BA4.Imagem do Produto.221510.jpg,,919,,,,,,,
7CB6B9,BR920,BRINCOS,JN,"29,5",3,"R$ 88,50",1,Produtos_Images/7CB6B9.Imagem do Produto.221614.jpg,,920,,,,,,,
E2994D,BR921,BRINCOS,JN,"16,5","3,5","R$ 57,75",1,Produtos_Images/E2994D.Imagem do Produto.221802.jpg,,921,,,,,,,
087D1D,BR922,BRINCOS,JN,"24,5",3,"R$ 73,50",1,Produtos_Images/087D1D.Imagem do Produto.221910.jpg,,922,,,,,,,
AD63D3,BR923,BRINCOS,JN,"27,5","3,2","R$ 88,00",1,Produtos_Images/AD63D3.Imagem do Produto.223204.jpg,,923,,,,,,,
ACECAD,BR924,BRINCOS,JN,"21,5",3,"R$ 64,50",1,Produtos_Images/ACECAD.Imagem do Produto.223406.jpg,,924,,,,,,,
705852,BR925,BRINCOS,JN,"27,5","3,25","R$ 89,38",1,Produtos_Images/705852.Imagem do Produto.223445.jpg,,925,,,,,,,
2CADD4,BR926,BRINCOS,JN,"27,5","3,25","R$ 89,38",1,Produtos_Images/2CADD4.Imagem do Produto.223603.jpg,,926,,,,,,,
3B1CC7,BR927,BRINCOS,JN,44,3,"R$ 132,00",1,Produtos_Images/3B1CC7.Imagem do Produto.223907.jpg,,927,,,,,,,
AD333D,BR928,BRINCOS,JN,45,3,"R$ 135,00",1,Produtos_Images/AD333D.Imagem do Produto.224018.jpg,,928,,,,,,,
9B2AF9,BR929,BRINCOS,JN,"30,5",3,"R$ 91,50",1,Produtos_Images/9B2AF9.Imagem do Produto.225733.jpg,,929,,,,,,,
9B2AAX,BR930,BRINCOS,JN,"19,5","3,2","R$ 62,40",1,Produtos_Images/250E03.Imagem do Produto.225829.jpg,,930,,,,,,,
40B664,BR931,BRINCOS,JN,31,3,"R$ 93,00",1,Produtos_Images/40B664.Imagem do Produto.225937.jpg,,931,,,,,,,
036314,BR932,BRINCOS,JN,"14,5","3,5","R$ 50,75",1,Produtos_Images/036314.Imagem do Produto.230209.jpg,,932,,,,,,,
63778C,BR933,BRINCOS,JN,"19,5","3,5","R$ 68,25",1,Produtos_Images/63778C.Imagem do Produto.230359.jpg,,933,,,,,,,
9FCAD0,BR934,BRINCOS,JN,30,"2,95","R$ 88,50",2,Produtos_Images/9FCAD0.Imagem do Produto.230552.jpg,,934,,,,,,,
56E81D,BR935,BRINCOS,JN,"29,5","3,2","R$ 94,40",1,Produtos_Images/56E81D.Imagem do Produto.231200.jpg,,935,,,,,,,
74A2A5,BR936,BRINCOS,JN,"14,5","3,5","R$ 50,75",1,Produtos_Images/74A2A5.Imagem do Produto.231242.jpg,,936,,,,,,,
6F5AF0,BR937,BRINCOS,JN,7,6,"R$ 42,00",3,Produtos_Images/6F5AF0.Imagem do Produto.232100.jpg,,937,,,,,,,
27BD70,BR938,BRINCOS,JN,"14,5","3,4","R$ 49,30",2,Produtos_Images/27BD70.Imagem do Produto.232849.jpg,,938,,,,,,,
D8D733,BR939,BRINCOS,JN,12,"3,5","R$ 42,00",1,Produtos_Images/D8D733.Imagem do Produto.234808.jpg,,939,,,,,,,
F2C332,BR940,BRINCOS,JN,8,6,"R$ 48,00",4,Produtos_Images/F2C332.Imagem do Produto.235229.jpg,,940,,,,,,,
883620,BR941,BRINCOS,JN,8,6,"R$ 48,00",2,Produtos_Images/883620.Imagem do Produto.235406.jpg,,941,,,,,,,
1DA5E0,BR942,BRINCOS,JN,10,5,"R$ 50,00",3,Produtos_Images/1DA5E0.Imagem do Produto.235852.jpg,,942,,,,,,,
FC3C7B,BR943,BRINCOS,JN,"14,5","4,5","R$ 65,25",10,Produtos_Images/FC3C7B.Imagem do Produto.000216.jpg,,943,,,,,,,
1FC8CE,BR944,BRINCOS,JN,10,"4,9","R$ 49,00",3,Produtos_Images/1FC8CE.Imagem do Produto.001753.jpg,,944,,,,,,,
8A8238,BR945,BRINCOS,JN,"14,5",4,"R$ 58,00",3,Produtos_Images/8A8238.Imagem do Produto.002204.jpg,,945,,,,,,,
384494,BR946,BRINCOS,JN,10,"4,9","R$ 49,00",2,Produtos_Images/384494.Imagem do Produto.002238.jpg,,946,,,,,,,
3384CC,BR947,BRINCOS,JN,10,"5,2","R$ 52,00",2,Produtos_Images/3384CC.Imagem do Produto.002449.jpg,,947,,,,,,,
4FDFA3,BR948,BRINCOS,JN,"14,5","4,5","R$ 65,25",1,Produtos_Images/4FDFA3.Imagem do Produto.002708.jpg,,948,,,,,,,
A57957,BR949,BRINCOS,JN,10,"5,3","R$ 53,00",2,Produtos_Images/A57957.Imagem do Produto.002858.jpg,,949,,,,,,,
FA3506,BR950,BRINCOS,JN,19,4,"R$ 76,00",1,Produtos_Images/FA3506.Imagem do Produto.003157.jpg,,950,,,,,,,
D4569E,BR951,BRINCOS,JN,"19,5",4,"R$ 78,00",1,Produtos_Images/D4569E.Imagem do Produto.003344.jpg,,951,,,,,,,
8F375A,BR952,BRINCOS,JN,"23,5",4,"R$ 94,00",2,Produtos_Images/8F375A.Imagem do Produto.003503.jpg,,952,,,,,,,
860F49,BR953,BRINCOS,JN,"14,5",4,"R$ 58,00",1,Produtos_Images/860F49.Imagem do Produto.003820.jpg,,953,,,,,,,
60103B,PUL341,PULSEIRAS,JL bracelete,"47,95",3,"R$ 143,85",1,Produtos_Images/60103B.Imagem do Produto.212829.jpg,,,,341,,,,,
EF5681,PUL342,PULSEIRAS,JL bracelete,38,"4,2","R$ 159,60",1,Produtos_Images/EF5681.Imagem do Produto.213225.jpg,,,,342,,,,,
717DBF,PUL343,PULSEIRAS,JL bracelete,"67,45","3,5","R$ 236,08",1,Produtos_Images/717DBF.Imagem do Produto.213314.jpg,,,,343,,,,,
641AF4,PUL344,PULSEIRAS,JL bracelete,"43,95","3,5","R$ 153,82",1,Produtos_Images/641AF4.Imagem do Produto.213630.jpg,,,,344,,,,,
4B3A82,PUL345,PULSEIRAS,JL bracelete,"47,9","3,5","R$ 167,65",1,Produtos_Images/4B3A82.Imagem do Produto.213851.jpg,,,,345,,,,,
5D2716,PUL346,PULSEIRAS,JL bracelete,"43,95","3,5","R$ 153,82",1,Produtos_Images/5D2716.Imagem do Produto.213931.jpg,,,,346,,,,,
47DA24,PUL347,PULSEIRAS,JL bracelete,"43,95","3,5","R$ 153,82",1,Produtos_Images/47DA24.Imagem do Produto.214141.jpg,,,,347,,,,,
E328E9,PUL348,PULSEIRAS,JL bracelete,"43,95","3,5","R$ 153,82",1,Produtos_Images/E328E9.Imagem do Produto.214223.jpg,,,,348,,,,,
2AD948,PUL349,PULSEIRAS,JL bracelete,"57,45","3,2","R$ 183,84",1,Produtos_Images/2AD948.Imagem do Produto.214406.jpg,,,,349,,,,,
081479,PUL350,PULSEIRAS,JL bracelete,"49,95","3,7","R$ 184,82",1,Produtos_Images/081479.Imagem do Produto.214645.jpg,,,,350,,,,,
1C5722,PUL351,PULSEIRAS,JL bracelete,"49,95","3,7","R$ 184,82",1,Produtos_Images/1C5722.Imagem do Produto.215001.jpg,,,,351,,,,,
63CC49,BR954,BRINCOS,JL ear cuf,"77,5","3,5","R$ 271,25",1,Produtos_Images/63CC49.Imagem do Produto.215351.jpg,,954,,,,,,,
A6F0DD,BR955,BRINCOS,JL ear cuf,"77,5","3,5","R$ 271,25",1,Produtos_Images/A6F0DD.Imagem do Produto.215526.jpg,,955,,,,,,,
950431,BR956,BRINCOS,JL,34,"3,5","R$ 119,00",1,Produtos_Images/950431.Imagem do Produto.215726.jpg,,956,,,,,,,
2E3978,BR957,BRINCOS,JL,23,3,"R$ 69,00",1,Produtos_Images/2E3978.Imagem do Produto.220036.jpg,,957,,,,,,,
C61B36,BR958,BRINCOS,JL,192,3,"R$ 576,00",0,Produtos_Images/C61B36.Imagem do Produto.220116.jpg,,958,,,,,,,
29E2CE,BR959,BRINCOS,JL,192,3,"R$ 576,00",1,Produtos_Images/29E2CE.Imagem do Produto.220613.jpg,,959,,,,,,,
70AD5D,CD536,CORDÕES,JL aro,"57,45",4,"R$ 229,80",1,Produtos_Images/70AD5D.Imagem do Produto.221504.jpg,,,,,536,,,,
E7A6BD,CD537,CORDÕES,JL aro,53,4,"R$ 212,00",1,Produtos_Images/E7A6BD.Imagem do Produto.221548.jpg,,,,,537,,,,
116025,CD538,CORDÕES,JL,68,"2,79","R$ 189,72",1,Produtos_Images/116025.Imagem do Produto.223431.jpg,,,,,538,,,,
3D1AFA,CD539,CORDÕES,JL,52,3,"R$ 156,00",1,Produtos_Images/3D1AFA.Imagem do Produto.223549.jpg,,,,,539,,,,
CDC3BD,CD540,CORDÕES,JL,44,"3,5","R$ 154,00",1,Produtos_Images/CDC3BD.Imagem do Produto.223720.jpg,,,,,540,,,,
E8FAE5,BR960,BRINCOS,EV,12,4,"R$ 48,00",4,Produtos_Images/E8FAE5.Imagem do Produto.003346.jpg,,960,,,,,,,
3FB18D,BR961,BRINCOS,JN,9,4,"R$ 36,00",2,Produtos_Images/3FB18D.Imagem do Produto.003553.jpg,,961,,,,,,,
051FC3,BR962,BRINCOS,JN,"15,5","3,5","R$ 54,25",2,Produtos_Images/051FC3.Imagem do Produto.003740.jpg,,962,,,,,,,
9ECF04,BR963,BRINCOS,JN,"18,5","3,5","R$ 64,75",2,Produtos_Images/9ECF04.Imagem do Produto.004044.jpg,,963,,,,,,,
811282,BR964,BRINCOS,JN,"15,5","3,5","R$ 54,25",2,Produtos_Images/811282.Imagem do Produto.004517.jpg,,964,,,,,,,
0CDA1B,BR965,BRINCOS,JN,12,"3,5","R$ 42,00",2,Produtos_Images/0CDA1B.Imagem do Produto.004742.jpg,,965,,,,,,,
4BEFAD,BR966,BRINCOS,JN,"19,6","3,5","R$ 68,60",2,Produtos_Images/4BEFAD.Imagem do Produto.004946.jpg,,966,,,,,,,
FA84EE,CJ173,CONJUNTOS,JN,28,"3,5","R$ 98,00",2,Produtos_Images/FA84EE.Imagem do Produto.005332.jpg,,,,,,173,,,
1F90C1,CJ174,CONJUNTOS,JN,"33,5","3,5","R$ 117,25",1,Produtos_Images/1F90C1.Imagem do Produto.005757.jpg,,,,,,174,,,
A065C9,PUL352,PULSEIRAS,JN,10,"3,5","R$ 35,00",2,Produtos_Images/A065C9.Imagem do Produto.010023.jpg,,,,352,,,,,
131EA7,CD541,CORDÕES,JN,56,"3,5","R$ 196,00",1,Produtos_Images/131EA7.Imagem do Produto.140134.jpg,,,,,541,,,,
96094D,CD542,CORDÕES,JN,"35,5",4,"R$ 142,00",2,Produtos_Images/96094D.Imagem do Produto.140420.jpg,,,,,542,,,,
8D53A2,CD543,CORDÕES,JN,61,"3,2","R$ 195,20",2,Produtos_Images/8D53A2.Imagem do Produto.140615.jpg,,,,,543,,,,
E5C1FA,BR967,BRINCOS,EV,15,"5,5","R$ 82,50",1,Produtos_Images/E5C1FA.Imagem do Produto.142341.jpg,,967,,,,,,,
2AD99F,BR968,BRINCOS,EV,15,5,"R$ 75,00",1,Produtos_Images/2AD99F.Imagem do Produto.142556.jpg,,968,,,,,,,
0D37B8,BR969,BRINCOS,EV,15,"5,5","R$ 82,50",1,Produtos_Images/0D37B8.Imagem do Produto.142743.jpg,,969,,,,,,,
45D8BA,BR970,BRINCOS,EV,15,"5,5","R$ 82,50",1,Produtos_Images/45D8BA.Imagem do Produto.142939.jpg,,970,,,,,,,
DDD597,BR971,BRINCOS,EV,20,"5,9","R$ 118,00",1,Produtos_Images/DDD597.Imagem do Produto.143325.jpg,,971,,,,,,,
AEF246,BR972,BRINCOS,EV,56,"3,5","R$ 196,00",1,Produtos_Images/AEF246.Imagem do Produto.194107.jpg,,972,,,,,,,
CC2926,BR973,BRINCOS,EV,55,"3,5","R$ 192,50",1,Produtos_Images/CC2926.Imagem do Produto.194518.jpg,,973,,,,,,,
9AD10F,BR974,BRINCOS,EV,55,"3,5","R$ 192,50",1,Produtos_Images/9AD10F.Imagem do Produto.195044.jpg,,974,,,,,,,
B48190,BR975,BRINCOS,EV,24,"3,7","R$ 88,80",1,Produtos_Images/B48190.Imagem do Produto.195308.jpg,,975,,,,,,,
129357,BR976,BRINCOS,EV,25,"3,9","R$ 97,50",1,Produtos_Images/129357.Imagem do Produto.195608.jpg,,976,,,,,,,
CE1EAF,BR977,BRINCOS,EV,23,"3,8","R$ 87,40",1,Produtos_Images/CE1EAF.Imagem do Produto.200031.jpg,,977,,,,,,,
4BE763,BR978,BRINCOS,EV,17,5,"R$ 85,00",1,Produtos_Images/4BE763.Imagem do Produto.185947.jpg,,978,,,,,,,
6BD10C,BR979,BRINCOS,EV,17,5,"R$ 85,00",1,Produtos_Images/6BD10C.Imagem do Produto.190131.jpg,,979,,,,,,,
A98BE3,BR980,BRINCOS,EV,17,"5,2","R$ 88,40",1,Produtos_Images/A98BE3.Imagem do Produto.190359.jpg,,980,,,,,,,
0F114F,BR981,BRINCOS,EV,17,"5,25","R$ 89,25",1,Produtos_Images/0F114F.Imagem do Produto.190610.jpg,,981,,,,,,,
C88992,BR982,BRINCOS,EV,17,5,"R$ 85,00",1,Produtos_Images/C88992.Imagem do Produto.191108.jpg,,982,,,,,,,
E70C8F,BR983,BRINCOS,EV,17,5,"R$ 85,00",1,Produtos_Images/E70C8F.Imagem do Produto.192316.jpg,,983,,,,,,,
C8E7D2,BR984,BRINCOS,EV,17,5,"R$ 85,00",1,Produtos_Images/C8E7D2.Imagem do Produto.192509.jpg,,984,,,,,,,
BDED07,BR985,BRINCOS,EV,17,5,"R$ 85,00",1,Produtos_Images/BDED07.Imagem do Produto.192653.jpg,,985,,,,,,,
4AFE91,BR986,BRINCOS,EV,17,"5,4","R$ 91,80",1,Produtos_Images/4AFE91.Imagem do Produto.192842.jpg,,986,,,,,,,
9424A9,BR987,BRINCOS,EV,17,"5,2","R$ 88,40",1,Produtos_Images/9424A9.Imagem do Produto.193131.jpg,,987,,,,,,,
195BE0,BR988,BRINCOS,EV,17,"5,26","R$ 89,42",1,Produtos_Images/195BE0.Imagem do Produto.193323.jpg,,988,,,,,,,
D4D718,BR989,BRINCOS,EV,17,5,"R$ 85,00",1,Produtos_Images/D4D718.Imagem do Produto.193549.jpg,,989,,,,,,,
0C3769,BR990,BRINCOS,EV,17,"5,2","R$ 88,40",1,Produtos_Images/0C3769.Imagem do Produto.193903.jpg,,990,,,,,,,
44D76F,BR991,BRINCOS,EV,17,"5,2","R$ 88,40",2,Produtos_Images/44D76F.Imagem do Produto.194224.jpg,,991,,,,,,,
A61A51,BR992,BRINCOS,EV,"6,4",5,"R$ 32,00",6,Produtos_Images/A61A51.Imagem do Produto.194631.jpg,,992,,,,,,,
37AD0E,BR993,BRINCOS,EV,"6,4",6,"R$ 38,40",3,Produtos_Images/37AD0E.Imagem do Produto.195233.jpg,,993,,,,,,,
9B41B4,BR994,BRINCOS,Ev,17,5,"R$ 85,00",1,Produtos_Images/9B41B4.Imagem do Produto.200158.jpg,,994,,,,,,,
F355CD,BR995,BRINCOS,EV,17,5,"R$ 85,00",1,Produtos_Images/F355CD.Imagem do Produto.200348.jpg,,995,,,,,,,
14DE7E,BR996,BRINCOS,EV,17,5,"R$ 85,00",1,Produtos_Images/14DE7E.Imagem do Produto.200516.jpg,,996,,,,,,,
D182CD,BR997,BRINCOS,EV,17,"5,2","R$ 88,40",1,Produtos_Images/D182CD.Imagem do Produto.200741.jpg,,997,,,,,,,
7B9A5E,BR998,BRINCOS,EV,17,5,"R$ 85,00",1,Produtos_Images/7B9A5E.Imagem do Produto.201039.jpg,,998,,,,,,,
C5525D,BR999,BRINCOS,EV,17,"5,2","R$ 88,40",1,Produtos_Images/C5525D.Imagem do Produto.201318.jpg,,999,,,,,,,
A8DFAB,BR1000,BRINCOS,EV,17,"5,2","R$ 88,40",1,Produtos_Images/A8DFAB.Imagem do Produto.201620.jpg,,1000,,,,,,,
4B7DDD,BR1001,BRINCOS,EV,17,5,"R$ 85,00",1,Produtos_Images/4B7DDD.Imagem do Produto.201831.jpg,,1001,,,,,,,
3C9A9F,BR1002,BRINCOS,EV,17,5,"R$ 85,00",1,Produtos_Images/3C9A9F.Imagem do Produto.202021.jpg,,1002,,,,,,,
E370CF,BR1003,BRINCOS,EV,17,5,"R$ 85,00",1,Produtos_Images/E370CF.Imagem do Produto.202211.jpg,,1003,,,,,,,
9AE767,BR1004,BRINCOS,EV,17,"5,2","R$ 88,40",1,Produtos_Images/9AE767.Imagem do Produto.202439.jpg,,1004,,,,,,,
73F63B,BR1005,BRINCOS,EV,17,5,"R$ 85,00",1,Produtos_Images/73F63B.Imagem do Produto.202615.jpg,,1005,,,,,,,
B21E37,BR1006,BRINCOS,EV,17,5,"R$ 85,00",1,Produtos_Images/B21E37.Imagem do Produto.202742.jpg,,1006,,,,,,,
3AD4D7,BR1007,BRINCOS,EV,17,5,"R$ 85,00",1,Produtos_Images/3AD4D7.Imagem do Produto.202928.jpg,,1007,,,,,,,
E1074B,BR1008,BRINCOS,EV,17,5,"R$ 85,00",1,Produtos_Images/E1074B.Imagem do Produto.203133.jpg,,1008,,,,,,,
5B08A0,BR1009,BRINCOS,EV,17,"5,25","R$ 89,25",1,Produtos_Images/5B08A0.Imagem do Produto.203411.jpg,,1009,,,,,,,
40F9E1,BR1010,BRINCOS,EV,17,6,"R$ 102,00",1,Produtos_Images/40F9E1.Imagem do Produto.203552.jpg,,1010,,,,,,,
86D359,BR1011,BRINCOS,EV,17,"5,25","R$ 89,25",1,Produtos_Images/86D359.Imagem do Produto.130354.jpg,,1011,,,,,,,
9F1D4B,BR1012,BRINCOS,EV,17,"5,15","R$ 87,55",1,Produtos_Images/9F1D4B.Imagem do Produto.130534.jpg,,1012,,,,,,,
71C71C,BR1013,BRINCOS,EV,17,"5,1","R$ 86,70",1,Produtos_Images/71C71C.Imagem do Produto.130657.jpg,,1013,,,,,,,
B649CE,BR1014,BRINCOS,EV,17,"5,2","R$ 88,40",1,Produtos_Images/B649CE.Imagem do Produto.134459.jpg,,1014,,,,,,,
F6EDE1,BR1015,BRINCOS,EV,17,5,"R$ 85,00",1,Produtos_Images/F6EDE1.Imagem do Produto.135411.jpg,,1015,,,,,,,
6F5C81,BR1016,BRINCOS,EV,17,5,"R$ 85,00",1,Produtos_Images/6F5C81.Imagem do Produto.174036.jpg,,1016,,,,,,,
ABB68C,BR1017,BRINCOS,EV,17,"5,1","R$ 86,70",1,Produtos_Images/ABB68C.Imagem do Produto.174230.jpg,,1017,,,,,,,
BB3D0C,BR1018,BRINCOS,E,17,"5,2","R$ 88,40",1,Produtos_Images/BB3D0C.Imagem do Produto.174424.jpg,,1018,,,,,,,
4979AD,BR1019,BRINCOS,EV,17,"5,2","R$ 88,40",1,Produtos_Images/4979AD.Imagem do Produto.174611.jpg,,1019,,,,,,,
FE06C6,BR1020,BRINCOS,EV,17,5,"R$ 85,00",0,Produtos_Images/FE06C6.Imagem do Produto.174756.jpg,,1020,,,,,,,
0A485A,BR1021,BRINCOS,EV,17,5,"R$ 85,00",1,Produtos_Images/0A485A.Imagem do Produto.174932.jpg,,1021,,,,,,,
ECFC6E,BR1022,BRINCOS,EV,17,"5,25","R$ 89,25",1,Produtos_Images/ECFC6E.Imagem do Produto.175129.jpg,,1022,,,,,,,
7D561B,BR1023,BRINCOS,EV,17,5,"R$ 85,00",1,Produtos_Images/7D561B.Imagem do Produto.175308.jpg,,1023,,,,,,,
9CF6EA,BR1024,BRINCOS,EV,17,"5,5","R$ 93,50",0,Produtos_Images/9CF6EA.Imagem do Produto.175842.jpg,,1024,,,,,,,
BFC471,BR1025,BRINCOS,EV,17,"5,29","R$ 89,93",1,Produtos_Images/BFC471.Imagem do Produto.180044.jpg,,1025,,,,,,,
1D073C,BR1026,BRINCOS,EV,17,"5,29","R$ 89,93",1,Produtos_Images/1D073C.Imagem do Produto.172108.jpg,,1026,,,,,,,
1255CC,BR1027,BRINCOS,EV,17,"5,27","R$ 89,59",1,Produtos_Images/1255CC.Imagem do Produto.172204.jpg,,1027,,,,,,,
06C7A6,BR1028,BRINCOS,EV,17,"5,28","R$ 89,76",1,Produtos_Images/06C7A6.Imagem do Produto.172530.jpg,,1028,,,,,,,
913652,BR1029,BRINCOS,EV,17,"5,29","R$ 89,93",1,Produtos_Images/913652.Imagem do Produto.172709.jpg,,1029,,,,,,,
143D91,BR1030,BRINCOS,EV,17,"6,2","R$ 105,40",1,Produtos_Images/143D91.Imagem do Produto.172845.jpg,,1030,,,,,,,
E13771,BR1031,BRINCOS,EV,17,"5,25","R$ 89,25",1,Produtos_Images/E13771.Imagem do Produto.173003.jpg,,1031,,,,,,,
79E72E,BR1032,BRINCOS,JN,14,"3,4","R$ 47,60",2,Produtos_Images/79E72E.Imagem do Produto.173429.jpg,,1032,,,,,,,
48A7CF,BR1033,BRINCOS,JN,6,"4,5","R$ 27,00",2,Produtos_Images/48A7CF.Imagem do Produto.173839.jpg,,1033,,,,,,,
6BBCFA,BR1034,BRINCOS,JN,20,"4,49","R$ 89,80",2,Produtos_Images/6BBCFA.Imagem do Produto.174122.jpg,,1034,,,,,,,
C4CEAD,CJ175,CONJUNTOS,JN,28,4,"R$ 112,00",2,Produtos_Images/C4CEAD.Imagem do Produto.174820.jpg,,,,,,175,,,
83B9BF,CJ176,CONJUNTOS,JN,22,5,"R$ 110,00",1,Produtos_Images/83B9BF.Imagem do Produto.175737.jpg,,,,,,176,,,
AB3122,CD544,CORDÕES,JN,22,4,"R$ 88,00",2,Produtos_Images/AB3122.Imagem do Produto.180759.jpg,,,,,544,,,,
A587B4,PUL353,PULSEIRAS,JN,12,"4,9","R$ 58,80",1,Produtos_Images/A587B4.Imagem do Produto.181158.jpg,,,,353,545,,,,
12BB69,TN013,TORNOZELEIRA,JN,24,4,"R$ 96,00",1,Produtos_Images/12BB69.Imagem do Produto.181354.jpg,,,,,,,13,,
4543FC,TN014,TORNOZELEIRA,JN,20,"4,9","R$ 98,00",1,Produtos_Images/4543FC.Imagem do Produto.181605.jpg,,,,,,,14,,
B7F4FA,TN015,TORNOZELEIRA,JN,20,"4,5","R$ 90,00",1,Produtos_Images/B7F4FA.Imagem do Produto.181746.jpg,,,,,,,15,,
B92568,CD0545,CORDÕES,JL,49,"4,5","R$ 220,50",1,Produtos_Images/B92568.Imagem do Produto.205231.jpg,,,,,545,,,,
898373,CD0546,CORDÕES,,55,4,"R$ 220,00",1,Produtos_Images/898373.Imagem do Produto.205608.jpg,,,,,546,,,,
867F5A,CD0547,CORDÕES,JL,26,5,"R$ 130,00",2,Produtos_Images/867F5A.Imagem do Produto.205814.jpg,,,,,547,,,,
B3C1C9,CD0548,CORDÕES,JL,27,"5,5","R$ 148,50",1,Produtos_Images/B3C1C9.Imagem do Produto.205918.jpg,,,,,548,,,,
06BF1B,BR1035,BRINCOS,NI,42,"3,5","R$ 147,00",1,Produtos_Images/06BF1B.Imagem do Produto.173918.jpg,,1035,,,,,,,
22509D,BR1036,BRINCOS,IN,47,"3,5","R$ 164,50",1,Produtos_Images/22509D.Imagem do Produto.174608.jpg,,1036,,,,,,,
C96FC0,BR1037,BRINCOS,IN,53,"3,5","R$ 185,50",1,Produtos_Images/C96FC0.Imagem do Produto.174940.jpg,,1037,,,,,,,
5DED78,BR1038,BRINCOS,NI,48,"3,5","R$ 168,00",2,Produtos_Images/5DED78.Imagem do Produto.180206.jpg,,1038,,,,,,,
34DA36,BR1039,BRINCOS,NI,25,"3,5","R$ 87,50",2,Produtos_Images/34DA36.Imagem do Produto.181049.jpg,,1039,,,,,,,
A7D58D,BR1040,BRINCOS,NI,30,"3,5","R$ 105,00",2,Produtos_Images/A7D58D.Imagem do Produto.181533.jpg,,1040,,,,,,,
B3F453,BR1041,BRINCOS,NI,53,"3,5","R$ 185,50",1,Produtos_Images/B3F453.Imagem do Produto.182140.jpg,,1041,,,,,,,
E6115F,BR1042,BRINCOS,NI,35,"3,5","R$ 122,50",2,Produtos_Images/E6115F.Imagem do Produto.115935.jpg,,1042,,,,,,,
B05262,BR1043,BRINCOS,NI,38,"3,5","R$ 133,00",2,Produtos_Images/B05262.Imagem do Produto.121110.jpg,,1043,,,,,,,
C4E9F0,BR1044,BRINCOS,NI,30,"3,5","R$ 105,00",2,Produtos_Images/C4E9F0.Imagem do Produto.123544.jpg,,1044,,,,,,,
9AED3D,BR1045,BRINCOS,NI,33,"3,5","R$ 115,50",2,Produtos_Images/9AED3D.Imagem do Produto.124634.jpg,,1045,,,,,,,
1845D8,BR1046,BRINCOS,NI,15,"3,5","R$ 52,50",3,Produtos_Images/1845D8.Imagem do Produto.163228.jpg,,1046,,,,,,,
EC3AD3,BR1047,BRINCOS,NI,17,"3,5","R$ 59,50",3,Produtos_Images/EC3AD3.Imagem do Produto.164119.jpg,,1047,,,,,,,
01QXEH,BR1048,BRINCOS,NI,20,"3,4","R$ 68,00",3,Produtos_Images/43E370.Imagem do Produto.164907.jpg,,1048,,,,,,,
4C502C,BR1049,BRINCOS,NI,33,3,"R$ 99,00",2,Produtos_Images/4C502C.Imagem do Produto.170102.jpg,,1049,,,,,,,
7B27B1,BR1050,BRINCOS,NI,28,3,"R$ 84,00",2,Produtos_Images/7B27B1.Imagem do Produto.170712.jpg,,1050,,,,,,,
05BBED,BR1051,BRINCOS,NI,29,"3,4","R$ 98,60",3,Produtos_Images/05BBED.Imagem do Produto.171838.jpg,,1051,,,,,,,
0FEF6F,BR1052,BRINCOS,NI,25,3,"R$ 75,00",2,Produtos_Images/0FEF6F.Imagem do Produto.172249.jpg,,1052,,,,,,,
F41E5D,BR1053,BRINCOS,NI,29,"3,4","R$ 98,60",2,Produtos_Images/F41E5D.Imagem do Produto.173028.jpg,,1053,,,,,,,
3EEA62,BR1054,BRINCOS,MI,29,3,"R$ 87,00",1,Produtos_Images/3EEA62.Imagem do Produto.174004.jpg,,1054,,,,,,,
4CD187,BR1055,BRINCOS,NI,49,3,"R$ 147,00",1,Produtos_Images/4CD187.Imagem do Produto.174257.jpg,,1055,,,,,,,
7713C8,BR1056,BRINCOS,NI,33,"3,5","R$ 115,50",1,Produtos_Images/7713C8.Imagem do Produto.174732.jpg,,1056,,,,,,,
9F41B9,BR1057,BRINCOS,NI,43,"3,5","R$ 150,50",1,Produtos_Images/9F41B9.Imagem do Produto.175052.jpg,,1057,,,,,,,
43743E,PUL0354,PULSEIRAS,NI,46,3,"R$ 138,00",2,Produtos_Images/43743E.Imagem do Produto.175627.jpg,,1058,,354,,,,,
06A593,BR1058,BRINCOS,TP,31,"4,8","R$ 148,80",5,Produtos_Images/06A593.Imagem do Produto.182944.jpg,,1058,,,,,,,
611E30,BR1059,BRINCOS,TP,30,"4,9","R$ 147,00",5,Produtos_Images/611E30.Imagem do Produto.184609.jpg,,1059,,,,,,,
FC8857,BR1060,BRINCOS,TP,23,4,"R$ 92,00",5,Produtos_Images/FC8857.Imagem do Produto.190246.jpg,,1060,,,,,,,
6078A0,BR1061,BRINCOS,TP,11,"4,5","R$ 49,50",10,Produtos_Images/6078A0.Imagem do Produto.192025.jpg,,1061,,,,,,,
ADC8B7,BR1062,BRINCOS,TP,18,"4,4","R$ 79,20",8,Produtos_Images/ADC8B7.Imagem do Produto.194410.jpg,,1062,,,,,,,
CE485C,BR1063,BRINCOS,TP,31,"3,8","R$ 117,80",2,Produtos_Images/CE485C.Imagem do Produto.195229.jpg,,1063,,,,,,,
BAB5C3,BR1064,BRINCOS,TP,15,"3,9","R$ 58,50",2,Produtos_Images/BAB5C3.Imagem do Produto.195639.jpg,,1064,,,,,,,
DECA6D,BR1065,BRINCOS,TP,23,"3,9","R$ 89,70",2,Produtos_Images/DECA6D.Imagem do Produto.200124.jpg,,1065,,,,,,,
EBD823,BR1066,BRINCOS,TP,22,"3,6","R$ 79,20",3,Produtos_Images/EBD823.Imagem do Produto.200433.jpg,,1066,,,,,,,
0CE5DC,BR1067,BRINCOS,TP,24,"3,5","R$ 84,00",1,Produtos_Images/0CE5DC.Imagem do Produto.200824.jpg,,1067,,,,,,,
A2358D,BR1068,BRINCOS,TP,21,"3,5","R$ 73,50",2,Produtos_Images/A2358D.Imagem do Produto.201403.jpg,,1068,,,,,,,
E16E1F,BR1069,BRINCOS,TP,22,"3,9","R$ 85,80",2,Produtos_Images/E16E1F.Imagem do Produto.201531.jpg,,1069,,,,,,,
14F5FE,BR1070,BRINCOS,TP,13,"3,5","R$ 45,50",5,Produtos_Images/14F5FE.Imagem do Produto.201843.jpg,,1070,,,,,,,
5298C5,BR1071,BRINCOS,TP,20,"3,4","R$ 68,00",2,Produtos_Images/5298C5.Imagem do Produto.202129.jpg,,1071,,,,,,,
F8FAD3,BR1072,BRINCOS,TP,20,"3,9","R$ 78,00",2,Produtos_Images/F8FAD3.Imagem do Produto.202517.jpg,,1072,,,,,,,
11867A,CD0549,CORDÕES,TP,39,4,"R$ 156,00",1,Produtos_Images/11867A.Imagem do Produto.203215.jpg,,,,,549,,,,
5F4FF8,CD0550,CORDÕES,TP,39,4,"R$ 156,00",1,Produtos_Images/5F4FF8.Imagem do Produto.203531.jpg,,,,,550,,,,
63E9C9,CD0551,CORDÕES,TP,45,"3,9","R$ 175,50",1,Produtos_Images/63E9C9.Imagem do Produto.203812.jpg,,,,,551,,,,
5251C4,CD0552,CORDÕES,TP,35,4,"R$ 140,00",1,Produtos_Images/5251C4.Imagem do Produto.210331.jpg,,,,,552,,,,
FD87CF,CD0553,CORDÕES,TP,42,4,"R$ 168,00",1,Produtos_Images/FD87CF.Imagem do Produto.210529.jpg,,,,,553,,,,
HD1KCA,CD0554,CORDÕES,TP,52,4,"R$ 208,00",1,Produtos_Images/101E17.Imagem do Produto.210955.jpg,,,,,554,,,,
55B332,CD0555,CORDÕES,TP,55,4,"R$ 220,00",1,Produtos_Images/55B332.Imagem do Produto.211507.jpg,,,,,555,,,,
08EA4C,CD0556,CORDÕES,TP,38,4,"R$ 152,00",1,Produtos_Images/08EA4C.Imagem do Produto.212111.jpg,,,,,556,,,,
DCABCC,CD0557,CORDÕES,TP,39,4,"R$ 156,00",1,Produtos_Images/DCABCC.Imagem do Produto.212333.jpg,,,,,557,,,,
6BECA6,CD0558,CORDÕES,TP,34,4,"R$ 136,00",3,Produtos_Images/6BECA6.Imagem do Produto.212610.jpg,,,,,558,,,,
6956DD,PUL0355,PULSEIRAS,TP,34,4,"R$ 136,00",1,Produtos_Images/6956DD.Imagem do Produto.213500.jpg,,,,355,,,,,
240837,PUL0356,PULSEIRAS,TP,35,"3,9","R$ 136,50",1,Produtos_Images/240837.Imagem do Produto.213721.jpg,,,,356,,,,,
8DAAF7,PUL0357,PULSEIRAS,TP,47,4,"R$ 188,00",1,Produtos_Images/8DAAF7.Imagem do Produto.213750.jpg,,,,357,,,,,
61BA4D,PUL0358,PULSEIRAS,TP,28,4,"R$ 112,00",1,Produtos_Images/61BA4D.Imagem do Produto.214050.jpg,,,,358,,,,,
92E5E2,PUL0359,PULSEIRAS,TP,27,4,"R$ 108,00",1,Produtos_Images/92E5E2.Imagem do Produto.214308.jpg,,,,359,,,,,
C8CA9B,PUL0360,PULSEIRAS,TP,35,"3,9","R$ 136,50",1,Produtos_Images/C8CA9B.Imagem do Produto.214627.jpg,,,,360,,,,,
28340F,PUL0361,PULSEIRAS,TP,49,"3,8","R$ 186,20",1,Produtos_Images/28340F.Imagem do Produto.214933.jpg,,,,361,,,,,
791F31,PUL0362,PULSEIRAS,TP,46,4,"R$ 184,00",0,Produtos_Images/791F31.Imagem do Produto.215329.jpg,,,,362,,,,,
7C0A63,PUL0363,PULSEIRAS,TP,44,4,"R$ 176,00",0,Produtos_Images/7C0A63.Imagem do Produto.215640.jpg,,,,363,,,,,
E495E3,PUL0364,PULSEIRAS,TP,34,4,"R$ 136,00",0,Produtos_Images/E495E3.Imagem do Produto.215848.jpg,,,,364,,,,,
B193E0,PUL0365,PULSEIRAS,TP,40,"3,9","R$ 156,00",0,Produtos_Images/B193E0.Imagem do Produto.220131.jpg,,,,365,,,,,
EBA3FF,CD0559,CORDÕES,TP,46,4,"R$ 184,00",1,Produtos_Images/EBA3FF.Imagem do Produto.232720.jpg,,,,,559,,,,
862C65,CD0560,CORDÕES,TP,45,4,"R$ 180,00",1,Produtos_Images/862C65.Imagem do Produto.232757.jpg,,,,,560,,,,
13BEE2,CD0561,CORDÕES,TP,33,4,"R$ 132,00",1,Produtos_Images/13BEE2.Imagem do Produto.233243.jpg,,,,,561,,,,
1859D3,CD0562,CORDÕES,TP,41,4,"R$ 164,00",1,Produtos_Images/1859D3.Imagem do Produto.233404.jpg,,,,,562,,,,
9FE5EF,CD0563,CORDÕES,TP,45,4,"R$ 180,00",1,Produtos_Images/9FE5EF.Imagem do Produto.233701.jpg,,,,,563,,,,
61AF2F,CD0564,CORDÕES,TP,44,4,"R$ 176,00",1,Produtos_Images/61AF2F.Imagem do Produto.233939.jpg,,,,,564,,,,
54B12B,CD0565,CORDÕES,TP,51,4,"R$ 204,00",1,Produtos_Images/54B12B.Imagem do Produto.234429.jpg,,,,,565,,,,
590D4E,CD0566,CORDÕES,TP,45,"3,9","R$ 175,50",1,Produtos_Images/590D4E.Imagem do Produto.234848.jpg,,,,,566,,,,
0B935A,CD0567,CORDÕES,TP,27,"3,5","R$ 94,50",1,Produtos_Images/0B935A.Imagem do Produto.235144.jpg,,,,,567,,,,
C26128,CD0568,CORDÕES,TP,40,"3,9","R$ 156,00",1,Produtos_Images/C26128.Imagem do Produto.235325.jpg,,,,,568,,,,
8A47C4,CD0569,CORDÕES,TP,51,4,"R$ 204,00",1,Produtos_Images/8A47C4.Imagem do Produto.235803.jpg,,,,,569,,,,
B3B5E0,BR1073,BRINCOS,TP,28,4,"R$ 112,00",3,Produtos_Images/B3B5E0.Imagem do Produto.000018.jpg,,1073,,,570,,,,
BD2D15,CJ0177,CONJUNTOS,TP,36,"4,4","R$ 158,40",2,Produtos_Images/BD2D15.Imagem do Produto.000959.jpg,,,,,,177,,,
AD108E,CJ0178,CONJUNTOS,TP,36,"4,4","R$ 158,40",2,Produtos_Images/AD108E.Imagem do Produto.002337.jpg,,,,,,178,,,
34B1DE,CJ0179,CONJUNTOS,TP,36,"4,4","R$ 158,40",2,Produtos_Images/34B1DE.Imagem do Produto.002753.jpg,,,,,,179,,,
793163,CJ0180,CONJUNTOS,TP,36,"4,4","R$ 158,40",2,Produtos_Images/793163.Imagem do Produto.003521.jpg,,,,,,180,,,
9F5F22,CJ0181,CONJUNTOS,TP,36,"4,4","R$ 158,40",1,Produtos_Images/9F5F22.Imagem do Produto.003857.jpg,,,,,,181,,,
8E297E,PUL0366,PULSEIRAS,TP,30,"3,95","R$ 118,50",2,Produtos_Images/8E297E.Imagem do Produto.174559.jpg,,,,366,,182,,,
126D77,AN0328,ANÉIS,TP,23,"3,9","R$ 89,70",2,Produtos_Images/126D77.Imagem do Produto.174905.jpg,,,328,,,,,,
B5346F,AN0329,ANÉIS,TP,34,"3,8","R$ 129,20",2,Produtos_Images/B5346F.Imagem do Produto.175656.jpg,,,329,,,,,,
B2F69A,AN0330,ANÉIS,TP,"29,5",4,"R$ 118,00",2,Produtos_Images/B2F69A.Imagem do Produto.181214.jpg,,,330,,,,,,
89FF65,AN0331,ANÉIS,TP,24,"3,55","R$ 85,20",3,Produtos_Images/89FF65.Imagem do Produto.182450.jpg,,,331,,,,,,
C9CD10,AN0332,ANÉIS,TP,23,4,"R$ 92,00",2,Produtos_Images/C9CD10.Imagem do Produto.182808.jpg,,,332,,,,,,
B8E868,AN0333,ANÉIS,TP,18,4,"R$ 72,00",2,Produtos_Images/B8E868.Imagem do Produto.183013.jpg,,,333,,,,,,
90856F,AN0334,ANÉIS,TP,22,4,"R$ 88,00",2,Produtos_Images/90856F.Imagem do Produto.183316.jpg,,,334,,,,,,
EFF09B,AN0335,ANÉIS,TP,20,"3,95","R$ 79,00",2,Produtos_Images/EFF09B.Imagem do Produto.183441.jpg,,,335,,,,,,
78A17D,AN0336,ANÉIS,TP,27,4,"R$ 108,00",1,Produtos_Images/78A17D.Imagem do Produto.183658.jpg,,,336,,,,,,
0374CC,AN0337,ANÉIS,TP,32,4,"R$ 128,00",1,Produtos_Images/0374CC.Imagem do Produto.184015.jpg,,,337,,,,,,
6D4186,AN0338,ANÉIS,TP,32,4,"R$ 128,00",2,Produtos_Images/6D4186.Imagem do Produto.184159.jpg,,,338,,,,,,
3955F6,AN0339,ANÉIS,TP,33,4,"R$ 132,00",10,Produtos_Images/3955F6.Imagem do Produto.184715.jpg,,,339,,,,,,
79DA12,AN0340,ANÉIS,TP,28,4,"R$ 112,00",2,Produtos_Images/79DA12.Imagem do Produto.184933.jpg,,,340,,,,,,
3EA344,AN0341,ANÉIS,TP,36,4,"R$ 144,00",2,Produtos_Images/3EA344.Imagem do Produto.185100.jpg,,,341,,,,,,
7C64FC,AN0342,ANÉIS,TP,32,4,"R$ 128,00",2,Produtos_Images/7C64FC.Imagem do Produto.185158.jpg,,,342,,,,,,
3BAAD0,AN0343,ANÉIS,TP,33,4,"R$ 132,00",2,Produtos_Images/3BAAD0.Imagem do Produto.185249.jpg,,,343,,,,,,
CBA5D9,AN0344,ANÉIS,TP,25,"3,9","R$ 97,50",1,Produtos_Images/CBA5D9.Imagem do Produto.185357.jpg,,,344,,,,,,
6D9659,AN0345,ANÉIS,TP,21,4,"R$ 84,00",2,Produtos_Images/6D9659.Imagem do Produto.185506.jpg,,,345,,,,,,
EC8012,AN0346,ANÉIS,TP,33,"3,9","R$ 128,70",1,Produtos_Images/EC8012.Imagem do Produto.185615.jpg,,,346,,,,,,
938A33,BR1074,BRINCOS,JN,55,"3,5","R$ 192,50",4,Produtos_Images/938A33.Imagem do Produto.203112.jpg,,1074,,,,,,,
CA9565,BR1075,BRINCOS,JN,25,"5,5","R$ 137,50",1,Produtos_Images/CA9565.Imagem do Produto.212155.jpg,,1075,,,,,,,
E964F5,BR1076,BRINCOS,JN,59,"3,8","R$ 224,20",1,Produtos_Images/E964F5.Imagem do Produto.212939.jpg,,1076,,,,,,,
12F8A5,BR1077,BRINCOS,JN,25,"3,9","R$ 97,50",1,Produtos_Images/12F8A5.Imagem do Produto.213831.jpg,,1077,,,,,,,
CE591B,BR1078,BRINCOS,JN,59,"3,3","R$ 194,70",1,Produtos_Images/CE591B.Imagem do Produto.214145.jpg,,1078,,,,,,,
AE0472,BR1079,BRINCOS,JN,39,4,"R$ 156,00",1,Produtos_Images/AE0472.Imagem do Produto.214344.jpg,,1079,,,,,,,
46DB9C,BR1080,BRINCOS,JN,28,4,"R$ 112,00",1,Produtos_Images/46DB9C.Imagem do Produto.214542.jpg,,1080,,,,,,,
3C8B99,BR1081,BRINCOS,JN,31,4,"R$ 124,00",0,Produtos_Images/3C8B99.Imagem do Produto.215104.jpg,,1081,,,,,,,
1C0EEA,BR1082,BRINCOS,JN,37,"3,96","R$ 146,52",0,Produtos_Images/1C0EEA.Imagem do Produto.215322.jpg,,1082,,,,,,,
4BB8E3,AN0347,ANÉIS,JN,32,4,"R$ 128,00",2,Produtos_Images/4BB8E3.Imagem do Produto.220016.jpg,,,347,,,,,,
C4A7F6,AN0348,ANÉIS,JN,37,4,"R$ 148,00",4,Produtos_Images/C4A7F6.Imagem do Produto.220253.jpg,,,348,,,,,,
D4C284,AN0349,ANÉIS,JN,29,4,"R$ 116,00",2,Produtos_Images/D4C284.Imagem do Produto.220409.jpg,,,349,,,,,,
5A2862,AN0350,ANÉIS,JN,26,4,"R$ 104,00",2,Produtos_Images/5A2862.Imagem do Produto.220641.jpg,,,350,,,,,,
DEFF0C,AN0351,ANÉIS,JN,25,"3,99","R$ 99,75",2,Produtos_Images/DEFF0C.Imagem do Produto.220839.jpg,,,351,,,,,,
DAC7D6,CD0570,CORDÕES,JN,57,4,"R$ 228,00",1,Produtos_Images/DAC7D6.Imagem do Produto.221632.jpg,,,,,570,,,,
F6A0A1,CD0571,CORDÕES,JN,73,"3,8","R$ 277,40",1,Produtos_Images/F6A0A1.Imagem do Produto.221749.jpg,,,,,571,,,,
4613D6,CD0572,CORDÕES,JN,76,"3,6","R$ 273,60",1,Produtos_Images/4613D6.Imagem do Produto.222217.jpg,,,,,572,,,,
4FDEF9,CD0573,CORDÕES,JN,49,"3,8","R$ 186,20",1,Produtos_Images/4FDEF9.Imagem do Produto.231718.jpg,,,,,573,,,,
14F7EF,CD0574,CORDÕES,JN,39,4,"R$ 156,00",1,Produtos_Images/14F7EF.Imagem do Produto.232138.jpg,,,,,574,,,,
1E618B,CD0575,CORDÕES,JN,56,4,"R$ 224,00",1,Produtos_Images/1E618B.Imagem do Produto.232442.jpg,,,,,575,,,,
4AADE2,CD0576,CORDÕES,JN,"59,5","3,8","R$ 226,10",1,Produtos_Images/4AADE2.Imagem do Produto.232954.jpg,,,,,576,,,,
0CD6D0,CD0577,CORDÕES,JN,64,4,"R$ 256,00",1,Produtos_Images/0CD6D0.Imagem do Produto.233431.jpg,,,,,577,,,,
0CDCFD,CD0578,CORDÕES,JN,64,4,"R$ 256,00",1,Produtos_Images/0CDCFD.Imagem do Produto.234319.jpg,,,,,578,,,,
0DCD38,CD0579,CORDÕES,JN,45,"3,98","R$ 179,10",1,Produtos_Images/0DCD38.Imagem do Produto.234655.jpg,,,,,579,,,,
D18E0D,CD0580,CORDÕES,JN,63,4,"R$ 252,00",1,Produtos_Images/D18E0D.Imagem do Produto.235127.jpg,,,,,580,,,,
18D4A0,CD0581,CORDÕES,JN,44,4,"R$ 176,00",1,Produtos_Images/18D4A0.Imagem do Produto.235502.jpg,,,,,581,,,,
CD5270,CD0582,CORDÕES,JN,64,4,"R$ 256,00",1,Produtos_Images/CD5270.Imagem do Produto.235628.jpg,,,,,582,,,,
F6AD21,CD0583,CORDÕES,JN,79,4,"R$ 316,00",2,Produtos_Images/F6AD21.Imagem do Produto.235943.jpg,,,,,583,,,,
13B9BC,CD0584,CORDÕES,JN,34,"3,6","R$ 122,40",2,Produtos_Images/13B9BC.Imagem do Produto.000301.jpg,,,,,584,,,,
3D6C58,CD0585,CORDÕES,JN,30,"3,6","R$ 108,00",1,Produtos_Images/3D6C58.Imagem do Produto.000412.jpg,,,,,585,,,,
A842C0,PUL0367,PULSEIRAS,JN,54,4,"R$ 216,00",1,Produtos_Images/A842C0.Imagem do Produto.002043.jpg,,,,367,,,,,
547DF1,PUL0368,PULSEIRAS,JN,44,4,"R$ 176,00",1,Produtos_Images/547DF1.Imagem do Produto.003358.jpg,,,,368,,,,,
9C99ED,PUL0369,PULSEIRAS,JN,46,4,"R$ 184,00",1,Produtos_Images/9C99ED.Imagem do Produto.003804.jpg,,,,369,,,,,
D0DB4C,PUL0370,PULSEIRAS,JN,81,"3,7","R$ 299,70",1,Produtos_Images/D0DB4C.Imagem do Produto.003807.jpg,,,,370,,,,,
A1263B,PUL0371,PULSEIRAS,JN,26,4,"R$ 104,00",1,Produtos_Images/A1263B.Imagem do Produto.003921.jpg,,,,371,,,,,
E01D72,PUL0372,PULSEIRAS,JN,37,4,"R$ 148,00",1,Produtos_Images/E01D72.Imagem do Produto.004442.jpg,,,,372,,,,,
1C0583,PUL0373,PULSEIRAS,JN,62,4,"R$ 248,00",1,Produtos_Images/1C0583.Imagem do Produto.004726.jpg,,,,373,,,,,
0D8EA9,PUL0374,PULSEIRAS,JN,42,4,"R$ 168,00",1,Produtos_Images/0D8EA9.Imagem do Produto.005027.jpg,,,,374,,,,,
E79D8F,CJ0182,CONJUNTOS,JN,64,4,"R$ 256,00",1,Produtos_Images/E79D8F.Imagem do Produto.005417.jpg,,,,,,182,,,
ECAD9E,CJ0183,CONJUNTOS,JN,79,"3,5","R$ 276,50",1,Produtos_Images/ECAD9E.Imagem do Produto.010155.jpg,,,,,,183,,,
565348,CJ0184,CONJUNTOS,JN,64,"3,5","R$ 224,00",1,Produtos_Images/565348.Imagem do Produto.010933.jpg,,,,,,184,,,
161C15,CJ0185,CONJUNTOS,JN,64,"3,5","R$ 224,00",1,Produtos_Images/161C15.Imagem do Produto.012127.jpg,,,,,,185,,,
88EB75,CJ0186,CONJUNTOS,JN,79,"3,5","R$ 276,50",1,Produtos_Images/88EB75.Imagem do Produto.012229.jpg,,,,,,186,,,
0A86A7,CJ0187,CONJUNTOS,JN,65,3,"R$ 195,00",2,Produtos_Images/0A86A7.Imagem do Produto.012621.jpg,,,,,,187,,,
4133FE,BR1083,BRINCOS,JN,18,"3,8","R$ 68,40",2,Produtos_Images/4133FE.Imagem do Produto.201006.jpg,,1083,,,,,,,
849BEE,BR1084,BRINCOS,JN,18,"3,8","R$ 68,40",3,Produtos_Images/849BEE.Imagem do Produto.204603.jpg,,1084,,,,,,,
EB0672,BR1085,BRINCOS,JN,22,"3,5","R$ 77,00",2,Produtos_Images/EB0672.Imagem do Produto.205315.jpg,,1085,,,,,,,
AF7273,BR1086,BRINCOS,JN,15,"3,9","R$ 58,50",3,Produtos_Images/AF7273.Imagem do Produto.205830.jpg,,1086,,,,,,,
D3CC4E,BR1087,BRINCOS,JN,19,"3,9","R$ 74,10",4,Produtos_Images/D3CC4E.Imagem do Produto.210314.jpg,,1087,,,,,,,
53EF72,BR1088,BRINCOS,JN,16,4,"R$ 64,00",2,Produtos_Images/53EF72.Imagem do Produto.210714.jpg,,1088,,,,,,,
FC6275,BR1089,BRINCOS,JN,35,"3,9","R$ 136,50",2,Produtos_Images/FC6275.Imagem do Produto.211048.jpg,,1089,,,,,,,
B3F556,BR1090,BRINCOS,JN,28,"3,5","R$ 98,00",2,Produtos_Images/B3F556.Imagem do Produto.211425.jpg,,1090,,,,,,,
40ECDA,BR1091,BRINCOS,JN,19,4,"R$ 76,00",1,Produtos_Images/40ECDA.Imagem do Produto.211913.jpg,,1091,,,,,,,
14B29B,BR1092,BRINCOS,JN,24,"3,9","R$ 93,60",2,Produtos_Images/14B29B.Imagem do Produto.212402.jpg,,1092,,,,,,,
0B57F1,BR1093,BRINCOS,JN,31,"3,1","R$ 96,10",2,Produtos_Images/0B57F1.Imagem do Produto.212758.jpg,,1093,,,,,,,
AB181E,BR1094,BRINCOS,JN,34,"3,9","R$ 132,60",1,Produtos_Images/AB181E.Imagem do Produto.213131.jpg,,1094,,,,,,,
E6AD49,BR1095,BRINCOS,JN,21,"3,9","R$ 81,90",1,Produtos_Images/E6AD49.Imagem do Produto.213335.jpg,,1095,,,,,,,
9BBDC8,BR1096,BRINCOS,JN,17,"3,9","R$ 66,30",1,Produtos_Images/9BBDC8.Imagem do Produto.213525.jpg,,1096,,,,,,,
919203,BR1097,BRINCOS,JN,46,3,"R$ 138,00",1,Produtos_Images/919203.Imagem do Produto.213821.jpg,,1097,,,,,,,
552AEB,BR1098,BRINCOS,JN,59,3,"R$ 177,00",1,Produtos_Images/552AEB.Imagem do Produto.214007.jpg,,1098,,,,,,,
E7B72C,BR1099,BRINCOS,JL,17,"3,9","R$ 66,30",1,Produtos_Images/E7B72C.Imagem do Produto.214427.jpg,,1099,,,,,,,
B59E47,BR1100,BRINCOS,JL,19,4,"R$ 76,00",1,Produtos_Images/B59E47.Imagem do Produto.225537.jpg,,1100,,,,,,,
BB6064,BR1101,BRINCOS,JN,31,4,"R$ 124,00",1,Produtos_Images/BB6064.Imagem do Produto.225816.jpg,,1101,,,,,,,
0D3652,BR1102,BRINCOS,JL,18,"3,8","R$ 68,40",1,Produtos_Images/0D3652.Imagem do Produto.230016.jpg,,1102,,,,,,,
12F519,BR1103,BRINCOS,JL,17,"3,8","R$ 64,60",1,Produtos_Images/12F519.Imagem do Produto.230308.jpg,,1103,,,,,,,
A797B6,BR1104,BRINCOS,JL,27,"3,5","R$ 94,50",1,Produtos_Images/A797B6.Imagem do Produto.230547.jpg,,1104,,,,,,,
0539A5,CJ0188,CONJUNTOS,JL,53,"3,7","R$ 196,10",1,Produtos_Images/0539A5.Imagem do Produto.164542.jpg,,,,,,188,,,
C8DE6C,CJ0189,CONJUNTOS,JL,75,"3,8","R$ 285,00",1,Produtos_Images/C8DE6C.Imagem do Produto.165927.jpg,,,,,,189,,,
19B38A,CJ0190,CONJUNTOS,JN,35,"3,9","R$ 136,50",2,Produtos_Images/19B38A.Imagem do Produto.170644.jpg,,,,,,190,,,
61ECF0,CJ0191,CONJUNTOS,JN,35,"3,9","R$ 136,50",2,Produtos_Images/61ECF0.Imagem do Produto.171741.jpg,,,,,,191,,,
779304,CJ0192,CONJUNTOS,JN,36,"3,8","R$ 136,80",2,Produtos_Images/779304.Imagem do Produto.172303.jpg,,,,,,192,,,
691289,CD0586,CORDÕES,JL,57,"3,5","R$ 199,50",1,Produtos_Images/691289.Imagem do Produto.184710.jpg,,,,,586,,,,
2BBB67,CD0587,CORDÕES,JN,39,"3,84","R$ 149,76",3,Produtos_Images/2BBB67.Imagem do Produto.185006.jpg,,,,,587,,,,
0964D9,CD0588,CORDÕES,JN 70 cm,41,"3,9","R$ 159,90",1,Produtos_Images/0964D9.Imagem do Produto.185650.jpg,,,,,588,,,,
65B3D3,CD0589,CORDÕES,JL,67,"3,8","R$ 254,60",2,Produtos_Images/65B3D3.Imagem do Produto.192225.jpg,,,,,589,,,,
D63FCF,CD0590,CORDÕES,JL,48,"3,6","R$ 172,80",1,Produtos_Images/D63FCF.Imagem do Produto.192555.jpg,,,,,590,,,,
BCF3BB,CD0591,CORDÕES,JL,38,4,"R$ 152,00",1,Produtos_Images/BCF3BB.Imagem do Produto.193426.jpg,,,,,591,,,,
FF8D4D,CD0592,CORDÕES,JL,45,"3,75","R$ 168,75",1,Produtos_Images/FF8D4D.Imagem do Produto.193953.jpg,,,,,592,,,,
2A3344,CD0593,CORDÕES,JL,45,"3,9","R$ 175,50",1,Produtos_Images/2A3344.Imagem do Produto.194304.jpg,,,,,593,,,,
6C7342,CD0594,CORDÕES,JN,31,4,"R$ 124,00",1,Produtos_Images/6C7342.Imagem do Produto.204100.jpg,,,,,594,,,,
B6C2DD,CD0595,CORDÕES,JL,49,"3,85","R$ 188,65",1,Produtos_Images/B6C2DD.Imagem do Produto.205245.jpg,,,,,595,,,,
A2571A,CD0596,CORDÕES,JL,77,3,"R$ 231,00",1,Produtos_Images/A2571A.Imagem do Produto.205930.jpg,,,,,596,,,,
D8531C,CD0597,CORDÕES,JL,72,"3,5","R$ 252,00",1,Produtos_Images/D8531C.Imagem do Produto.210258.jpg,,,,,597,,,,
ED8B99,CD0598,CORDÕES,JN,36,4,"R$ 144,00",2,Produtos_Images/ED8B99.Imagem do Produto.212238.jpg,,,,,598,,,,
46544E,CD0599,CORDÕES,JL,62,"3,5","R$ 217,00",1,Produtos_Images/46544E.Imagem do Produto.212547.jpg,,,,,599,,,,
96C052,CD0600,CORDÕES,JL,55,"3,6","R$ 198,00",1,Produtos_Images/96C052.Imagem do Produto.212928.jpg,,,,,600,,,,
059EF2,CD0601,CORDÕES,JN,22,4,"R$ 88,00",2,Produtos_Images/059EF2.Imagem do Produto.215338.jpg,,,,,601,,,,
99D013,CD0602,CORDÕES,JL,"29,5",4,"R$ 118,00",2,Produtos_Images/99D013.Imagem do Produto.215616.jpg,,,,,602,,,,
8E6FB2,CD0603,CORDÕES,JL,72,4,"R$ 288,00",1,Produtos_Images/8E6FB2.Imagem do Produto.220416.jpg,,,,,603,,,,
EFFA85,CD0604,CORDÕES,JL,90,"3,2","R$ 288,00",1,Produtos_Images/EFFA85.Imagem do Produto.220654.jpg,,,,,604,,,,
20A7F3,CD0605,CORDÕES,JN,36,4,"R$ 144,00",1,Produtos_Images/20A7F3.Imagem do Produto.220912.jpg,,,,,605,,,,
,,,,,,,,,,,,,,,,,
03580B,PUL0376,PULSEIRAS,JL,42,"3,5","R$ 147,00",1,Produtos_Images/03580B.Imagem do Produto.225046.jpg,,,,376,,,,,
B5500F,PUL0377,PULSEIRAS,JL,48,"3,5","R$ 168,00",1,Produtos_Images/B5500F.Imagem do Produto.225244.jpg,,,,377,,,,,
211871,PUL0378,PULSEIRAS,JN,53,"3,5","R$ 185,50",1,Produtos_Images/211871.Imagem do Produto.225626.jpg,,,,378,,,,,
1C63C2,PUL0379,PULSEIRAS,JN,39,"3,6","R$ 140,40",2,Produtos_Images/1C63C2.Imagem do Produto.225823.jpg,,,,379,,,,,
66D5FF,AN0352,ANÉIS,JN,29,4,"R$ 116,00",2,Produtos_Images/66D5FF.Imagem do Produto.230207.jpg,,,352,,,,,,
D1FF77,AN0353,ANÉIS,JN,29,4,"R$ 116,00",2,Produtos_Images/D1FF77.Imagem do Produto.230411.jpg,,,353,,,,,,
5DB0CD,AN0354,ANÉIS,JN,"29,5",4,"R$ 118,00",2,Produtos_Images/5DB0CD.Imagem do Produto.230545.jpg,,,354,,,,,,
023AC3,AN0355,ANÉIS,JN,"29,5","3,9","R$ 115,05",2,Produtos_Images/023AC3.Imagem do Produto.230810.jpg,,,355,,,,,,
E131BC,AN0356,ANÉIS,JN,29,4,"R$ 116,00",2,Produtos_Images/E131BC.Imagem do Produto.230923.jpg,,,356,,,,,,
BB5084,AN0357,ANÉIS,JN,32,4,"R$ 128,00",2,Produtos_Images/BB5084.Imagem do Produto.231041.jpg,,,357,,,,,,
B3257B,AN0358,ANÉIS,JN,33,4,"R$ 132,00",2,Produtos_Images/B3257B.Imagem do Produto.231147.jpg,,,358,,,,,,
E66C0E,AN0359,ANÉIS,JN,21,4,"R$ 84,00",1,Produtos_Images/E66C0E.Imagem do Produto.231253.jpg,,,359,,,,,,
8B21B7,CD0606,CORDÕES,Jl,77,"3,5","R$ 269,50",1,Produtos_Images/8B21B7.Imagem do Produto.181858.jpg,,,,,606,,,,
7FEB62,BR1105,BRINCOS,JN,"43,8",3,"R$ 131,40",1,Produtos_Images/7FEB62.Imagem do Produto.183442.jpg,,1105,,,,,,,
6EB93E,BR1106,BRINCOS,EV,15,5,"R$ 75,00",1,Produtos_Images/6EB93E.Imagem do Produto.194029.jpg,,1106,,,,,,,
E66EA5,BR1107,BRINCOS,Ev,12,4,"R$ 48,00",1,Produtos_Images/E66EA5.Imagem do Produto.194912.jpg,,1107,,,,,,,
78FFDE,BR1108,BRINCOS,EV,14,5,"R$ 70,00",1,Produtos_Images/78FFDE.Imagem do Produto.195049.jpg,,1108,,,,,,,
841107,CJ0193,CONJUNTOS,JN,28,4,"R$ 112,00",1,Produtos_Images/841107.Imagem do Produto.200140.jpg,,,,,,193,,,
,,,,,,,,,,,,,,,,,
1F1920,AN0360,ANÉIS,JN,36,4,"R$ 144,00",1,Produtos_Images/1F1920.Imagem do Produto.202910.jpg,,,360,,,,,,
BBDA13,AN0361,ANÉIS,JN,39,4,"R$ 156,00",1,Produtos_Images/BBDA13.Imagem do Produto.203039.jpg,,,361,,,,,,
78F9E9,AN0362,ANÉIS,JL,91,"3,5","R$ 318,50",1,Produtos_Images/78F9E9.Imagem do Produto.204008.jpg,,,362,,,,,,
678A8A,AN0363,ANÉIS,JN,62,3,"R$ 186,00",1,Produtos_Images/678A8A.Imagem do Produto.204318.jpg,,,363,,,,,,
8A3470,AN0364,ANÉIS,JL,39,4,"R$ 156,00",1,Produtos_Images/8A3470.Imagem do Produto.204542.jpg,,,364,,,,,,
C93A91,AN0365,ANÉIS,JN,39,4,"R$ 156,00",1,Produtos_Images/C93A91.Imagem do Produto.205240.jpg,,,365,,,,,,
C7A175,CD0607,CORDÕES,JL,79,4,"R$ 316,00",1,Produtos_Images/C7A175.Imagem do Produto.181540.jpg,,,,,607,,,,
0AD335,CD0608,CORDÕES,JL,73,4,"R$ 292,00",1,Produtos_Images/0AD335.Imagem do Produto.182140.jpg,,,,,608,,,,
776368,CD0609,CORDÕES,JL,57,4,"R$ 228,00",1,Produtos_Images/776368.Imagem do Produto.182407.jpg,,,,,609,,,,
ED8412,CD0610,CORDÕES,SF,86,"3,48","R$ 299,28",1,Produtos_Images/ED8412.Imagem do Produto.183705.jpg,,,,,610,,,,
BCB34B,CD0611,CORDÕES,SF,72,"3,8","R$ 273,60",1,Produtos_Images/BCB34B.Imagem do Produto.184416.jpg,,,,,611,,,,
E7B468,CD0612,CORDÕES,DM,35,4,"R$ 140,00",1,Produtos_Images/E7B468.Imagem do Produto.134236.jpg,,,,,612,,,,
0793A1,CD0613,CORDÕES,DM,35,"4,2","R$ 147,00",1,Produtos_Images/0793A1.Imagem do Produto.134557.jpg,,,,,613,,,,
61FA0F,CD0614,CORDÕES,DM,69,4,"R$ 276,00",1,Produtos_Images/61FA0F.Imagem do Produto.134803.jpg,,,,,614,,,,
E1D412,CD0615,CORDÕES,DM,39,"3,5","R$ 136,50",1,Produtos_Images/E1D412.Imagem do Produto.140215.jpg,,,,,615,,,,
7403BA,CD0616,CORDÕES,DM,51,"3,5","R$ 178,50",1,Produtos_Images/7403BA.Imagem do Produto.163141.jpg,,,,,616,,,,
974427,CD0617,CORDÕES,DM,49,"3,4","R$ 166,60",1,Produtos_Images/974427.Imagem do Produto.172114.jpg,,,,,617,,,,
F19733,CD0618,CORDÕES,DM,36,"4,3","R$ 154,80",1,Produtos_Images/F19733.Imagem do Produto.172307.jpg,,,,,618,,,,
41453D,CD0619,CORDÕES,WF,19,"4,5","R$ 85,50",1,Produtos_Images/41453D.Imagem do Produto.173614.jpg,,,,,619,,,,
608BAB,CD0620,CORDÕES,WF,43,"4,1","R$ 176,30",1,Produtos_Images/608BAB.Imagem do Produto.173947.jpg,,,,,620,,,,
58F196,CD0621,CORDÕES,WF,41,4,"R$ 164,00",1,Produtos_Images/58F196.Imagem do Produto.174216.jpg,,,,,621,,,,
66D92F,CD0622,CORDÕES,WF,43,4,"R$ 172,00",1,Produtos_Images/66D92F.Imagem do Produto.174347.jpg,,,,,622,,,,
58F343,CD0623,CORDÕES,WF,"19,5",4,"R$ 78,00",1,Produtos_Images/58F343.Imagem do Produto.174730.jpg,,,,,623,,,,
1D8E55,CD0624,CORDÕES,WF,21,"4,2","R$ 88,20",2,Produtos_Images/1D8E55.Imagem do Produto.175008.jpg,,,,,624,,,,
8D1E30,CD0625,CORDÕES,WF,19,"4,5","R$ 85,50",1,Produtos_Images/8D1E30.Imagem do Produto.175706.jpg,,,,,625,,,,
C4A08A,CD0626,CORDÕES,WF,20,"4,2","R$ 84,00",1,Produtos_Images/C4A08A.Imagem do Produto.184123.jpg,,,,,626,,,,
BA670F,CJ0194,CONJUNTOS,DM,87,"3,4","R$ 295,80",1,Produtos_Images/BA670F.Imagem do Produto.184428.jpg,,,,,,194,,,
53217D,CJ0195,CONJUNTOS,WF,85,"3,5","R$ 297,50",1,Produtos_Images/53217D.Imagem do Produto.191058.jpg,,,,,,195,,,
EC2ABF,CJ0196,CONJUNTOS,SF,77,"3,85","R$ 296,45",1,Produtos_Images/EC2ABF.Imagem do Produto.191525.jpg,,,,,,196,,,
6707B2,CJ0197,CONJUNTOS,SF,58,"3,2","R$ 185,60",1,Produtos_Images/6707B2.Imagem do Produto.192702.jpg,,,,,,197,,,
473D52,CJ0198,CONJUNTOS,SF,65,"3,85","R$ 250,25",1,Produtos_Images/473D52.Imagem do Produto.192938.jpg,,,,,,198,,,
CD568E,CJ0199,CONJUNTOS,SF,76,"3,9","R$ 296,40",1,Produtos_Images/CD568E.Imagem do Produto.193055.jpg,,,,,,199,,,
38245C,CJ0200,CONJUNTOS,WF,"49,5",4,"R$ 198,00",1,Produtos_Images/38245C.Imagem do Produto.193933.jpg,,,,,,200,,,
BED167,CD0627,CORDÕES,WF,52,"3,8","R$ 197,60",1,Produtos_Images/BED167.Imagem do Produto.194222.jpg,,,,,627,201,,,
C08234,CJ0201,CONJUNTOS,SF,42,4,"R$ 168,00",1,Produtos_Images/C08234.Imagem do Produto.232805.jpg,,,,,,201,,,
BB17F2,BR1109,BRINCOS,SF,43,3,"R$ 129,00",1,Produtos_Images/BB17F2.Imagem do Produto.233538.jpg,,1109,,,,,,,
C0A488,BR1110,BRINCOS,SF,45,"3,5","R$ 157,50",1,Produtos_Images/C0A488.Imagem do Produto.233828.jpg,,1110,,,,,,,
E44DA3,BR1111,BRINCOS,SF,42,"3,5","R$ 147,00",1,Produtos_Images/E44DA3.Imagem do Produto.234354.jpg,,1111,,,,,,,
AC0DD4,BR1112,BRINCOS,SF,55,"3,5","R$ 192,50",1,Produtos_Images/AC0DD4.Imagem do Produto.234702.jpg,,1112,,,,,,,
BCX1Y4,BR1113,BRINCOS,SF,37,"3,5","R$ 129,50",1,Produtos_Images/013834.Imagem do Produto.235426.jpg,,1113,,,,,,,
C56A10,BR1114,BRINCOS,SF,39,"3,5","R$ 136,50",1,Produtos_Images/C56A10.Imagem do Produto.235535.jpg,,1114,,,,,,,
207391,BR1115,BRINCOS,SF,52,"3,5","R$ 182,00",1,Produtos_Images/207391.Imagem do Produto.000032.jpg,,1115,,,,,,,
87CFAA,BR1116,BRINCOS,SF,28,"3,5","R$ 98,00",1,Produtos_Images/87CFAA.Imagem do Produto.000425.jpg,,1116,,,,,,,
BB9026,BR1117,BRINCOS,SF,83,"3,4","R$ 282,20",1,Produtos_Images/BB9026.Imagem do Produto.000636.jpg,,1117,,,,,,,
80275D,BR1118,BRINCOS,SF,65,3,"R$ 195,00",1,Produtos_Images/80275D.Imagem do Produto.001043.jpg,,1118,,,,,,,
1922C7,BR1119,BRINCOS,SF,56,3,"R$ 168,00",1,Produtos_Images/1922C7.Imagem do Produto.001453.jpg,,1119,,,,,,,
80203D,BR1120,BRINCOS,SF,36,"3,5","R$ 126,00",1,Produtos_Images/80203D.Imagem do Produto.001817.jpg,,1120,,,,,,,
F49787,BR1121,BRINCOS,SF,63,3,"R$ 189,00",1,Produtos_Images/F49787.Imagem do Produto.002104.jpg,,1121,,,,,,,
5099B3,BR1122,BRINCOS,DF,56,"3,5","R$ 196,00",1,Produtos_Images/5099B3.Imagem do Produto.002246.jpg,,1122,,,,,,,
C979A3,BR1123,BRINCOS,SF,31,"3,5","R$ 108,50",1,Produtos_Images/C979A3.Imagem do Produto.002815.jpg,,1123,,,,,,,
87C049,BR1124,BRINCOS,SF,27,"3,5","R$ 94,50",1,Produtos_Images/87C049.Imagem do Produto.003109.jpg,,1124,,,,,,,
4999D9,BR1125,BRINCOS,SF,53,"3,5","R$ 185,50",1,Produtos_Images/4999D9.Imagem do Produto.003252.jpg,,1125,,,,,,,
2ADB64,BR1126,BRINCOS,SF,53,"3,5","R$ 185,50",1,Produtos_Images/2ADB64.Imagem do Produto.003356.jpg,,1126,,,,,,,
D08DBD,BR1127,BRINCOS,SF,51,"3,5","R$ 178,50",1,Produtos_Images/D08DBD.Imagem do Produto.003522.jpg,,1127,,,,,,,
9A77F7,BR1128,BRINCOS,SF,28,"3,5","R$ 98,00",1,Produtos_Images/9A77F7.Imagem do Produto.003717.jpg,,1128,,,,,,,
325110,BR1129,BRINCOS,SF,39,"3,5","R$ 136,50",1,Produtos_Images/325110.Imagem do Produto.003911.jpg,,1129,,,,,,,
E272EA,BR1130,BRINCOS,SF,29,"3,4","R$ 98,60",1,Produtos_Images/E272EA.Imagem do Produto.004058.jpg,,1130,,,,,,,
3FC38C,BR1131,BRINCOS,Sefora,29,"3,4","R$ 98,60",1,Produtos_Images/3FC38C.Imagem do Produto.005214.jpg,,1131,,,,,,,
28847C,BR1132,BRINCOS,SF,54,"3,5","R$ 189,00",1,Produtos_Images/28847C.Imagem do Produto.005408.jpg,,1132,,,,,,,
7CA554,BR1133,BRINCOS,SF,37,"3,5","R$ 129,50",1,Produtos_Images/7CA554.Imagem do Produto.005551.jpg,,1133,,,,,,,
6DEFA8,BR1134,BRINCOS,SF,38,"3,5","R$ 133,00",1,Produtos_Images/6DEFA8.Imagem do Produto.005820.jpg,,1134,,,,,,,
1DVFB6,BR1135,BRINCOS,DM,35,"3,5","R$ 122,50",1,Produtos_Images/612E98.Imagem do Produto.011435.jpg,,1135,,,,,,,
537498,BR1136,BRINCOS,DM,22,"3,5","R$ 77,00",1,Produtos_Images/537498.Imagem do Produto.011744.jpg,,1136,,,,,,,
67CE72,BR1137,BRINCOS,DM,36,"3,5","R$ 126,00",1,Produtos_Images/67CE72.Imagem do Produto.012111.jpg,,1137,,,,,,,
795188,BR1138,BRINCOS,DM,22,"3,5","R$ 77,00",1,Produtos_Images/795188.Imagem do Produto.012434.jpg,,1138,,,,,,,
816CEE,BR1139,BRINCOS,DM,28,"3,5","R$ 98,00",1,Produtos_Images/816CEE.Imagem do Produto.012615.jpg,,1139,,,,,,,
62EB96,BR1140,BRINCOS,DM,36,"3,5","R$ 126,00",1,Produtos_Images/62EB96.Imagem do Produto.012846.jpg,,1140,,,,,,,
A72804,BR1141,BRINCOS,DM,54,"3,5","R$ 189,00",1,Produtos_Images/A72804.Imagem do Produto.013113.jpg,,1141,,,,,,,
D053F3,BR1142,BRINCOS,DM,32,"3,5","R$ 112,00",1,Produtos_Images/D053F3.Imagem do Produto.013410.jpg,,1142,,,,,,,
3B96E3,BR1143,BRINCOS,DM,34,"3,5","R$ 119,00",1,Produtos_Images/3B96E3.Imagem do Produto.013603.jpg,,1143,,,,,,,
4081EB,BR1144,BRINCOS,DM,33,"3,9","R$ 128,70",1,Produtos_Images/4081EB.Imagem do Produto.013832.jpg,,1144,,,,,,,
9FEBF3,BR1145,BRINCOS,WF,38,4,"R$ 152,00",1,Produtos_Images/9FEBF3.Imagem do Produto.172301.jpg,,1145,,,,,,,
94AAD3,BR1146,BRINCOS,WF,18,"3,8","R$ 68,40",2,Produtos_Images/94AAD3.Imagem do Produto.175248.jpg,,1146,,,,,,,
DBB2DA,BR1147,BRINCOS,WF,18,4,"R$ 72,00",3,Produtos_Images/DBB2DA.Imagem do Produto.175357.jpg,,1147,,,,,,,
D4A3AA,BR1148,BRINCOS,WF,17,4,"R$ 68,00",2,Produtos_Images/D4A3AA.Imagem do Produto.182654.jpg,,1148,,,,,,,
EF443B,BR1149,BRINCOS,WF,18,4,"R$ 72,00",2,Produtos_Images/EF443B.Imagem do Produto.183417.jpg,,1149,,,,,,,
463915,BR1150,BRINCOS,WF,13,4,"R$ 52,00",2,Produtos_Images/463915.Imagem do Produto.184321.jpg,,1150,,,,,,,
48D60F,BR1151,BRINCOS,WF,14,"4,15","R$ 58,10",2,Produtos_Images/48D60F.Imagem do Produto.185246.jpg,,1151,,,,,,,
818FE2,BR1152,BRINCOS,WF,15,"3,95","R$ 59,25",5,Produtos_Images/818FE2.Imagem do Produto.190011.jpg,,1152,,,,,,,
57A42C,BR1153,BRINCOS,WF,14,"4,2","R$ 58,80",4,Produtos_Images/57A42C.Imagem do Produto.191558.jpg,,1153,,,,,,,
64CC0F,BR1154,BRINCOS,WF,16,4,"R$ 64,00",2,Produtos_Images/64CC0F.Imagem do Produto.192238.jpg,,1154,,,,,,,
DE1507,BR1155,BRINCOS,WF,19,4,"R$ 76,00",2,Produtos_Images/DE1507.Imagem do Produto.192556.jpg,,1155,,,,,,,
8D389C,BR1156,BRINCOS,WF,17,4,"R$ 68,00",3,Produtos_Images/8D389C.Imagem do Produto.193018.jpg,,1156,,,,,,,
82EABD,BR1157,BRINCOS,WF,23,"3,45","R$ 79,35",3,Produtos_Images/82EABD.Imagem do Produto.193416.jpg,,1157,,,,,,,
F4B841,BR1158,BRINCOS,WF,18,4,"R$ 72,00",2,Produtos_Images/F4B841.Imagem do Produto.193753.jpg,,1158,,,,,,,
1ABCF3,BR1159,BRINCOS,WF,34,4,"R$ 136,00",1,Produtos_Images/1ABCF3.Imagem do Produto.194107.jpg,,1159,,,,,,,
91F48E,BR1160,BRINCOS,WF,32,4,"R$ 128,00",1,Produtos_Images/91F48E.Imagem do Produto.194259.jpg,,1160,,,,,,,
2DAE34,BR1161,BRINCOS,WF,31,4,"R$ 124,00",1,Produtos_Images/2DAE34.Imagem do Produto.194800.jpg,,1161,,,,,,,
4A016A,BR1162,BRINCOS,WF,25,5,"R$ 125,00",1,Produtos_Images/4A016A.Imagem do Produto.195145.jpg,,1162,,,,,,,
BA085C,BR1163,BRINCOS,WF,21,4,"R$ 84,00",2,Produtos_Images/BA085C.Imagem do Produto.195650.jpg,,1163,,,,,,,
B66974,BR1164,BRINCOS,WF,34,4,"R$ 136,00",1,Produtos_Images/B66974.Imagem do Produto.200447.jpg,,1164,,,,,,,
712C53,BR1165,BRINCOS,WF,25,"3,9","R$ 97,50",1,Produtos_Images/712C53.Imagem do Produto.200949.jpg,,1165,,,,,,,
02DC7F,BR1166,BRINCOS,WF,28,4,"R$ 112,00",1,Produtos_Images/02DC7F.Imagem do Produto.201040.jpg,,1166,,,,,,,
0F8C02,BR1167,BRINCOS,WF,22,5,"R$ 110,00",2,Produtos_Images/0F8C02.Imagem do Produto.201811.jpg,,1167,,,,,,,
3202D6,BR1168,BRINCOS,WF,26,"4,5","R$ 117,00",1,Produtos_Images/3202D6.Imagem do Produto.202224.jpg,,1168,,,,,,,
F8A1AE,BR1169,BRINCOS,WF,28,5,"R$ 140,00",1,Produtos_Images/F8A1AE.Imagem do Produto.202545.jpg,,1169,,,,,,,
E746F6,BR1170,BRINCOS,WF,23,"5,5","R$ 126,50",1,Produtos_Images/E746F6.Imagem do Produto.202831.jpg,,1170,,,,,,,
0A66C2,BR1171,BRINCOS,WF,19,"4,7","R$ 89,30",2,Produtos_Images/0A66C2.Imagem do Produto.203209.jpg,,1171,,,,,,,
6F33B6,BR1172,BRINCOS,WF,49,"3,5","R$ 171,50",1,Produtos_Images/6F33B6.Imagem do Produto.203630.jpg,,1172,,,,,,,
1A2CCC,BR1173,BRINCOS,WF,19,"4,2","R$ 79,80",2,Produtos_Images/1A2CCC.Imagem do Produto.210157.jpg,,1173,,,,,,,
772033,BR1174,BRINCOS,WF,19,4,"R$ 76,00",1,Produtos_Images/772033.Imagem do Produto.224745.jpg,,1174,,,,,,,
CD9086,BR1175,BRINCOS,WF,19,"4,5","R$ 85,50",1,Produtos_Images/CD9086.Imagem do Produto.225049.jpg,,1175,,,,,,,
4106CC,BR1176,BRINCOS,WF,17,4,"R$ 68,00",1,Produtos_Images/4106CC.Imagem do Produto.225548.jpg,,1176,,,,,,,
EFE1A2,BR1177,BRINCOS,WF,19,"4,2","R$ 79,80",1,Produtos_Images/EFE1A2.Imagem do Produto.225808.jpg,,1177,,,,,,,
74A563,BR1178,BRINCOS,WF,19,4,"R$ 76,00",2,Produtos_Images/74A563.Imagem do Produto.230017.jpg,,1178,,,,,,,
FCA881,BR1179,BRINCOS,WF,15,"3,5","R$ 52,50",1,Produtos_Images/FCA881.Imagem do Produto.230333.jpg,,1179,,,,,,,
B3B951,BR1180,BRINCOS,WF,19,4,"R$ 76,00",1,Produtos_Images/B3B951.Imagem do Produto.230721.jpg,,1180,,,,,,,
DF2AAB,BR1181,BRINCOS,WF,19,4,"R$ 76,00",1,Produtos_Images/DF2AAB.Imagem do Produto.231055.jpg,,1181,,,,,,,
E93F1B,BR1182,BRINCOS,WF,15,4,"R$ 60,00",1,Produtos_Images/E93F1B.Imagem do Produto.231739.jpg,,1182,,,,,,,
20E2FE,BR1183,BRINCOS,WF,19,4,"R$ 76,00",1,Produtos_Images/20E2FE.Imagem do Produto.232258.jpg,,1183,,,,,,,
486AF3,BR1184,BRINCOS,WF,23,4,"R$ 92,00",1,Produtos_Images/486AF3.Imagem do Produto.232745.jpg,,1184,,,,,,,
261CDB,BR1185,BRINCOS,WF,21,4,"R$ 84,00",1,Produtos_Images/261CDB.Imagem do Produto.233011.jpg,,1185,,,,,,,
8B2FEB,BR1186,BRINCOS,WF,16,4,"R$ 64,00",1,Produtos_Images/8B2FEB.Imagem do Produto.184412.jpg,,1186,,,,,,,
EF7105,BR1187,BRINCOS,WF,23,"3,9","R$ 89,70",1,Produtos_Images/EF7105.Imagem do Produto.184537.jpg,,1187,,,,,,,
D9406C,BR1188,BRINCOS,WF,21,4,"R$ 84,00",1,Produtos_Images/D9406C.Imagem do Produto.185029.jpg,,1188,,,,,,,
CDCCB8,BR1189,BRINCOS,WF,21,4,"R$ 84,00",1,Produtos_Images/CDCCB8.Imagem do Produto.193454.jpg,,1189,,,,,,,
05ABB1,BR1190,BRINCOS,WF,22,4,"R$ 88,00",1,Produtos_Images/05ABB1.Imagem do Produto.193723.jpg,,1190,,,,,,,
C2075E,BR1191,BRINCOS,WF,19,"3,6","R$ 68,40",1,Produtos_Images/C2075E.Imagem do Produto.194003.jpg,,1191,,,,,,,
56987D,BR1192,BRINCOS,WF,18,4,"R$ 72,00",1,Produtos_Images/56987D.Imagem do Produto.194311.jpg,,1192,,,,,,,
52F952,BR1193,BRINCOS,WF,39,"3,55","R$ 138,45",1,Produtos_Images/52F952.Imagem do Produto.194816.jpg,,1193,,,,,,,
2CA52E,BR1194,BRINCOS,WF,15,"3,95","R$ 59,25",1,Produtos_Images/2CA52E.Imagem do Produto.195044.jpg,,1194,,,,,,,
12B194,BR1195,BRINCOS,WF,21,"3,8","R$ 79,80",1,Produtos_Images/12B194.Imagem do Produto.195552.jpg,,1195,,,,,,,
D09F7D,BR1196,BRINCOS,WF,29,"3,4","R$ 98,60",1,Produtos_Images/D09F7D.Imagem do Produto.200004.jpg,,1196,,,,,,,
3C2B88,BR1197,BRINCOS,FB,11,7,"R$ 77,00",1,Produtos_Images/3C2B88.Imagem do Produto.201029.jpg,,1197,,,,,,,
6C7588,BR1198,BRINCOS,WF,5,"7,5","R$ 37,50",1,Produtos_Images/6C7588.Imagem do Produto.201729.jpg,,1198,,,,,,,
180F5A,BR1199,BRINCOS,FB,5,9,"R$ 45,00",1,Produtos_Images/180F5A.Imagem do Produto.202128.jpg,,1199,,,,,,,
D55B65,BR1200,BRINCOS,FB,5,"7,5","R$ 37,50",1,Produtos_Images/D55B65.Imagem do Produto.202407.jpg,,1200,,,,,,,
041D4C,BR1201,BRINCOS,FB,15,"6,6","R$ 99,00",1,Produtos_Images/041D4C.Imagem do Produto.203501.jpg,,1201,,,,,,,
CB3DB9,BR1202,BRINCOS,FB,10,7,"R$ 70,00",1,Produtos_Images/CB3DB9.Imagem do Produto.203911.jpg,,1202,,,,,,,
C03C46,BR1203,BRINCOS,FB,16,7,"R$ 112,00",1,Produtos_Images/C03C46.Imagem do Produto.205858.jpg,,1203,,,,,,,
9FFC14,BR1204,BRINCOS,FB,15,8,"R$ 120,00",1,Produtos_Images/9FFC14.Imagem do Produto.212800.jpg,,1204,,,,,,,
82EE75,BR1205,BRINCOS,FB,12,7,"R$ 84,00",1,Produtos_Images/82EE75.Imagem do Produto.213138.jpg,,1205,,,,,,,
61BF4A,BR1206,BRINCOS,FB,15,"6,6","R$ 99,00",1,Produtos_Images/61BF4A.Imagem do Produto.213602.jpg,,1206,,,,,,,
9F858B,BR1207,BRINCOS,FB,12,"7,2","R$ 86,40",1,Produtos_Images/9F858B.Imagem do Produto.213957.jpg,,1207,,,,,,,
F4E225,BR1208,BRINCOS,FB,8,7,"R$ 56,00",1,Produtos_Images/F4E225.Imagem do Produto.214244.jpg,,1208,,,,,,,
F41B65,BR1209,BRINCOS,FB,13,7,"R$ 91,00",1,Produtos_Images/F41B65.Imagem do Produto.224647.jpg,,1209,,,,,,,
4909F6,CD0628,CORDÕES,FB,29,"6,5","R$ 188,50",1,Produtos_Images/4909F6.Imagem do Produto.225115.jpg,,,,,628,,,,
CE425C,CD0629,CORDÕES,FB,16,7,"R$ 112,00",1,Produtos_Images/CE425C.Imagem do Produto.225202.jpg,,,,,629,,,,
D8097B,CJ0202,CONJUNTOS,FB,31,"6,4","R$ 198,40",1,Produtos_Images/D8097B.Imagem do Produto.225552.jpg,,,,,,202,,,
E01042,AN0366,ANÉIS,JL,55,"3,6","R$ 198,00",1,Produtos_Images/E01042.Imagem do Produto.233327.jpg,,,366,,,,,,
439F44,AN0367,ANÉIS,JL,53,"3,7","R$ 196,10",1,Produtos_Images/439F44.Imagem do Produto.233619.jpg,,,367,,,,,,
AF0505,AN0368,ANÉIS,JL,53,4,"R$ 212,00",1,Produtos_Images/AF0505.Imagem do Produto.234253.jpg,,,368,,,,,,
5214C8,AN0369,ANÉIS,JL,45,4,"R$ 180,00",2,Produtos_Images/5214C8.Imagem do Produto.234333.jpg,,,369,,,,,,
B934CB,AN0370,ANÉIS,JL,47,4,"R$ 188,00",1,Produtos_Images/B934CB.Imagem do Produto.234444.jpg,,,370,,,,,,
7D3F39,AN0371,ANÉIS,JL,95,"3,5","R$ 332,50",1,Produtos_Images/7D3F39.Imagem do Produto.234653.jpg,,,371,,,,,,
563716,AN0372,ANÉIS,JL,45,4,"R$ 180,00",1,Produtos_Images/563716.Imagem do Produto.234712.jpg,,,372,,,,,,
A475D3,AN0373,ANÉIS,JL,79,4,"R$ 316,00",1,Produtos_Images/A475D3.Imagem do Produto.234846.jpg,,,373,,,,,,
28E27C,AN0374,ANÉIS,JL,45,4,"R$ 180,00",1,Produtos_Images/28E27C.Imagem do Produto.235002.jpg,,,374,,,,,,
79CD24,AN0375,ANÉIS,JL,51,4,"R$ 204,00",2,Produtos_Images/79CD24.Imagem do Produto.235212.jpg,,,375,,,,,,
D4E28E,AN0376,ANÉIS,JL,34,4,"R$ 136,00",1,Produtos_Images/D4E28E.Imagem do Produto.235335.jpg,,,376,,,,,,
D89BC9,AN0377,ANÉIS,JL,36,4,"R$ 144,00",1,Produtos_Images/D89BC9.Imagem do Produto.235506.jpg,,,377,,,,,,
F29DE0,AN0378,ANÉIS,JL,32,4,"R$ 128,00",1,Produtos_Images/F29DE0.Imagem do Produto.235623.jpg,,,378,,,,,,
1DB8A8,AN0379,ANÉIS,JL,47,4,"R$ 188,00",1,Produtos_Images/1DB8A8.Imagem do Produto.235727.jpg,,,379,,,,,,
BACC8F,PUL0381,PULSEIRAS,JL,29,4,"R$ 116,00",1,Produtos_Images/BACC8F.Imagem do Produto.235950.jpg,,,380,381,,,,,
F1A130,PUL0382,PULSEIRAS,DM,43,4,"R$ 172,00",1,Produtos_Images/F1A130.Imagem do Produto.000305.jpg,,,380,382,,,,,
31EB0C,PUL0383,PULSEIRAS,SF,37,4,"R$ 148,00",1,Produtos_Images/31EB0C.Imagem do Produto.000548.jpg,,,380,383,,,,,
65C697,AN0380,ANÉIS,WF,115,3,"R$ 345,00",1,Produtos_Images/65C697.Imagem do Produto.124050.jpg,,1210,380,,,,,,
6824C1,CD0630,CORDÕES,JL,62,4,"R$ 248,00",1,Produtos_Images/6824C1.Imagem do Produto.125100.jpg,,1210,,384,630,,,,
3055F3,CD0631,CORDÕES,JL,62,4,"R$ 248,00",1,Produtos_Images/3055F3.Imagem do Produto.125733.jpg,,,,,631,,,,
B66971,CJ0203,CONJUNTOS,DM,79,"3,5","R$ 276,50",1,Produtos_Images/B66971.Imagem do Produto.165222.jpg,,,,,,203,,,
2C4B1E,CJ0204,CONJUNTOS,DM,137,"3,5","R$ 479,50",1,Produtos_Images/2C4B1E.Imagem do Produto.165358.jpg,,,,,,204,,,
05AC5A,CD0632,CORDÕES,DM,45,"3,5","R$ 157,50",1,Produtos_Images/05AC5A.Imagem do Produto.165657.jpg,,,,,632,205,,,
4F957E,BR1210,BRINCOS,DM,28,"3,5","R$ 98,00",1,Produtos_Images/4F957E.Imagem do Produto.170121.jpg,,1210,,,,,,,
F438C1,BR1211,BRINCOS,DM,47,"3,5","R$ 164,50",1,Produtos_Images/F438C1.Imagem do Produto.171030.jpg,,1211,,,,,,,
64BC90,BR1212,BRINCOS,DM,39,"3,5","R$ 136,50",1,Produtos_Images/64BC90.Imagem do Produto.171621.jpg,,1212,,,,,,,
146113,BR1213,BRINCOS,DM,59,"3,3","R$ 194,70",1,Produtos_Images/146113.Imagem do Produto.171839.jpg,,1213,,,,,,,
79BFB2,BR1214,BRINCOS,DM,29,"3,65","R$ 105,85",1,Produtos_Images/79BFB2.Imagem do Produto.172116.jpg,,1214,,,,,,,
2DC4E1,BR1215,BRINCOS,DM,33,"3,5","R$ 115,50",1,Produtos_Images/2DC4E1.Imagem do Produto.172414.jpg,,1215,,,,,,,
E9BEEA,BR1216,BRINCOS,DM,29,"3,8","R$ 110,20",1,Produtos_Images/E9BEEA.Imagem do Produto.172610.jpg,,1216,,,,,,,
D8CBD5,CD0633,CORDÕES,JL,43,"3,95","R$ 169,85",1,Produtos_Images/D8CBD5.Imagem do Produto.190149.jpg,,,,,633,,,,
EF28BF,CD0634,CORDÕES,JL,37,4,"R$ 148,00",1,Produtos_Images/EF28BF.Imagem do Produto.190443.jpg,,,,,634,,,,
DECA56,CD0635,CORDÕES,JL,42,4,"R$ 168,00",1,Produtos_Images/DECA56.Imagem do Produto.191007.jpg,,,,,635,,,,
155AD6,CD0636,CORDÕES,JL,63,4,"R$ 252,00",1,Produtos_Images/155AD6.Imagem do Produto.191715.jpg,,,,,636,,,,
8536DF,CD0637,CORDÕES,JL,45,4,"R$ 180,00",1,Produtos_Images/8536DF.Imagem do Produto.191828.jpg,,,,,637,,,,
FEA24A,CD0638,CORDÕES,JL,39,4,"R$ 156,00",1,Produtos_Images/FEA24A.Imagem do Produto.192218.jpg,,,,,638,,,,
0DB6AB,CD0639,CORDÕES,JL,55,4,"R$ 220,00",1,Produtos_Images/0DB6AB.Imagem do Produto.192540.jpg,,,,,639,,,,
7EDE28,CD0640,CORDÕES,JL,51,"3,9","R$ 198,90",1,Produtos_Images/7EDE28.Imagem do Produto.200620.jpg,,,,,640,,,,
70F57F,CD0641,CORDÕES,JL,45,4,"R$ 180,00",1,Produtos_Images/70F57F.Imagem do Produto.201044.jpg,,,,,641,,,,
7D62BB,CD0642,CORDÕES,JL,63,4,"R$ 252,00",1,Produtos_Images/7D62BB.Imagem do Produto.201442.jpg,,,,,642,,,,
1D97C4,CJ0205,CONJUNTOS,JL,32,5,"R$ 160,00",1,Produtos_Images/1D97C4.Imagem do Produto.201842.jpg,,,,,643,205,,,
99E32E,CD0643,CORDÕES,JL,51,"3,9","R$ 198,90",1,Produtos_Images/99E32E.Imagem do Produto.202314.jpg,,,,,643,,,,
D19F73,CD0644,CORDÕES,JL,25,"3,8","R$ 95,00",1,Produtos_Images/D19F73.Imagem do Produto.202422.jpg,,,,,644,,,,
BFC909,CD0645,CORDÕES,JL,63,4,"R$ 252,00",1,Produtos_Images/BFC909.Imagem do Produto.203317.jpg,,,,,645,,,,
3F0724,CD0646,CORDÕES,JL,67,"3,5","R$ 234,50",1,Produtos_Images/3F0724.Imagem do Produto.203905.jpg,,,,,646,,,,
099574,CD0647,CORDÕES,JL,45,"3,7","R$ 166,50",1,Produtos_Images/099574.Imagem do Produto.204001.jpg,,,,,647,,,,
A673C4,CD0648,CORDÕES,JL,47,4,"R$ 188,00",4,Produtos_Images/A673C4.Imagem do Produto.204519.jpg,,,,,648,,,,
D52309,CD0649,CORDÕES,JL,37,4,"R$ 148,00",1,Produtos_Images/D52309.Imagem do Produto.205022.jpg,,,,,649,,,,
998FCC,CD0650,CORDÕES,JL,46,4,"R$ 184,00",1,Produtos_Images/998FCC.Imagem do Produto.205213.jpg,,,,,650,,,,
19EA27,CD0651,CORDÕES,JL,19,4,"R$ 76,00",1,Produtos_Images/19EA27.Imagem do Produto.205405.jpg,,,,,651,,,,
BE24E4,CD0652,CORDÕES,JL,45,"3,95","R$ 177,75",2,Produtos_Images/BE24E4.Imagem do Produto.205619.jpg,,,,,652,,,,
1F3B3E,CJ0206,CONJUNTOS,JL,45,4,"R$ 180,00",1,Produtos_Images/1F3B3E.Imagem do Produto.211313.jpg,,,,,653,206,,,
268907,CD0653,CORDÕES,JL,63,4,"R$ 252,00",1,Produtos_Images/268907.Imagem do Produto.211350.jpg,,,,,653,,,,
AFCB44,PUL0384,PULSEIRAS,JL,59,4,"R$ 236,00",1,Produtos_Images/AFCB44.Imagem do Produto.222536.jpg,,,,384,,,,,
0E5ADA,PUL0385,PULSEIRAS,JL,42,"3,8","R$ 159,60",1,Produtos_Images/0E5ADA.Imagem do Produto.222922.jpg,,,,385,,,,,
51DC9D,PUL0386,PULSEIRAS,JL,71,"3,5","R$ 248,50",1,Produtos_Images/51DC9D.Imagem do Produto.223423.jpg,,,,386,,,,,
E18DCD,PUL0387,PULSEIRAS,JL,47,"3,9","R$ 183,30",1,Produtos_Images/E18DCD.Imagem do Produto.223504.jpg,,,,387,,,,,
DB8021,PUL0388,PULSEIRAS,JL,27,"4,3","R$ 116,10",1,Produtos_Images/DB8021.Imagem do Produto.223939.jpg,,,,388,,,,,
8CE459,PUL0389,PULSEIRAS,JL,47,"3,5","R$ 164,50",1,Produtos_Images/8CE459.Imagem do Produto.224058.jpg,,,,389,,,,,
66625B,PUL0390,PULSEIRAS,JL,35,4,"R$ 140,00",1,Produtos_Images/66625B.Imagem do Produto.224638.jpg,,,,390,,,,,
9230A7,PUL0391,PULSEIRAS,JL,43,4,"R$ 172,00",1,Produtos_Images/9230A7.Imagem do Produto.224811.jpg,,,,391,,,,,
68F1C6,PUL0392,PULSEIRAS,JL,29,4,"R$ 116,00",1,Produtos_Images/68F1C6.Imagem do Produto.224912.jpg,,,,392,,,,,
9A6149,PUL0393,PULSEIRAS,JL,40,"3,9","R$ 156,00",1,Produtos_Images/9A6149.Imagem do Produto.225339.jpg,,,,393,,,,,
BB5DA7,PUL0394,PULSEIRAS,JL,27,"4,5","R$ 121,50",1,Produtos_Images/BB5DA7.Imagem do Produto.225504.jpg,,,,394,,,,,
A35C27,PUL0395,PULSEIRAS,JL,39,4,"R$ 156,00",1,Produtos_Images/A35C27.Imagem do Produto.225738.jpg,,,,395,,,,,
B0F308,PUL0396,PULSEIRAS,JL,33,4,"R$ 132,00",1,Produtos_Images/B0F308.Imagem do Produto.225812.jpg,,,,396,,,,,
84C38B,PUL0397,PULSEIRAS,JL,63,"3,5","R$ 220,50",1,Produtos_Images/84C38B.Imagem do Produto.230120.jpg,,,,397,,,,,
F5BCA9,PUL0398,PULSEIRAS,JL,29,4,"R$ 116,00",1,Produtos_Images/F5BCA9.Imagem do Produto.230326.jpg,,,,398,,,,,
7D5EE9,PUL0399,PULSEIRAS,JL,"29,5",4,"R$ 118,00",1,Produtos_Images/7D5EE9.Imagem do Produto.230708.jpg,,,,399,,,,,
1E5XET,PUL0400,PULSEIRAS,JL,65,3,"R$ 195,00",1,Produtos_Images/9664E3.Imagem do Produto.230942.jpg,,,,400,,,,,
555AFA,PUL0401,PULSEIRAS,JL,29,4,"R$ 116,00",1,Produtos_Images/555AFA.Imagem do Produto.231020.jpg,,,,401,,,,,
4D0E53,PUL0402,PULSEIRAS,JL,33,4,"R$ 132,00",1,Produtos_Images/4D0E53.Imagem do Produto.231317.jpg,,,,402,,,,,
507F7A,PUL0403,PULSEIRAS,JL,57,4,"R$ 228,00",1,Produtos_Images/507F7A.Imagem do Produto.232101.jpg,,,,403,,,,,
3FEF6B,PUL0404,PULSEIRAS,JL,19,4,"R$ 76,00",1,Produtos_Images/3FEF6B.Imagem do Produto.232203.jpg,,,,404,,,,,
2DDCE2,CD0654,CORDÕES,JL,46,4,"R$ 184,00",1,Produtos_Images/2DDCE2.Imagem do Produto.170513.jpg,,,,,654,,,,
BF25C0,CD0655,CORDÕES,JL,32,4,"R$ 128,00",1,Produtos_Images/BF25C0.Imagem do Produto.170903.jpg,,,,,655,,,,
D3CDB1,CD0656,CORDÕES,34,34,4,"R$ 136,00",1,Produtos_Images/D3CDB1.Imagem do Produto.170955.jpg,,,,,656,,,,
FB6DE1,CD0657,CORDÕES,JL,55,4,"R$ 220,00",1,Produtos_Images/FB6DE1.Imagem do Produto.171345.jpg,,,,,657,,,,
972CCF,CD0658,CORDÕES,JL,53,4,"R$ 212,00",1,Produtos_Images/972CCF.Imagem do Produto.171754.jpg,,,,,658,,,,
265534,CD0659,CORDÕES,JL,43,4,"R$ 172,00",1,Produtos_Images/265534.Imagem do Produto.171953.jpg,,,,,659,,,,
ACF8D1,CD0660,CORDÕES,JL,67,4,"R$ 268,00",2,Produtos_Images/ACF8D1.Imagem do Produto.172056.jpg,,,,,660,,,,
D4DB87,CD0661,CORDÕES,JL,19,4,"R$ 76,00",1,Produtos_Images/D4DB87.Imagem do Produto.172448.jpg,,,,,661,,,,
199302,CD0662,CORDÕES,JL,75,"3,5","R$ 262,50",1,Produtos_Images/199302.Imagem do Produto.172703.jpg,,,,,662,,,,
3772B5,CD0663,CORDÕES,JL,34,4,"R$ 136,00",1,Produtos_Images/3772B5.Imagem do Produto.172901.jpg,,,,,663,,,,
076CD8,CD0664,CORDÕES,JL,48,4,"R$ 192,00",1,Produtos_Images/076CD8.Imagem do Produto.172944.jpg,,,,,664,,,,
6C794B,CD0665,CORDÕES,JL,51,4,"R$ 204,00",1,Produtos_Images/6C794B.Imagem do Produto.173146.jpg,,,,,665,,,,
4112C5,CD0666,CORDÕES,JL,39,4,"R$ 156,00",1,Produtos_Images/4112C5.Imagem do Produto.173453.jpg,,,,,666,,,,
8BC740,CD0667,CORDÕES,JL,82,4,"R$ 328,00",1,Produtos_Images/8BC740.Imagem do Produto.173541.jpg,,,,,667,,,,
601DF1,PUL0405,PULSEIRAS,JL,67,4,"R$ 268,00",1,Produtos_Images/601DF1.Imagem do Produto.174549.jpg,,,,405,668,,,,
DB66E5,PUL0406,PULSEIRAS,JL,62,4,"R$ 248,00",1,Produtos_Images/DB66E5.Imagem do Produto.174906.jpg,,,,406,,,,,
B414E1,PUL0407,PULSEIRAS,JL,62,4,"R$ 248,00",2,Produtos_Images/B414E1.Imagem do Produto.175257.jpg,,,,407,,,,,
18921E,PUL0408,PULSEIRAS,JL,62,4,"R$ 248,00",2,Produtos_Images/18921E.Imagem do Produto.175326.jpg,,,,408,,,,,
A4C5D0,BR1217,BRINCOS,JL,29,"3,4","R$ 98,60",1,Produtos_Images/A4C5D0.Imagem do Produto.182137.jpg,,1217,,,,,,,
2060AF,BR1218,BRINCOS,JL,26,4,"R$ 104,00",1,Produtos_Images/2060AF.Imagem do Produto.182622.jpg,,1218,,,,,,,
9ADE95,BR1219,BRINCOS,JL,41,4,"R$ 164,00",1,Produtos_Images/9ADE95.Imagem do Produto.182725.jpg,,1219,,,,,,,
D59F9E,BR1220,BRINCOS,JL,33,4,"R$ 132,00",1,Produtos_Images/D59F9E.Imagem do Produto.183518.jpg,,1220,,,,,,,
2A1818,BR1221,BRINCOS,JL,48,4,"R$ 192,00",1,Produtos_Images/2A1818.Imagem do Produto.183718.jpg,,1221,,,,,,,
F29311,BR1222,BRINCOS,JL,48,4,"R$ 192,00",1,Produtos_Images/F29311.Imagem do Produto.183846.jpg,,1222,,,,,,,
B59DAC,BR1223,BRINCOS,JL,32,4,"R$ 128,00",1,Produtos_Images/B59DAC.Imagem do Produto.184111.jpg,,1223,,,,,,,
E09504,BR1224,BRINCOS,JL,29,4,"R$ 116,00",1,Produtos_Images/E09504.Imagem do Produto.184843.jpg,,1224,,,,,,,
37EDAC,BR1225,BRINCOS,JL,25,"3,9","R$ 97,50",1,Produtos_Images/37EDAC.Imagem do Produto.185113.jpg,,1225,,,,,,,
46113F,BR1226,BRINCOS,JL,45,"3,9","R$ 175,50",1,Produtos_Images/46113F.Imagem do Produto.185401.jpg,,1226,,,,,,,
FECC2D,BR1227,BRINCOS,JL,18,4,"R$ 72,00",1,Produtos_Images/FECC2D.Imagem do Produto.185601.jpg,,1227,,,,,,,
2B7F52,BR1228,BRINCOS,JL,37,4,"R$ 148,00",1,Produtos_Images/2B7F52.Imagem do Produto.185801.jpg,,1228,,,,,,,
6AAE59,BR1229,BRINCOS,JL,23,4,"R$ 92,00",1,Produtos_Images/6AAE59.Imagem do Produto.185950.jpg,,1229,,,,,,,
C8AD66,BR1230,BRINCOS,JL,43,"3,4","R$ 146,20",1,Produtos_Images/C8AD66.Imagem do Produto.190150.jpg,,1230,,,,,,,
052211,BR1231,BRINCOS,JL,31,"4,5","R$ 139,50",1,Produtos_Images/052211.Imagem do Produto.190444.jpg,,1231,,,,,,,
6F3E00,PUL0409,PULSEIRAS,JL,26,4,"R$ 104,00",4,Produtos_Images/6F3E00.Imagem do Produto.130408.jpg,,,,409,,,,,
33CCD1,AN0381,ANÉIS,JL,51,"3,5","R$ 178,50",1,Produtos_Images/33CCD1.Imagem do Produto.132836.jpg,,,381,,,,,,
F35664,AN0382,ANÉIS,JL,27,4,"R$ 108,00",1,Produtos_Images/F35664.Imagem do Produto.133101.jpg,,,382,,,,,,
C88CB0,PUL0410,PULSEIRAS,JL,45,4,"R$ 180,00",1,Produtos_Images/C88CB0.Imagem do Produto.133640.jpg,,,,410,,,,,
44F55D,CD0668,CORDÕES,JL,33,4,"R$ 132,00",1,Produtos_Images/44F55D.Imagem do Produto.134832.jpg,,,,,668,,,,
47C39C,CD0669,CORDÕES,JL,59,4,"R$ 236,00",1,Produtos_Images/47C39C.Imagem do Produto.135104.jpg,,,,,669,,,,
F087DA,CD0670,CORDÕES,JL,75,"3,9","R$ 292,50",1,Produtos_Images/F087DA.Imagem do Produto.202131.jpg,,,,,670,,,,
E64DC0,CD0671,CORDÕES,JL,55,"3,9","R$ 214,50",1,Produtos_Images/E64DC0.Imagem do Produto.202407.jpg,,,,,671,,,,
215C33,CD0672,CORDÕES,ME,140,"3,2","R$ 448,00",1,Produtos_Images/215C33.Imagem do Produto.203607.jpg,,,,,672,,,,
6D6E0E,CD0673,CORDÕES,ME,148,"3,2","R$ 473,60",1,Produtos_Images/6D6E0E.Imagem do Produto.203820.jpg,,,,,673,,,,
079CB6,CD0674,CORDÕES,ME,98,"3,2","R$ 313,60",1,Produtos_Images/079CB6.Imagem do Produto.204253.jpg,,,,,674,,,,
E4D120,CD0675,CORDÕES,ME,163,3,"R$ 489,00",1,Produtos_Images/E4D120.Imagem do Produto.204552.jpg,,,,,675,,,,
03C2A1,CD0676,CORDÕES,DM,116,"3,3","R$ 382,80",1,Produtos_Images/03C2A1.Imagem do Produto.164947.jpg,,,,,676,,,,
B99894,CD0677,CORDÕES,JL,27,"3,5","R$ 94,50",1,Produtos_Images/B99894.Imagem do Produto.165037.jpg,,,,,677,,,,
A822F1,CD0678,CORDÕES,JL,39,"4,3","R$ 167,70",1,Produtos_Images/A822F1.Imagem do Produto.165343.jpg,,,,,678,,,,
D767E9,CD0679,CORDÕES,JL,42,4,"R$ 168,00",1,Produtos_Images/D767E9.Imagem do Produto.165856.jpg,,,,,679,,,,
AB83FE,CD0680,CORDÕES,JL,54,"3,5","R$ 189,00",2,Produtos_Images/AB83FE.Imagem do Produto.170108.jpg,,,,,680,,,,
446B91,CD0681,CORDÕES,JL,43,"3,5","R$ 150,50",1,Produtos_Images/446B91.Imagem do Produto.170236.jpg,,,,,681,,,,
5BA5B9,CD0682,CORDÕES,JL,39,3,"R$ 117,00",1,Produtos_Images/5BA5B9.Imagem do Produto.170358.jpg,,,,,682,,,,
963F06,CD0683,CORDÕES,JN,55,3,"R$ 165,00",1,Produtos_Images/963F06.Imagem do Produto.170455.jpg,,,,,683,,,,
3DC1F4,CD0684,CORDÕES,JL,64,"3,1","R$ 198,40",1,Produtos_Images/3DC1F4.Imagem do Produto.170859.jpg,,,,,684,,,,
E73F91,CD0685,CORDÕES,JL,33,"3,5","R$ 115,50",1,Produtos_Images/E73F91.Imagem do Produto.171224.jpg,,,,,685,,,,
78397C,CD0686,CORDÕES,JL,59,3,"R$ 177,00",1,Produtos_Images/78397C.Imagem do Produto.171309.jpg,,,,,686,,,,
15346B,CD0687,CORDÕES,JL,65,"3,5","R$ 227,50",1,Produtos_Images/15346B.Imagem do Produto.171558.jpg,,,,,687,,,,
23180B,CD0688,CORDÕES,JN,39,"3,5","R$ 136,50",1,Produtos_Images/23180B.Imagem do Produto.172830.jpg,,,,,688,,,,
436C6E,CJ0207,CONJUNTOS,JN,55,"3,5","R$ 192,50",1,Produtos_Images/436C6E.Imagem do Produto.173419.jpg,,,,,,207,,,
6BF4ED,PUL0411,PULSEIRAS,JL,57,"3,5","R$ 199,50",1,Produtos_Images/6BF4ED.Imagem do Produto.173946.jpg,,,,411,,208,,,
629C95,BR1232,BRINCOS,FB,11,6,"R$ 66,00",4,Produtos_Images/629C95.Imagem do Produto.181047.jpg,,1232,,,,,,,
5DB24B,BR1233,BRINCOS,FB G,10,5,"R$ 50,00",2,Produtos_Images/5DB24B.Imagem do Produto.181423.jpg,,1233,,,,,,,
A44081,BR1234,BRINCOS,FB M,9,5,"R$ 45,00",2,Produtos_Images/A44081.Imagem do Produto.181512.jpg,,1234,,,,,,,
4E17A8,BR1235,BRINCOS,FB P,8,5,"R$ 40,00",2,Produtos_Images/4E17A8.Imagem do Produto.181808.jpg,,1235,,,,,,,
827A00,BR1236,BRINCOS,FB,18,6,"R$ 108,00",2,Produtos_Images/827A00.Imagem do Produto.182759.jpg,,1236,,,,,,,
71B242,BR1237,BRINCOS,FB,11,"6,3","R$ 69,30",2,Produtos_Images/71B242.Imagem do Produto.130939.jpg,,1237,,,,,,,
5030A9,BR1238,BRINCOS,FB,11,"6,3","R$ 69,30",2,Produtos_Images/5030A9.Imagem do Produto.131520.jpg,,1238,,,,,,,
4CF749,BR1239,BRINCOS,FB,11,"6,3","R$ 69,30",2,Produtos_Images/4CF749.Imagem do Produto.132259.jpg,,1239,,,,,,,
B2F2DF,BR1240,BRINCOS,FB,12,"6,3","R$ 75,60",2,Produtos_Images/B2F2DF.Imagem do Produto.132623.jpg,,1240,,,,,,,
C44090,BR1241,BRINCOS,FB,16,"6,2","R$ 99,20",3,Produtos_Images/C44090.Imagem do Produto.133231.jpg,,1241,,,,,,,
0505DB,BR1242,BRINCOS,FB,12,"6,3","R$ 75,60",2,Produtos_Images/0505DB.Imagem do Produto.133926.jpg,,1242,,,,,,,
03360E,BR1243,BRINCOS,FB,13,"6,9","R$ 89,70",3,Produtos_Images/03360E.Imagem do Produto.140224.jpg,,1243,,,,,,,
A3C354,BR1244,BRINCOS,FB,9,7,"R$ 63,00",3,Produtos_Images/A3C354.Imagem do Produto.140610.jpg,,1244,,,,,,,
342D60,BR1245,BRINCOS,FB,16,"7,5","R$ 120,00",2,Produtos_Images/342D60.Imagem do Produto.172930.jpg,,1245,,,,,,,
F6FAFD,BR1246,BRINCOS,FB,10,7,"R$ 70,00",3,Produtos_Images/F6FAFD.Imagem do Produto.173534.jpg,,1246,,,,,,,
3A9784,BR1247,BRINCOS,FB,12,7,"R$ 84,00",2,Produtos_Images/3A9784.Imagem do Produto.174218.jpg,,1247,,,,,,,
3E76E6,BR1248,BRINCOS,FB,15,7,"R$ 105,00",3,Produtos_Images/3E76E6.Imagem do Produto.174738.jpg,,1248,,,,,,,
966B2F,BR1249,BRINCOS,FB,15,8,"R$ 120,00",3,Produtos_Images/966B2F.Imagem do Produto.175142.jpg,,1249,,,,,,,
5568BA,BR1250,BRINCOS,FB,13,"6,8","R$ 88,40",2,Produtos_Images/5568BA.Imagem do Produto.175854.jpg,,1250,,,,,,,
C8BC23,BR1251,BRINCOS,FE,12,7,"R$ 84,00",3,Produtos_Images/C8BC23.Imagem do Produto.180325.jpg,,1251,,,,,,,
3DCF7E,BR1252,BRINCOS,FB,14,7,"R$ 98,00",2,Produtos_Images/3DCF7E.Imagem do Produto.180600.jpg,,1252,,,,,,,
7EFDA5,BR1253,BRINCOS,FB,25,6,"R$ 150,00",2,Produtos_Images/7EFDA5.Imagem do Produto.131444.jpg,,1253,,,,,,,
1C088A,BR1254,BRINCOS,FB,8,6,"R$ 48,00",3,Produtos_Images/1C088A.Imagem do Produto.131724.jpg,,1254,,,,,,,
30ADC5,BR1255,BRINCOS,FB,12,"7,3","R$ 87,60",1,Produtos_Images/30ADC5.Imagem do Produto.132041.jpg,,1255,,,,,,,
21DD9E,BR1256,BRINCOS,FB,25,7,"R$ 175,00",1,Produtos_Images/21DD9E.Imagem do Produto.133239.jpg,,1256,,,,,,,
832E6E,BR1257,BRINCOS,FB,12,7,"R$ 84,00",1,Produtos_Images/832E6E.Imagem do Produto.133505.jpg,,1257,,,,,,,
541149,BR1258,BRINCOS,FB,11,6,"R$ 66,00",1,Produtos_Images/541149.Imagem do Produto.134138.jpg,,1258,,,,,,,
C1C2D1,BR1259,BRINCOS,FB,15,6,"R$ 90,00",1,Produtos_Images/C1C2D1.Imagem do Produto.134548.jpg,,1259,,,,,,,
B642BB,BR1260,BRINCOS,FB,11,7,"R$ 77,00",3,Produtos_Images/B642BB.Imagem do Produto.135756.jpg,,1260,,,,,,,
146C69,BR1261,BRINCOS,FB M,10,7,"R$ 70,00",3,Produtos_Images/146C69.Imagem do Produto.140018.jpg,,1261,,,,,,,
9A024D,BR1262,BRINCOS,FB P,"8,5",7,"R$ 59,50",3,Produtos_Images/9A024D.Imagem do Produto.140305.jpg,,1262,,,,,,,
82FD3B,BR1263,BRINCOS,FB,19,7,"R$ 133,00",1,Produtos_Images/82FD3B.Imagem do Produto.141754.jpg,,1263,,,,,,,
0B58C3,BR1264,BRINCOS,FB,15,8,"R$ 120,00",1,Produtos_Images/0B58C3.Imagem do Produto.142136.jpg,,1264,,,,,,,
FABCBA,BR1265,BRINCOS,FB,18,"7,5","R$ 135,00",1,Produtos_Images/FABCBA.Imagem do Produto.145930.jpg,,1265,,,,,,,
D14C39,BR1266,BRINCOS,FB,9,6,"R$ 54,00",3,Produtos_Images/D14C39.Imagem do Produto.152526.jpg,,1266,,,,,,,
98F790,BR1267,BRINCOS,FB,9,"7,5","R$ 67,50",3,Produtos_Images/98F790.Imagem do Produto.153047.jpg,,1267,,,,,,,
BCD75E,BR1268,BRINCOS,FB,12,6,"R$ 72,00",2,Produtos_Images/BCD75E.Imagem do Produto.153706.jpg,,1268,,,,,,,
670EDA,BR1269,BRINCOS,FB,5,7,"R$ 35,00",4,Produtos_Images/670EDA.Imagem do Produto.154113.jpg,,1269,,,,,,,
74A38E,BR1270,BRINCOS,FB,10,"6,9","R$ 69,00",3,Produtos_Images/74A38E.Imagem do Produto.155202.jpg,,1270,,,,,,,
6642BE,BR1271,BRINCOS,FB,9,7,"R$ 63,00",3,Produtos_Images/6642BE.Imagem do Produto.160006.jpg,,1271,,,,,,,
B94F2B,BR1272,BRINCOS,FB,9,7,"R$ 63,00",2,Produtos_Images/B94F2B.Imagem do Produto.160046.jpg,,1272,,,,,,,
01A53C,CJ0208,CONJUNTOS,FB,18,8,"R$ 144,00",1,Produtos_Images/01A53C.Imagem do Produto.160958.jpg,,,,,,208,,,
322BE0,CJ0209,CONJUNTOS,FB,18,8,"R$ 144,00",1,Produtos_Images/322BE0.Imagem do Produto.161323.jpg,,,,,,209,,,
862621,CD0689,CORDÕES,FB,25,7,"R$ 175,00",2,Produtos_Images/862621.Imagem do Produto.161843.jpg,,,,,689,,,,
013DEE,CD0690,CORDÕES,FB,25,7,"R$ 175,00",1,Produtos_Images/013DEE.Imagem do Produto.161956.jpg,,,,,690,,,,
SQ13DE,CJ0210,CONJUNTOS,SF,63,4,"R$ 252,00",1,Produtos_Images/0E7869.Imagem do Produto.190122.jpg,,,,,,210,,,
52225A,CD0691,CORDÕES,DM,45,"3,95","R$ 177,75",1,Produtos_Images/52225A.Imagem do Produto.211041.jpg,,,,,691,,,,
B9594B,CD0692,CORDÕES,DM,61,4,"R$ 244,00",1,Produtos_Images/B9594B.Imagem do Produto.212219.jpg,,,,,692,,,,
5E22XS,CD0693,CORDÕES,FB,63,4,"R$ 252,00",1,Produtos_Images/5E2263.Imagem do Produto.214606.jpg,,,,,693,,,,
F3CB2D,CD0694,CORDÕES,DM,62,4,"R$ 248,00",1,Produtos_Images/F3CB2D.Imagem do Produto.214826.jpg,,,,,694,,,,
F7E158,CD0695,CORDÕES,DM,35,"3,9","R$ 136,50",2,Produtos_Images/F7E158.Imagem do Produto.215340.jpg,,,,,695,,,,
F2CD7F,CD0696,CORDÕES,DM,52,4,"R$ 208,00",1,Produtos_Images/F2CD7F.Imagem do Produto.220022.jpg,,,,,696,,,,
B13CAE,CD0697,CORDÕES,DM,63,"3,8","R$ 239,40",1,Produtos_Images/B13CAE.Imagem do Produto.220818.jpg,,,,,697,,,,
A8704D,CJ0211,CONJUNTOS,DM,54,4,"R$ 216,00",1,Produtos_Images/A8704D.Imagem do Produto.224005.jpg,,,,,698,211,,,
75DF86,CD0698,CORDÕES,DM,110,"3,5","R$ 385,00",1,Produtos_Images/75DF86.Imagem do Produto.225718.jpg,,,,,698,,,,
3D4791,CJ0212,CONJUNTOS,DM,110,"3,5","R$ 385,00",1,Produtos_Images/3D4791.Imagem do Produto.231522.jpg,,,,,,212,,,
3DA82B,CJ0213,CONJUNTOS,DM,112,"3,5","R$ 392,00",1,Produtos_Images/3DA82B.Imagem do Produto.232109.jpg,,,,,,213,,,
5409B4,BR1273,BRINCOS,DM,56,"3,5","R$ 196,00",2,Produtos_Images/5409B4.Imagem do Produto.232843.jpg,,1273,,,,,,,
2FE43E,BR1274,BRINCOS,DM,106,"3,5","R$ 371,00",1,Produtos_Images/2FE43E.Imagem do Produto.233524.jpg,,1274,,,,,,,
4986B1,BR1275,BRINCOS,DM,22,4,"R$ 88,00",1,Produtos_Images/4986B1.Imagem do Produto.233754.jpg,,1275,,,,,,,
A9C57B,BR1276,BRINCOS,DM,29,4,"R$ 116,00",1,Produtos_Images/A9C57B.Imagem do Produto.233947.jpg,,1276,,,,,,,
6B872F,BR1277,BRINCOS,DM,68,"3,7","R$ 251,60",1,Produtos_Images/6B872F.Imagem do Produto.235551.jpg,,1277,,,,,,,
CDC88A,BR1278,BRINCOS,DM,29,4,"R$ 116,00",1,Produtos_Images/CDC88A.Imagem do Produto.235813.jpg,,1278,,,,,,,
93A85E,BR1279,BRINCOS,DM,31,4,"R$ 124,00",1,Produtos_Images/93A85E.Imagem do Produto.000442.jpg,,1279,,,,,,,
861992,BR1280,BRINCOS,DM,46,4,"R$ 184,00",1,Produtos_Images/861992.Imagem do Produto.000745.jpg,,1280,,,,,,,
CG9XQ8,BR1281,BRINCOS,DM,33,4,"R$ 132,00",1,Produtos_Images/0E7075.Imagem do Produto.001033.jpg,,1281,,,,,,,
C89768,BR1282,BRINCOS,DM,22,4,"R$ 88,00",1,Produtos_Images/C89768.Imagem do Produto.001236.jpg,,1282,,,,,,,
C4A504,BR1283,BRINCOS,DM,25,"4,5","R$ 112,50",1,Produtos_Images/C4A504.Imagem do Produto.001550.jpg,,1283,,,,,,,
BF617C,BR1284,BRINCOS,DM,35,4,"R$ 140,00",1,Produtos_Images/BF617C.Imagem do Produto.001625.jpg,,1284,,,,,,,
53831E,PUL0412,PULSEIRAS,DM,45,4,"R$ 180,00",1,Produtos_Images/53831E.Imagem do Produto.001759.jpg,,1285,,412,,,,,
41D49D,BR1285,BRINCOS,WF,12,"4,5","R$ 54,00",1,Produtos_Images/41D49D.Imagem do Produto.205034.jpg,,1285,,,,,,,
8AD6AC,BR1286,BRINCOS,WF,12,"4,9","R$ 58,80",2,Produtos_Images/8AD6AC.Imagem do Produto.205920.jpg,,1286,,,,,,,
30BAD4,BR1287,BRINCOS,WF,12,6,"R$ 72,00",1,Produtos_Images/30BAD4.Imagem do Produto.211108.jpg,,1287,,,,,,,
C864CB,BR1288,BRINCOS,WF,12,6,"R$ 72,00",1,Produtos_Images/C864CB.Imagem do Produto.211653.jpg,,1288,,,,,,,
50FC9A,BR1289,BRINCOS,WF,12,"5,5","R$ 66,00",1,Produtos_Images/50FC9A.Imagem do Produto.211917.jpg,,1289,,,,,,,
835655,BR1290,BRINCOS,WF,12,"6,3","R$ 75,60",1,Produtos_Images/835655.Imagem do Produto.212317.jpg,,1290,,,,,,,
BF3B1B,BR1291,BRINCOS,WF,12,"6,5","R$ 78,00",1,Produtos_Images/BF3B1B.Imagem do Produto.212635.jpg,,1291,,,,,,,
8EC750,BR1292,BRINCOS,WF,12,6,"R$ 72,00",1,Produtos_Images/8EC750.Imagem do Produto.213823.jpg,,1292,,,,,,,
1F84DE,BR1293,BRINCOS,WF,12,"6,4","R$ 76,80",1,Produtos_Images/1F84DE.Imagem do Produto.215347.jpg,,1293,,,,,,,
B81831,BR1294,BRINCOS,WF,12,"6,3","R$ 75,60",1,Produtos_Images/B81831.Imagem do Produto.215822.jpg,,1294,,,,,,,
BCC8E8,BR1295,BRINCOS,WF,12,"6,5","R$ 78,00",1,Produtos_Images/BCC8E8.Imagem do Produto.220906.jpg,,1295,,,,,,,
8779FE,BR1296,BRINCOS,WF,12,"4,5","R$ 54,00",1,Produtos_Images/8779FE.Imagem do Produto.221325.jpg,,1296,,,,,,,
85A4BE,BR1297,BRINCOS,WF,12,"6,5","R$ 78,00",1,Produtos_Images/85A4BE.Imagem do Produto.221635.jpg,,1297,,,,,,,
F4EFCE,BR1298,BRINCOS,WF,12,"6,3","R$ 75,60",1,Produtos_Images/F4EFCE.Imagem do Produto.221954.jpg,,1298,,,,,,,
35173D,BR1299,BRINCOS,WF,12,"6,6","R$ 79,20",1,Produtos_Images/35173D.Imagem do Produto.222152.jpg,,1299,,,,,,,
80FCDA,BR1300,BRINCOS,WF,12,"5,5","R$ 66,00",1,Produtos_Images/80FCDA.Imagem do Produto.223237.jpg,,1300,,,,,,,
DF9D14,BR1301,BRINCOS,WF,"9,9",6,"R$ 59,40",3,Produtos_Images/DF9D14.Imagem do Produto.224655.jpg,,1301,,,,,,,
BF074A,BR1302,BRINCOS,WF,"9,9",6,"R$ 59,40",3,Produtos_Images/BF074A.Imagem do Produto.232308.jpg,,1302,,,,,,,
1296C7,BR1303,BRINCOS,WF,"9,9",6,"R$ 59,40",3,Produtos_Images/1296C7.Imagem do Produto.232520.jpg,,1303,,,,,,,
83BFB3,BR1304,BRINCOS,WF,11,"6,2","R$ 68,20",1,Produtos_Images/83BFB3.Imagem do Produto.232825.jpg,,1304,,,,,,,
C78C95,BR1305,BRINCOS,WF,10,"5,9","R$ 59,00",1,Produtos_Images/C78C95.Imagem do Produto.233158.jpg,,1305,,,,,,,
E84C91,BR1306,BRINCOS,WF,"10,5",6,"R$ 63,00",1,Produtos_Images/E84C91.Imagem do Produto.233243.jpg,,1306,,,,,,,
89E11C,BR1307,BRINCOS,WF,12,"6,2","R$ 74,40",1,Produtos_Images/89E11C.Imagem do Produto.233600.jpg,,1307,,,,,,,
B7FC16,BR1308,BRINCOS,WF,11,6,"R$ 66,00",1,Produtos_Images/B7FC16.Imagem do Produto.233818.jpg,,1308,,,,,,,
F03678,BR1309,BRINCOS,WF,"10,5",6,"R$ 63,00",1,Produtos_Images/F03678.Imagem do Produto.234016.jpg,,1309,,,,,,,
B48307,BR1310,BRINCOS,WF,11,6,"R$ 66,00",1,Produtos_Images/B48307.Imagem do Produto.234233.jpg,,1310,,,,,,,
78101C,BR1311,BRINCOS,WF,12,6,"R$ 72,00",1,Produtos_Images/78101C.Imagem do Produto.234452.jpg,,1311,,,,,,,
9FE0FC,BR1312,BRINCOS,WF,"11,5",6,"R$ 69,00",1,Produtos_Images/9FE0FC.Imagem do Produto.234645.jpg,,1312,,,,,,,
B5623C,BR1313,BRINCOS,WF,13,6,"R$ 78,00",1,Produtos_Images/B5623C.Imagem do Produto.234759.jpg,,1313,,,,,,,
23BCAA,BR1314,BRINCOS,WF,11,6,"R$ 66,00",1,Produtos_Images/23BCAA.Imagem do Produto.235231.jpg,,1314,,,,,,,
D3691F,BR1315,BRINCOS,WF,13,6,"R$ 78,00",2,Produtos_Images/D3691F.Imagem do Produto.235334.jpg,,1315,,,,,,,
E66148,BR1316,BRINCOS,WF,"11,5",6,"R$ 69,00",2,Produtos_Images/E66148.Imagem do Produto.235540.jpg,,1316,,,,,,,
3CFBFF,BR1317,BRINCOS,WF,"10,9",6,"R$ 65,40",1,Produtos_Images/3CFBFF.Imagem do Produto.235813.jpg,,1317,,,,,,,
7F9F3A,BR1318,BRINCOS,WF,12,6,"R$ 72,00",1,Produtos_Images/7F9F3A.Imagem do Produto.000033.jpg,,1318,,,,,,,
A66218,BR1319,BRINCOS,WF,12,6,"R$ 72,00",1,Produtos_Images/A66218.Imagem do Produto.000321.jpg,,1319,,,,,,,
CC3976,BR1320,BRINCOS,WF,"9,9",6,"R$ 59,40",1,Produtos_Images/CC3976.Imagem do Produto.000520.jpg,,1320,,,,,,,
1A2E27,BR1321,BRINCOS,WF,11,6,"R$ 66,00",1,Produtos_Images/1A2E27.Imagem do Produto.000721.jpg,,1321,,,,,,,
41E01C,BR1322,BRINCOS,WF,11,6,"R$ 66,00",1,Produtos_Images/41E01C.Imagem do Produto.000928.jpg,,1322,,,,,,,
E75616,BR1323,BRINCOS,WF,11,"6,5","R$ 71,50",2,Produtos_Images/E75616.Imagem do Produto.001207.jpg,,1323,,,,,,,
121460,BR1324,BRINCOS,WF,12,"6,5","R$ 78,00",1,Produtos_Images/121460.Imagem do Produto.001446.jpg,,1324,,,,,,,
B1503C,BR1325,BRINCOS,WF,"9,5",6,"R$ 57,00",1,Produtos_Images/B1503C.Imagem do Produto.002948.jpg,,1325,,,,,,,
J7NQ3X,BR1326,BRINCOS,WF,9,6,"R$ 54,00",1,Produtos_Images/0735E4.Imagem do Produto.003152.jpg,,1326,,,,,,,
C9BE2F,BR1327,BRINCOS,WF,9,6,"R$ 54,00",1,Produtos_Images/C9BE2F.Imagem do Produto.003535.jpg,,1327,,,,,,,
1C076D,BR1328,BRINCOS,WF,"9,5",6,"R$ 57,00",1,Produtos_Images/1C076D.Imagem do Produto.003834.jpg,,1328,,,,,,,
16520C,BR1329,BRINCOS,WF,"9,5",6,"R$ 57,00",1,Produtos_Images/16520C.Imagem do Produto.004003.jpg,,1329,,,,,,,
E4252B,BR1330,BRINCOS,WF,"9,3",6,"R$ 55,80",1,Produtos_Images/E4252B.Imagem do Produto.004223.jpg,,1330,,,,,,,
209928,BR1331,BRINCOS,WF,9,6,"R$ 54,00",1,Produtos_Images/209928.Imagem do Produto.004406.jpg,,1331,,,,,,,
0F2C21,BR1332,BRINCOS,WF,9,6,"R$ 54,00",1,Produtos_Images/0F2C21.Imagem do Produto.004531.jpg,,1332,,,,,,,
00CEC3,BR1333,BRINCOS,WF,9,6,"R$ 54,00",1,Produtos_Images/00CEC3.Imagem do Produto.004748.jpg,,1333,,,,,,,
E174A0,BR1334,BRINCOS,WF,9,"6,5","R$ 58,50",1,Produtos_Images/E174A0.Imagem do Produto.005047.jpg,,1334,,,,,,,
0431A9,BR1335,BRINCOS,WF,9,5,"R$ 45,00",1,Produtos_Images/0431A9.Imagem do Produto.005234.jpg,,1335,,,,,,,
1CC384,BR1336,BRINCOS,WF,9,6,"R$ 54,00",1,Produtos_Images/1CC384.Imagem do Produto.005415.jpg,,1336,,,,,,,
C8999A,BR1337,BRINCOS,WF,"9,5",6,"R$ 57,00",1,Produtos_Images/C8999A.Imagem do Produto.005608.jpg,,1337,,,,,,,
ECD98A,BR1338,BRINCOS,WF,"9,3",6,"R$ 55,80",1,Produtos_Images/ECD98A.Imagem do Produto.005800.jpg,,1338,,,,,,,
DD8FBA,BR1339,BRINCOS,WF,"9,3",6,"R$ 55,80",1,Produtos_Images/DD8FBA.Imagem do Produto.005926.jpg,,1339,,,,,,,
D1E37B,BR1340,BRINCOS,WF,"9,5",6,"R$ 57,00",1,Produtos_Images/D1E37B.Imagem do Produto.010046.jpg,,1340,,,,,,,
5118C9,BR1341,BRINCOS,WF,9,6,"R$ 54,00",1,Produtos_Images/5118C9.Imagem do Produto.010310.jpg,,1341,,,,,,,
7176FE,BR1342,BRINCOS,Wf,"9,5",6,"R$ 57,00",1,Produtos_Images/7176FE.Imagem do Produto.232951.jpg,,1342,,,,,,,
DA0333,BR1343,BRINCOS,WF,9,6,"R$ 54,00",1,Produtos_Images/DA0333.Imagem do Produto.233215.jpg,,1343,,,,,,,
CD39F6,BR1344,BRINCOS,Wf,9,"6,5","R$ 58,50",1,Produtos_Images/CD39F6.Imagem do Produto.233517.jpg,,1344,,,,,,,
B30538,BR1345,BRINCOS,Wf,9,"5,5","R$ 49,50",1,Produtos_Images/B30538.Imagem do Produto.233622.jpg,,1345,,,,,,,
A9EAA0,BR1346,BRINCOS,WF,9,"5,6","R$ 50,40",1,Produtos_Images/A9EAA0.Imagem do Produto.233922.jpg,,1346,,,,,,,
68E55F,BR1347,BRINCOS,WF,11,6,"R$ 66,00",1,Produtos_Images/68E55F.Imagem do Produto.234104.jpg,,1347,,,,,,,
F210EB,BR1348,BRINCOS,WF,9,6,"R$ 54,00",1,Produtos_Images/F210EB.Imagem do Produto.234234.jpg,,1348,,,,,,,
E949B2,BR1349,BRINCOS,WF,"9,3",6,"R$ 55,80",1,Produtos_Images/E949B2.Imagem do Produto.234312.jpg,,1349,,,,,,,
0EE6A5,BR1350,BRINCOS,WF,"9,5",6,"R$ 57,00",1,Produtos_Images/0EE6A5.Imagem do Produto.234708.jpg,,1350,,,,,,,
9F6C14,BR1351,BRINCOS,WF,11,6,"R$ 66,00",1,Produtos_Images/9F6C14.Imagem do Produto.234857.jpg,,1351,,,,,,,
FDBD27,BR1352,BRINCOS,WF,11,6,"R$ 66,00",1,Produtos_Images/FDBD27.Imagem do Produto.235105.jpg,,1352,,,,,,,
2562C9,BR1353,BRINCOS,WF,12,"6,5","R$ 78,00",1,Produtos_Images/2562C9.Imagem do Produto.235307.jpg,,1353,,,,,,,
D10251,BR1354,BRINCOS,WF,13,6,"R$ 78,00",1,Produtos_Images/D10251.Imagem do Produto.235424.jpg,,1354,,,,,,,
2DCA3F,BR1355,BRINCOS,WF,14,6,"R$ 84,00",1,Produtos_Images/2DCA3F.Imagem do Produto.235722.jpg,,1355,,,,,,,
B55752,BR1356,BRINCOS,WF,13,6,"R$ 78,00",1,Produtos_Images/B55752.Imagem do Produto.235755.jpg,,1356,,,,,,,
CD532A,BR1357,BRINCOS,WF,14,6,"R$ 84,00",2,Produtos_Images/CD532A.Imagem do Produto.235919.jpg,,1357,,,,,,,
E72981,BR1358,BRINCOS,WF,14,6,"R$ 84,00",1,Produtos_Images/E72981.Imagem do Produto.000055.jpg,,1358,,,,,,,
454BD8,BR1359,BRINCOS,WF,11,6,"R$ 66,00",1,Produtos_Images/454BD8.Imagem do Produto.000351.jpg,,1359,,,,,,,
5A7C85,BR1360,BRINCOS,WF,"9,9",6,"R$ 59,40",1,Produtos_Images/5A7C85.Imagem do Produto.000521.jpg,,1360,,,,,,,
EB7417,BR1361,BRINCOS,WF,11,6,"R$ 66,00",2,Produtos_Images/EB7417.Imagem do Produto.000647.jpg,,1361,,,,,,,
807112,BR1362,BRINCOS,WF,11,6,"R$ 66,00",1,Produtos_Images/807112.Imagem do Produto.000919.jpg,,1362,,,,,,,
0B46A3,BR1363,BRINCOS,WF,"8,7","6,5","R$ 56,55",1,Produtos_Images/0B46A3.Imagem do Produto.002201.jpg,,1363,,,,,,,
467458,BR1364,BRINCOS,WF,"8,7",7,"R$ 60,90",1,Produtos_Images/467458.Imagem do Produto.002405.jpg,,1364,,,,,,,
ECA730,BR1365,BRINCOS,WF,"8,7",7,"R$ 60,90",1,Produtos_Images/ECA730.Imagem do Produto.002846.jpg,,1365,,,,,,,
2FC595,BR1366,BRINCOS,WF,"8,7","6,5","R$ 56,55",1,Produtos_Images/2FC595.Imagem do Produto.003048.jpg,,1366,,,,,,,
BC8AD0,BR1367,BRINCOS,WF,"8,7",7,"R$ 60,90",2,Produtos_Images/BC8AD0.Imagem do Produto.003624.jpg,,1367,,,,,,,
B450E2,BR1368,BRINCOS,WF,"8,7","6,8","R$ 59,16",1,Produtos_Images/B450E2.Imagem do Produto.003841.jpg,,1368,,,,,,,
CD7607,BR1369,BRINCOS,WF,"8,7","7,5","R$ 65,25",1,Produtos_Images/CD7607.Imagem do Produto.004049.jpg,,1369,,,,,,,
079B2C,BR1370,BRINCOS,WF,"8,7","7,5","R$ 65,25",1,Produtos_Images/079B2C.Imagem do Produto.004242.jpg,,1370,,,,,,,
B0C8BB,BR1371,BRINCOS,WF,"8,7","7,8","R$ 67,86",1,Produtos_Images/B0C8BB.Imagem do Produto.004453.jpg,,1371,,,,,,,
3794F5,BR1372,BRINCOS,WF,"8,7","6,8","R$ 59,16",1,Produtos_Images/3794F5.Imagem do Produto.004653.jpg,,1372,,,,,,,
690187,BR1373,BRINCOS,WF,"8,7",7,"R$ 60,90",1,Produtos_Images/690187.Imagem do Produto.004931.jpg,,1373,,,,,,,
B47EE2,BR1374,BRINCOS,WF,"8,7",5,"R$ 43,50",1,Produtos_Images/B47EE2.Imagem do Produto.005348.jpg,,1374,,,,,,,
648FC8,BR1375,BRINCOS,WF,"8,7",6,"R$ 52,20",1,Produtos_Images/648FC8.Imagem do Produto.005627.jpg,,1375,,,,,,,
E482E3,BR1376,BRINCOS,WF,"8,7",6,"R$ 52,20",1,Produtos_Images/E482E3.Imagem do Produto.005928.jpg,,1376,,,,,,,
4E66C7,BR1377,BRINCOS,WF,"8,7",6,"R$ 52,20",1,Produtos_Images/4E66C7.Imagem do Produto.010052.jpg,,1377,,,,,,,
2EAE2F,BR1378,BRINCOS,WF,"8,7",6,"R$ 52,20",1,Produtos_Images/2EAE2F.Imagem do Produto.010525.jpg,,1378,,,,,,,
4BDAB6,BR1379,BRINCOS,WF,"8,7",6,"R$ 52,20",1,Produtos_Images/4BDAB6.Imagem do Produto.010614.jpg,,1379,,,,,,,
5C9561,PUL0413,PULSEIRAS,WF,11,"6,5","R$ 71,50",1,Produtos_Images/5C9561.Imagem do Produto.011330.jpg,,,,413,,,,,
356E7C,PUL0414,PULSEIRAS,WF,12,"6,5","R$ 78,00",1,Produtos_Images/356E7C.Imagem do Produto.011404.jpg,,,,414,,,,,
BADD3B,PUL0415,PULSEIRAS,WF,12,"6,5","R$ 78,00",1,Produtos_Images/BADD3B.Imagem do Produto.011618.jpg,,,,415,,,,,
ACE5E0,PUL0416,PULSEIRAS,WF,11,"6,5","R$ 71,50",1,Produtos_Images/ACE5E0.Imagem do Produto.011731.jpg,,,,416,,,,,
434118,PUL0417,PULSEIRAS,WF,12,6,"R$ 72,00",1,Produtos_Images/434118.Imagem do Produto.011809.jpg,,,,417,,,,,
4D00D8,PUL0418,PULSEIRAS,WF,11,"6,5","R$ 71,50",1,Produtos_Images/4D00D8.Imagem do Produto.012037.jpg,,,,418,,,,,
B62782,PUL0419,PULSEIRAS,Wf,11,6,"R$ 66,00",1,Produtos_Images/B62782.Imagem do Produto.012107.jpg,,,,419,,,,,
A18A25,PUL0420,PULSEIRAS,WF,11,6,"R$ 66,00",1,Produtos_Images/A18A25.Imagem do Produto.012251.jpg,,,,420,,,,,
1059FF,BR1380,BRINCOS,WF,12,6,"R$ 72,00",1,Produtos_Images/1059FF.Imagem do Produto.012814.jpg,,1380,,,,,,,
CA896C,BR1381,BRINCOS,WF,"6,9","6,5","R$ 44,85",4,Produtos_Images/CA896C.Imagem do Produto.014009.jpg,,1381,,,,,,,
D4074A,BR1382,BRINCOS,WF,6,6,"R$ 36,00",1,Produtos_Images/D4074A.Imagem do Produto.014217.jpg,,1382,,,,,,,
FC071D,BR1383,BRINCOS,WF,"6,6",6,"R$ 39,60",0,Produtos_Images/FC071D.Imagem do Produto.014437.jpg,,1383,,,,,,,
D5B90A,BR1384,BRINCOS,WF,"6,7",6,"R$ 40,20",1,Produtos_Images/D5B90A.Imagem do Produto.014537.jpg,,1384,,,,,,,
7D4A7E,BR1385,BRINCOS,Wf,"6,7","6,5","R$ 43,55",1,Produtos_Images/7D4A7E.Imagem do Produto.014733.jpg,,1385,,,,,,,
6402C0,BR1386,BRINCOS,WF,7,6,"R$ 42,00",1,Produtos_Images/6402C0.Imagem do Produto.014901.jpg,,1386,,,,,,,
DCD747,BR1387,BRINCOS,WF,7,6,"R$ 42,00",1,Produtos_Images/DCD747.Imagem do Produto.015058.jpg,,1387,,,,,,,
E36E08,BR1388,BRINCOS,WF,7,6,"R$ 42,00",1,Produtos_Images/E36E08.Imagem do Produto.015205.jpg,,1388,,,,,,,
B8DD48,BR1389,BRINCOS,WF,7,6,"R$ 42,00",1,Produtos_Images/B8DD48.Imagem do Produto.015454.jpg,,1389,,,,,,,
A7B98A,BR1390,BRINCOS,WF,6,6,"R$ 36,00",1,Produtos_Images/A7B98A.Imagem do Produto.015652.jpg,,1390,,,,,,,
9876F0,BR1391,BRINCOS,WF,7,6,"R$ 42,00",1,Produtos_Images/9876F0.Imagem do Produto.015737.jpg,,1391,,,,,,,
6CFD25,CJ0214,CONJUNTOS,WF,172,"3,48","R$ 598,56",1,Produtos_Images/6CFD25.Imagem do Produto.020957.jpg,,,,,,214,,,
BD10FB,CD0699,CORDÕES,WF,13,6,"R$ 78,00",1,Produtos_Images/BD10FB.Imagem do Produto.143251.jpg,,,,,699,,,,
BD199F,CD0700,CORDÕES,WF,"16,9","3,55","R$ 60,00",25,Produtos_Images/BD199F.Imagem do Produto.143931.jpg,,,,,700,,,,
D65133,BR1392,BRINCOS,WF,7,"6,5","R$ 45,50",1,Produtos_Images/D65133.Imagem do Produto.182326.jpg,,1392,,,701,,,,
C759DA,BR1393,BRINCOS,WF,4,6,"R$ 24,00",2,Produtos_Images/C759DA.Imagem do Produto.182832.jpg,,1393,,,,,,,
6D1B48,BR1394,BRINCOS,WF,6,6,"R$ 36,00",1,Produtos_Images/6D1B48.Imagem do Produto.183603.jpg,,1394,,,,,,,
9BB3BD,BR1395,BRINCOS,WF,6,6,"R$ 36,00",1,Produtos_Images/9BB3BD.Imagem do Produto.183710.jpg,,1395,,,,,,,
91280A,BR1396,BRINCOS,WF,7,6,"R$ 42,00",2,Produtos_Images/91280A.Imagem do Produto.184051.jpg,,1396,,,,,,,
3ACC1F,BR1397,BRINCOS,WF,7,6,"R$ 42,00",2,Produtos_Images/3ACC1F.Imagem do Produto.184650.jpg,,1397,,,,,,,
046BE1,BR1398,BRINCOS,WF,4,6,"R$ 24,00",1,Produtos_Images/046BE1.Imagem do Produto.184728.jpg,,1398,,,,,,,
14E1AC,BR1399,BRINCOS,WF,4,6,"R$ 24,00",1,Produtos_Images/14E1AC.Imagem do Produto.185320.jpg,,1399,,,,,,,
26260A,BR1400,BRINCOS,WF,15,"5,9","R$ 88,50",1,Produtos_Images/26260A.Imagem do Produto.185639.jpg,,1400,,,,,,,
C0738E,BR1401,BRINCOS,WF,11,6,"R$ 66,00",1,Produtos_Images/C0738E.Imagem do Produto.191236.jpg,,1401,,,,,,,
66D50B,BR1402,BRINCOS,WF,19,6,"R$ 114,00",1,Produtos_Images/66D50B.Imagem do Produto.191407.jpg,,1402,,,,,,,
52A45D,BR1403,BRINCOS,WF,"19,9",6,"R$ 119,40",1,Produtos_Images/52A45D.Imagem do Produto.192156.jpg,,1403,,,,,,,
1E6207,BR1404,BRINCOS,WF,"9,9",6,"R$ 59,40",1,Produtos_Images/1E6207.Imagem do Produto.195128.jpg,,1404,,,,,,,
395C56,CJ0215,CONJUNTOS,WF,"29,9",6,"R$ 179,40",1,Produtos_Images/395C56.Imagem do Produto.200424.jpg,,,,,,215,,,
C8AE32,CJ0216,CONJUNTOS,WF,"29,9",6,"R$ 179,40",1,Produtos_Images/C8AE32.Imagem do Produto.200527.jpg,,,,,,216,,,
5B74A8,CJ0217,CONJUNTOS,WF,"33,99",5,"R$ 169,95",1,Produtos_Images/5B74A8.Imagem do Produto.201147.jpg,,,,,,217,,,
AA695F,CJ0218,CONJUNTOS,WF,"33,9","5,8","R$ 196,62",2,Produtos_Images/AA695F.Imagem do Produto.201728.jpg,,,,,,218,,,
6D4714,CJ0219,CONJUNTOS,WF,47,5,"R$ 235,00",1,Produtos_Images/6D4714.Imagem do Produto.202148.jpg,,,,,,219,,,
AE3F68,CJ0220,CONJUNTOS,WF,42,"5,5","R$ 231,00",1,Produtos_Images/AE3F68.Imagem do Produto.203219.jpg,,,,,,220,,,
FD61EE,BR1405,BRINCOS,WF,9,6,"R$ 54,00",1,Produtos_Images/FD61EE.Imagem do Produto.204752.jpg,,1405,,,,,,,
0D26EF,BR1406,BRINCOS,WF,9,"6,9","R$ 62,10",1,Produtos_Images/0D26EF.Imagem do Produto.205024.jpg,,1406,,,,,,,
69F44E,BR1407,BRINCOS,WF,9,"6,5","R$ 58,50",1,Produtos_Images/69F44E.Imagem do Produto.205217.jpg,,1407,,,,,,,
A600B5,BR1408,BRINCOS,WF,9,"6,5","R$ 58,50",1,Produtos_Images/A600B5.Imagem do Produto.205426.jpg,,1408,,,,,,,
82ACBF,BR1409,BRINCOS,WF,9,8,"R$ 72,00",1,Produtos_Images/82ACBF.Imagem do Produto.205507.jpg,,1409,,,,,,,
EFC1B2,BR1410,BRINCOS,WF,9,"5,5","R$ 49,50",1,Produtos_Images/EFC1B2.Imagem do Produto.205824.jpg,,1410,,,,,,,
D0C0DC,BR1411,BRINCOS,WF,9,"6,5","R$ 58,50",1,Produtos_Images/D0C0DC.Imagem do Produto.210055.jpg,,1411,,,,,,,
1A8A02,BR1412,BRINCOS,WF,9,"6,5","R$ 58,50",1,Produtos_Images/1A8A02.Imagem do Produto.210355.jpg,,1412,,,,,,,
454273,BR1413,BRINCOS,WF,9,6,"R$ 54,00",1,Produtos_Images/454273.Imagem do Produto.210456.jpg,,1413,,,,,,,
34FD67,BR1414,BRINCOS,WF,9,6,"R$ 54,00",1,Produtos_Images/34FD67.Imagem do Produto.210624.jpg,,1414,,,,,,,
0DE0AF,BR1415,BRINCOS,WF,9,"5,5","R$ 49,50",1,Produtos_Images/0DE0AF.Imagem do Produto.210922.jpg,,1415,,,,,,,
1C30EF,BR1416,BRINCOS,WF,9,"5,5","R$ 49,50",1,Produtos_Images/1C30EF.Imagem do Produto.211137.jpg,,1416,,,,,,,
9263F6,BR1417,BRINCOS,WF,9,5,"R$ 45,00",1,Produtos_Images/9263F6.Imagem do Produto.211211.jpg,,1417,,,,,,,
CBFFDA,BR1418,BRINCOS,WF,9,6,"R$ 54,00",1,Produtos_Images/CBFFDA.Imagem do Produto.211345.jpg,,1418,,,,,,,
0EB388,BR1419,BRINCOS,WF,9,6,"R$ 54,00",1,Produtos_Images/0EB388.Imagem do Produto.211440.jpg,,1419,,,,,,,
460CC5,BR1420,BRINCOS,WF,9,"5,5","R$ 49,50",1,Produtos_Images/460CC5.Imagem do Produto.211533.jpg,,1420,,,,,,,
E09E6B,BR1421,BRINCOS,WF,9,"5,5","R$ 49,50",1,Produtos_Images/E09E6B.Imagem do Produto.211732.jpg,,1421,,,,,,,
07435B,BR1422,BRINCOS,WF,9,5,"R$ 45,00",1,Produtos_Images/07435B.Imagem do Produto.211909.jpg,,1422,,,,,,,
174FB5,BR1423,BRINCOS,WF,9,6,"R$ 54,00",2,Produtos_Images/174FB5.Imagem do Produto.212149.jpg,,1423,,,,,,,
BE7B79,BR1424,BRINCOS,WF,9,6,"R$ 54,00",1,Produtos_Images/BE7B79.Imagem do Produto.212217.jpg,,1424,,,,,,,
1C5JRX,BR1425,BRINCOS,WF,9,6,"R$ 54,00",1,Produtos_Images/3957E2.Imagem do Produto.212524.jpg,,1425,,,,,,,
8C5B87,BR1426,BRINCOS,WF,9,6,"R$ 54,00",1,Produtos_Images/8C5B87.Imagem do Produto.212643.jpg,,1426,,,,,,,
DE5D8A,BR1427,BRINCOS,WF,9,6,"R$ 54,00",1,Produtos_Images/DE5D8A.Imagem do Produto.212848.jpg,,1427,,,,,,,
AAC2E1,BR1428,BRINCOS,WF,9,6,"R$ 54,00",1,Produtos_Images/AAC2E1.Imagem do Produto.213022.jpg,,1428,,,,,,,
3FD6B4,BR1429,BRINCOS,WF,9,35,"R$ 315,00",1,Produtos_Images/3FD6B4.Imagem do Produto.213050.jpg,,1429,,,,,,,
90DFD2,BR1430,BRINCOS,JN,4,6,"R$ 24,00",1,Produtos_Images/90DFD2.Imagem do Produto.003759.jpg,,1430,,,,,,,
A18F64,BR1431,BRINCOS,JN,4,8,"R$ 32,00",1,Produtos_Images/A18F64.Imagem do Produto.115406.jpg,,1431,,,,,,,
3A2B15,BR1432,BRINCOS,JN,4,6,"R$ 24,00",1,Produtos_Images/3A2B15.Imagem do Produto.115658.jpg,,1432,,,,,,,
E36FE4,BR1433,BRINCOS,JN,4,8,"R$ 32,00",1,Produtos_Images/E36FE4.Imagem do Produto.115931.jpg,,1433,,,,,,,
D3C550,BR1434,BRINCOS,JN,4,"6,5","R$ 26,00",1,Produtos_Images/D3C550.Imagem do Produto.121331.jpg,,1434,,,,,,,
24FB76,BR1435,BRINCOS,JN,4,"6,5","R$ 26,00",1,Produtos_Images/24FB76.Imagem do Produto.121659.jpg,,1435,,,,,,,
C6CE07,BR1436,BRINCOS,JN,4,"6,5","R$ 26,00",1,Produtos_Images/C6CE07.Imagem do Produto.121751.jpg,,1436,,,,,,,
57DAF0,BR1437,BRINCOS,JN,4,8,"R$ 32,00",1,Produtos_Images/57DAF0.Imagem do Produto.122123.jpg,,1437,,,,,,,
FAC3B4,BR1438,BRINCOS,JN,4,7,"R$ 28,00",1,Produtos_Images/FAC3B4.Imagem do Produto.122454.jpg,,1438,,,,,,,
57F84D,BR1439,BRINCOS,JN,4,7,"R$ 28,00",1,Produtos_Images/57F84D.Imagem do Produto.123236.jpg,,1439,,,,,,,
4FBE3D,BR1440,BRINCOS,JN,4,7,"R$ 28,00",1,Produtos_Images/4FBE3D.Imagem do Produto.123328.jpg,,1440,,,,,,,
192E4E,BR1441,BRINCOS,JN,4,7,"R$ 28,00",1,Produtos_Images/192E4E.Imagem do Produto.123518.jpg,,1441,,,,,,,
AB531C,BR1442,BRINCOS,JN,4,7,"R$ 28,00",2,Produtos_Images/AB531C.Imagem do Produto.123745.jpg,,1442,,,,,,,
74794C,BR1443,BRINCOS,JN,4,7,"R$ 28,00",2,Produtos_Images/74794C.Imagem do Produto.124144.jpg,,1443,,,,,,,
CA1574,BR1444,BRINCOS,JN,9,6,"R$ 54,00",1,Produtos_Images/CA1574.Imagem do Produto.124359.jpg,,1444,,,,,,,
81F599,BR1445,BRINCOS,JN,12,"5,5","R$ 66,00",3,Produtos_Images/81F599.Imagem do Produto.124749.jpg,,1445,,,,,,,
9BAE36,BR1446,BRINCOS,JN,9,"7,5","R$ 67,50",1,Produtos_Images/9BAE36.Imagem do Produto.125318.jpg,,1446,,,,,,,
5D1CEF,BR1447,BRINCOS,JN,9,8,"R$ 72,00",3,Produtos_Images/5D1CEF.Imagem do Produto.125401.jpg,,1447,,,,,,,
D3E034,BR1448,BRINCOS,JN,72,4,"R$ 288,00",1,Produtos_Images/D3E034.Imagem do Produto.130330.jpg,,1448,,,,,,,
56C07E,BR1449,BRINCOS,JN,27,4,"R$ 108,00",1,Produtos_Images/56C07E.Imagem do Produto.130547.jpg,,1449,,,,,,,
7C13D5,BR1450,BRINCOS,JN,16,4,"R$ 64,00",1,Produtos_Images/7C13D5.Imagem do Produto.131221.jpg,,1450,,,,,,,
DDC501,BR1451,BRINCOS,JN,19,4,"R$ 76,00",1,Produtos_Images/DDC501.Imagem do Produto.131452.jpg,,1451,,,,,,,
2F8912,BR1452,BRINCOS,JN,"13,5",4,"R$ 54,00",1,Produtos_Images/2F8912.Imagem do Produto.131527.jpg,,1452,,,,,,,
09F822,BR1453,BRINCOS,JN,"29,6",4,"R$ 118,40",1,Produtos_Images/09F822.Imagem do Produto.131834.jpg,,1453,,,,,,,
08EAFC,BR1454,BRINCOS,JN,26,4,"R$ 104,00",1,Produtos_Images/08EAFC.Imagem do Produto.133105.jpg,,1454,,,,,,,
E5B489,PUL0421,PULSEIRAS,JN,21,"4,5","R$ 94,50",1,Produtos_Images/E5B489.Imagem do Produto.163025.jpg,,,,421,,,,,
F80EBF,PUL0422,PULSEIRAS,JN,25,"3,9","R$ 97,50",1,Produtos_Images/F80EBF.Imagem do Produto.164405.jpg,,,,422,,,,,
B0A4E1,PUL0423,PULSEIRAS,JN,"29,5",4,"R$ 118,00",1,Produtos_Images/B0A4E1.Imagem do Produto.164638.jpg,,,,423,,,,,
EE4408,CD0701,CORDÕES,JN,"37,6","4,2","R$ 157,92",5,Produtos_Images/EE4408.Imagem do Produto.165238.jpg,,,,,701,,,,
776227,CD0702,CORDÕES,JN,51,"3,5","R$ 178,50",4,Produtos_Images/776227.Imagem do Produto.165420.jpg,,,,,702,,,,
C4021A,CD0703,CORDÕES,JN,35,"4,3","R$ 150,50",3,Produtos_Images/C4021A.Imagem do Produto.165711.jpg,,,,,703,,,,
C4D97C,CD0704,CORDÕES,JN,55,"3,5","R$ 192,50",1,Produtos_Images/C4D97C.Imagem do Produto.165859.jpg,,,,,704,,,,
03A31F,CD0705,CORDÕES,JN,31,5,"R$ 155,00",1,Produtos_Images/03A31F.Imagem do Produto.171515.jpg,,,,,705,,,,
6EEC65,CD0706,CORDÕES,JN,"29,5","4,5","R$ 132,75",1,Produtos_Images/6EEC65.Imagem do Produto.171647.jpg,,,,,706,,,,
3ED507,CD0707,CORDÕES,JN,"15,7","3,55","R$ 55,74",100,Produtos_Images/3ED507.Imagem do Produto.172010.jpg,,,,,707,,,,
90E2C8,AN0383,ANÉIS,JN,52,"3,84","R$ 199,68",2,Produtos_Images/90E2C8.Imagem do Produto.204352.jpg,,,383,,,,,,
HGE1CX,AN0384,ANÉIS,JN,55,"3,6","R$ 198,00",2,Produtos_Images/213E84.Imagem do Produto.210959.jpg,,,384,,,,,,
10BDD3,AN0385,ANÉIS,JN,41,4,"R$ 164,00",2,Produtos_Images/10BDD3.Imagem do Produto.211405.jpg,,,385,,,,,,
8887FF,AN0386,ANÉIS,JN,"39,2",4,"R$ 156,80",2,Produtos_Images/8887FF.Imagem do Produto.211552.jpg,,,386,,,,,,
64FEF4,AN0387,ANÉIS,JN,"66,8","3,5","R$ 233,80",2,Produtos_Images/64FEF4.Imagem do Produto.211923.jpg,,,387,,,,,,
481DCC,AN0388,ANÉIS,JN,67,"3,59","R$ 240,53",2,Produtos_Images/481DCC.Imagem do Produto.212540.jpg,,,388,,,,,,
BA9FEE,AN0389,ANÉIS,JN,"39,2",4,"R$ 156,80",2,Produtos_Images/BA9FEE.Imagem do Produto.212854.jpg,,,389,,,,,,
18F929,AN0390,ANÉIS,JN,"45,6",4,"R$ 182,40",2,Produtos_Images/18F929.Imagem do Produto.213020.jpg,,,390,,,,,,
3B71B6,AN0391,ANÉIS,JN,32,4,"R$ 128,00",2,Produtos_Images/3B71B6.Imagem do Produto.213704.jpg,,,391,,,,,,
1C0A19,AN0392,ANÉIS,JN,"54,8",4,"R$ 219,20",2,Produtos_Images/1C0A19.Imagem do Produto.213916.jpg,,,392,,,,,,
584C4E,CD0708,CORDÕES,JN,"29,2","4,5","R$ 131,40",1,Produtos_Images/584C4E.Imagem do Produto.214559.jpg,,,,,708,,,,
D54669,BR1455,BRINCOS,WF,4,5,"R$ 20,00",1,Produtos_Images/D54669.Imagem do Produto.220106.jpg,,1455,,,,,,,
0DBAE5,CD0709,CORDÕES,JN,21,5,"R$ 105,00",6,Produtos_Images/0DBAE5.Imagem do Produto.132344.jpg,,,,,709,,,,
347D69,CD0710,CORDÕES,WF,25,"5,5","R$ 137,50",1,Produtos_Images/347D69.Imagem do Produto.171823.jpg,,,,,710,,,,
518172,CD0711,CORDÕES,WF,22,"5,5","R$ 121,00",2,Produtos_Images/518172.Imagem do Produto.172137.jpg,,,,,711,,,,
E9284D,CD0712,CORDÕES,WF,23,6,"R$ 138,00",1,Produtos_Images/E9284D.Imagem do Produto.172509.jpg,,,,,712,,,,
010F0B,CD0713,CORDÕES,JL,33,5,"R$ 165,00",1,Produtos_Images/010F0B.Imagem do Produto.172658.jpg,,,,,713,,,,
44ABC3,CD0714,CORDÕES,JN,16,5,"R$ 80,00",1,Produtos_Images/44ABC3.Imagem do Produto.172827.jpg,,,,,714,,,,
B767D7,CD0715,CORDÕES,MO,43,"3,5","R$ 150,50",1,Produtos_Images/B767D7.Imagem do Produto.175101.jpg,,,,,715,,,,
99829A,CD0716,CORDÕES,TP,66,3,"R$ 198,00",1,Produtos_Images/99829A.Imagem do Produto.175532.jpg,,,,,716,,,,
EAFB8B,CD0717,CORDÕES,TP,48,3,"R$ 144,00",1,Produtos_Images/EAFB8B.Imagem do Produto.175729.jpg,,,,,717,,,,
CE713E,PUL0424,PULSEIRAS,JL,"39,5","3,5","R$ 138,25",1,Produtos_Images/CE713E.Imagem do Produto.180339.jpg,,,,424,,,,,
6DDB11,BR1456,BRINCOS,JN,19,5,"R$ 95,00",1,Produtos_Images/6DDB11.Imagem do Produto.182626.jpg,,1456,,,,,,,
6E2D47,BR1457,BRINCOS,JN,9,7,"R$ 63,00",3,Produtos_Images/6E2D47.Imagem do Produto.183113.jpg,,1457,,,,,,,
AAD3F9,BR1458,BRINCOS,JN,19,6,"R$ 114,00",1,Produtos_Images/AAD3F9.Imagem do Produto.183427.jpg,,1458,,,,,,,
B26C0E,BR1459,BRINCOS,JN,19,6,"R$ 114,00",1,Produtos_Images/B26C0E.Imagem do Produto.183614.jpg,,1459,,,,,,,
A45019,BR1460,BRINCOS,JN,19,"6,5","R$ 123,50",1,Produtos_Images/A45019.Imagem do Produto.183833.jpg,,1460,,,,,,,
6E489X,BR1461,BRINCOS,JN,15,7,"R$ 105,00",1,Produtos_Images/6E4898.Imagem do Produto.184101.jpg,,1461,,,,,,,
FCE57D,BR1462,BRINCOS,JN,19,"6,6","R$ 125,40",1,Produtos_Images/FCE57D.Imagem do Produto.184142.jpg,,1462,,,,,,,
B7397D,BR1463,BRINCOS,JN,19,6,"R$ 114,00",2,Produtos_Images/B7397D.Imagem do Produto.184318.jpg,,1463,,,,,,,
09C5BE,BR1464,BRINCOS,JN,15,"5,9","R$ 88,50",1,Produtos_Images/09C5BE.Imagem do Produto.184704.jpg,,1464,,,,,,,
044F02,BR1465,BRINCOS,JN,9,7,"R$ 63,00",1,Produtos_Images/044F02.Imagem do Produto.185553.jpg,,1465,,,,,,,
31A17F,BR1466,BRINCOS,JN,5,"7,5","R$ 37,50",1,Produtos_Images/31A17F.Imagem do Produto.190440.jpg,,1466,,,,,,,
3610F0,BR1467,BRINCOS,JN,15,5,"R$ 75,00",1,Produtos_Images/3610F0.Imagem do Produto.190829.jpg,,1467,,,,,,,
4B3A3A,BR1468,BRINCOS,JN,4,9,"R$ 36,00",5,Produtos_Images/4B3A3A.Imagem do Produto.191111.jpg,,1468,,,,,,,
5394FD,BR1469,BRINCOS,JN,0,3,"R$ 0,00",1,Produtos_Images/5394FD.Imagem do Produto.191257.jpg,,1469,,,,,,,
DAE7E5,BR1470,BRINCOS,JN,15,"7,5","R$ 112,50",1,Produtos_Images/DAE7E5.Imagem do Produto.192219.jpg,,1470,,,,,,,
742B6B,BR1471,BRINCOS,JN,15,"7,5","R$ 112,50",1,Produtos_Images/742B6B.Imagem do Produto.192512.jpg,,1471,,,,,,,
084872,BR1472,BRINCOS,JN,4,9,"R$ 36,00",1,Produtos_Images/084872.Imagem do Produto.192630.jpg,,1472,,,,,,,
BFC47F,BR1473,BRINCOS,JN,15,7,"R$ 105,00",1,Produtos_Images/BFC47F.Imagem do Produto.193011.jpg,,1473,,,,,,,
40E8F3,BR1474,BRINCOS,JN,9,7,"R$ 63,00",1,Produtos_Images/40E8F3.Imagem do Produto.193453.jpg,,1474,,,,,,,
C55CB6,BR1475,BRINCOS,JN,15,8,"R$ 120,00",1,Produtos_Images/C55CB6.Imagem do Produto.193728.jpg,,1475,,,,,,,
77153E,BR1476,BRINCOS,JN,12,"6,5","R$ 78,00",6,Produtos_Images/77153E.Imagem do Produto.194234.jpg,,1476,,,,,,,
1519D1,BR1477,BRINCOS,JN,15,8,"R$ 120,00",1,Produtos_Images/1519D1.Imagem do Produto.194439.jpg,,1477,,,,,,,
4FD902,BR1478,BRINCOS,JN,"20,4",6,"R$ 122,40",1,Produtos_Images/4FD902.Imagem do Produto.194857.jpg,,1478,,,,,,,
785AC5,BR1479,BRINCOS,JN,4,9,"R$ 36,00",1,Produtos_Images/785AC5.Imagem do Produto.203418.jpg,,1479,,,,,,,
C36D1E,BR1480,BRINCOS,JN,4,10,"R$ 40,00",1,Produtos_Images/C36D1E.Imagem do Produto.203800.jpg,,1480,,,,,,,
2D1349,BR1481,BRINCOS,JN,4,10,"R$ 40,00",2,Produtos_Images/2D1349.Imagem do Produto.204101.jpg,,1481,,,,,,,
41E36C,BR1482,BRINCOS,JN,4,8,"R$ 32,00",1,Produtos_Images/41E36C.Imagem do Produto.204818.jpg,,1482,,,,,,,
AF8D2C,BR1483,BRINCOS,JN,15,6,"R$ 90,00",1,Produtos_Images/AF8D2C.Imagem do Produto.205347.jpg,,1483,,,,,,,
AB22DF,BR1484,BRINCOS,JN,4,"9,8","R$ 39,20",1,Produtos_Images/AB22DF.Imagem do Produto.205627.jpg,,1484,,,,,,,
FA3E5C,BR1485,BRINCOS,JN,4,10,"R$ 40,00",1,Produtos_Images/FA3E5C.Imagem do Produto.215936.jpg,,1485,,,,,,,
C7F568,BR1486,BRINCOS,JN,5,14,"R$ 70,00",5,Produtos_Images/C7F568.Imagem do Produto.221348.jpg,,1486,,,,,,,
378780,BR1487,BRINCOS,JN,5,14,"R$ 70,00",5,Produtos_Images/378780.Imagem do Produto.222125.jpg,,1487,,,,,,,
FB6E33,BR1488,BRINCOS,JN,5,15,"R$ 75,00",5,Produtos_Images/FB6E33.Imagem do Produto.223219.jpg,,1488,,,,,,,
88DEB0,BR1489,BRINCOS,JN,12,"5,5","R$ 66,00",2,Produtos_Images/88DEB0.Imagem do Produto.225505.jpg,,1489,,,,,,,
CC3D45,BR1490,BRINCOS,JN,12,"5,5","R$ 66,00",2,Produtos_Images/CC3D45.Imagem do Produto.225824.jpg,,1490,,,,,,,
577716,BR1491,BRINCOS,JN,12,"5,5","R$ 66,00",3,Produtos_Images/577716.Imagem do Produto.225934.jpg,,1491,,,,,,,
8FD172,BR1492,BRINCOS,JN,12,"5,5","R$ 66,00",6,Produtos_Images/8FD172.Imagem do Produto.230026.jpg,,1492,,,,,,,
F1BD22,BR1493,BRINCOS,WF,11,5,"R$ 55,00",6,Produtos_Images/F1BD22.Imagem do Produto.230935.jpg,,1493,,,,,,,
AB00F0,PUL0425,PULSEIRAS,JN,9,15,"R$ 135,00",1,Produtos_Images/AB00F0.Imagem do Produto.231725.jpg,,,,425,,,,,
4C40F5,CJ0221,CONJUNTOS,JN,32,4,"R$ 128,00",1,Produtos_Images/4C40F5.Imagem do Produto.232144.jpg,,,,,,221,,,
1EE31F,CJ0222,CONJUNTOS,JN,20,5,"R$ 100,00",1,Produtos_Images/1EE31F.Imagem do Produto.232411.jpg,,,,,,222,,,
A7895D,CD0718,CORDÕES,JN,26,5,"R$ 130,00",2,Produtos_Images/A7895D.Imagem do Produto.233141.jpg,,,,,718,,,,
5237C5,CD0719,CORDÕES,SF,19,6,"R$ 114,00",1,Produtos_Images/5237C5.Imagem do Produto.000938.jpg,,,,,719,,,,
028C9F,CD0720,CORDÕES,JL,35,4,"R$ 140,00",1,Produtos_Images/028C9F.Imagem do Produto.003513.jpg,,,,,720,,,,
1220A9,CD0721,CORDÕES,Me,76,3,"R$ 228,00",1,Produtos_Images/1220A9.Imagem do Produto.205837.jpg,,,,,721,,,,
07013A,CD0722,CORDÕES,WF,52,"3,45","R$ 179,40",1,Produtos_Images/07013A.Imagem do Produto.201309.jpg,,,,,722,,,,
D05B7E,CD0723,CORDÕES,WF,40,"3,95","R$ 158,00",1,Produtos_Images/D05B7E.Imagem do Produto.201817.jpg,,,,,723,,,,
7FDDE2,CD0724,CORDÕES,WF,47,4,"R$ 188,00",1,Produtos_Images/7FDDE2.Imagem do Produto.203351.jpg,,,,,724,,,,
B54843,CJ0223,CONJUNTOS,WF,63,"3,9","R$ 245,70",1,Produtos_Images/B54843.Imagem do Produto.205251.jpg,,,,,,223,,,
A43A5B,CJ0224,CONJUNTOS,WF,63,"3,9","R$ 245,70",1,Produtos_Images/A43A5B.Imagem do Produto.205559.jpg,,,,,,224,,,
927007,CJ0225,CONJUNTOS,WF,56,4,"R$ 224,00",1,Produtos_Images/927007.Imagem do Produto.211401.jpg,,,,,,225,,,
140B8D,CJ0226,CONJUNTOS,WF,56,4,"R$ 224,00",1,Produtos_Images/140B8D.Imagem do Produto.211949.jpg,,,,,,226,,,
99BE25,CJ0227,CONJUNTOS,WF,56,4,"R$ 224,00",1,Produtos_Images/99BE25.Imagem do Produto.212042.jpg,,,,,,227,,,
484D41,CJ0228,CONJUNTOS,WF,63,4,"R$ 252,00",1,Produtos_Images/484D41.Imagem do Produto.212723.jpg,,,,,,228,,,
,,,,,,,,,,,,,,,,,
2F1231,BR1495,BRINCOS,WF,"16,9","4,7","R$ 79,43",2,Produtos_Images/2F1231.Imagem do Produto.234911.jpg,,1495,,,,,,,
D313C8,CD0725,CORDÕES,WF,38,"4,5","R$ 171,00",1,Produtos_Images/D313C8.Imagem do Produto.235547.jpg,,,,,725,,,,
E2F460,BR1496,BRINCOS,WF,23,"3,9","R$ 89,70",1,Produtos_Images/E2F460.Imagem do Produto.001243.jpg,,1496,,,,,,,
3C8D0D,BR1497,BRINCOS,WF,38,4,"R$ 152,00",1,Produtos_Images/3C8D0D.Imagem do Produto.001422.jpg,,1497,,,,,,,
B280C8,BR1498,BRINCOS,WF,"15,9",4,"R$ 63,60",1,Produtos_Images/B280C8.Imagem do Produto.001911.jpg,,1498,,,,,,,
AB77AB,PUL0426,PULSEIRAS,WF,29,4,"R$ 116,00",3,Produtos_Images/AB77AB.Imagem do Produto.002148.jpg,,1499,,426,,,,,
5B50C3,PUL0427,PULSEIRAS,DL,52,"3,5","R$ 182,00",1,Produtos_Images/5B50C3.Imagem do Produto.155338.jpg,,,,427,,,,,
,,,,,,,,,,,,,,,,,
E349C7,PUL0429,PULSEIRAS,DL,51,4,"R$ 204,00",1,Produtos_Images/E349C7.Imagem do Produto.160510.jpg,,,,429,,,,,
A497E3,PUL0430,PULSEIRAS,DL,53,4,"R$ 212,00",1,Produtos_Images/A497E3.Imagem do Produto.160733.jpg,,,,430,,,,,
,,,,,,,,,,,,,,,,,
ED9E1A,PUL0432,PULSEIRAS,DL,53,"3,7","R$ 196,10",1,Produtos_Images/ED9E1A.Imagem do Produto.162628.jpg,,,,432,,,,,
2FD115,PUL0433,PULSEIRAS,DL,92,"3,5","R$ 322,00",1,Produtos_Images/2FD115.Imagem do Produto.164511.jpg,,,,433,,,,,
068322,BR1499,BRINCOS,DL,38,"4,4","R$ 167,20",1,Produtos_Images/068322.Imagem do Produto.164759.jpg,,1499,,,,,,,
DFCC80,BR1500,BRINCOS,DL,28,4,"R$ 112,00",2,Produtos_Images/DFCC80.Imagem do Produto.165539.jpg,,1500,,,,,,,
32BE7E,BR1501,BRINCOS,DL,39,"3,5","R$ 136,50",1,Produtos_Images/32BE7E.Imagem do Produto.165730.jpg,,1501,,,,,,,
42D04E,BR1502,BRINCOS,DL,45,"3,5","R$ 157,50",1,Produtos_Images/42D04E.Imagem do Produto.165935.jpg,,1502,,,,,,,
4BBEA3,BR1503,BRINCOS,FL,53,"3,6","R$ 190,80",1,Produtos_Images/4BBEA3.Imagem do Produto.170218.jpg,,1503,,,,,,,
44BF0C,BR1504,BRINCOS,DL,33,4,"R$ 132,00",1,Produtos_Images/44BF0C.Imagem do Produto.170748.jpg,,1504,,,,,,,
596FCC,BR1505,BRINCOS,DL,33,4,"R$ 132,00",1,Produtos_Images/596FCC.Imagem do Produto.171106.jpg,,1505,,,,,,,
CA960B,BR1506,BRINCOS,DL,34,4,"R$ 136,00",1,Produtos_Images/CA960B.Imagem do Produto.171328.jpg,,1506,,,,,,,
EF5BFF,BR1507,BRINCOS,DL,44,4,"R$ 176,00",1,Produtos_Images/EF5BFF.Imagem do Produto.171527.jpg,,1507,,,,,,,
474362,BR1508,BRINCOS,DL,38,4,"R$ 152,00",1,Produtos_Images/474362.Imagem do Produto.171727.jpg,,1508,,,,,,,
1F4047,CJ0229,CONJUNTOS,DL,110,"3,5","R$ 385,00",1,Produtos_Images/1F4047.Imagem do Produto.191337.jpg,,,,,,229,,,
4C8BE4,CJ0230,CONJUNTOS,DL,128,"3,5","R$ 448,00",1,Produtos_Images/4C8BE4.Imagem do Produto.192338.jpg,,,,,,230,,,
60E83D,CJ0231,CONJUNTOS,DL,115,"3,4","R$ 391,00",1,Produtos_Images/60E83D.Imagem do Produto.192459.jpg,,,,,,231,,,
198131,CD0726,CORDÕES,DL,75,"3,9","R$ 292,50",1,Produtos_Images/198131.Imagem do Produto.193020.jpg,,,,,726,,,,
AB7C02,CD0727,CORDÕES,DL,"39,9","3,9","R$ 155,61",1,Produtos_Images/AB7C02.Imagem do Produto.193146.jpg,,,,,727,,,,
1C3447,CD0728,CORDÕES,DL,73,"3,5","R$ 255,50",1,Produtos_Images/1C3447.Imagem do Produto.193333.jpg,,,,,728,,,,
BAE323,CD0729,CORDÕES,DL,55,3,"R$ 165,00",1,Produtos_Images/BAE323.Imagem do Produto.193628.jpg,,,,,729,,,,
AB5A08,AN0393,ANÉIS,DL,"59,9",3,"R$ 179,70",1,Produtos_Images/AB5A08.Imagem do Produto.194059.jpg,,,393,,,,,,
0C97E1,CD0730,CORDÕES,DL,76,"3,5","R$ 266,00",1,Produtos_Images/0C97E1.Imagem do Produto.213427.jpg,,,,,730,,,,
08479C,CD0731,CORDÕES,DL,58,"3,4","R$ 197,20",1,Produtos_Images/08479C.Imagem do Produto.213811.jpg,,,,,731,,,,
938853,CJ0232,CONJUNTOS,NI,158,4,"R$ 632,00",1,Produtos_Images/938853.Imagem do Produto.232637.jpg,,,,,,232,,,
D9DCCA,CJ0233,CONJUNTOS,NI,12,"5,8","R$ 69,60",3,Produtos_Images/D9DCCA.Imagem do Produto.233809.jpg,,,,,,233,,,
DF352E,CJ0234,CONJUNTOS,NI,26,5,"R$ 130,00",0,Produtos_Images/DF352E.Imagem do Produto.233911.jpg,,,,,,234,,,
507C74,CD0732,CORDÕES,NI,12,"5,5","R$ 66,00",3,Produtos_Images/507C74.Imagem do Produto.235125.jpg,,,,,732,,,,
E9B385,CJ0235,CONJUNTOS,NI,26,6,"R$ 156,00",5,Produtos_Images/E9B385.Imagem do Produto.235806.jpg,,,,,,235,,,
A51292,PUL0434,PULSEIRAS,NI,26,5,"R$ 130,00",1,Produtos_Images/A51292.Imagem do Produto.000516.jpg,,,,434,,236,,,
E751E6,PUL0435,PULSEIRAS,NI,26,5,"R$ 130,00",1,Produtos_Images/E751E6.Imagem do Produto.000751.jpg,,,,435,,,,,
5C5268,PUL0436,PULSEIRAS,NI,30,6,"R$ 180,00",1,Produtos_Images/5C5268.Imagem do Produto.001110.jpg,,,,436,,,,,
9E69DF,PUL0437,PULSEIRAS,NI,30,"5,6","R$ 168,00",1,Produtos_Images/9E69DF.Imagem do Produto.001229.jpg,,,,437,,,,,
2143FB,PUL0438,PULSEIRAS,NI,30,"5,5","R$ 165,00",1,Produtos_Images/2143FB.Imagem do Produto.001721.jpg,,,,438,,,,,
7A7992,PUL0439,PULSEIRAS,NI,26,6,"R$ 156,00",1,Produtos_Images/7A7992.Imagem do Produto.002136.jpg,,,,439,,,,,
3E55EF,PUL0440,PULSEIRAS,NI,30,"7,5","R$ 225,00",1,Produtos_Images/3E55EF.Imagem do Produto.125823.jpg,,,,440,,,,,
4909CE,PUL0441,PULSEIRAS,NI,26,"5,5","R$ 143,00",1,Produtos_Images/4909CE.Imagem do Produto.130542.jpg,,,,441,,,,,
D0A3A8,PUL0442,PULSEIRAS,NI,17,"5,8","R$ 98,60",3,Produtos_Images/D0A3A8.Imagem do Produto.132307.jpg,,,,442,,,,,
593F4B,BR1509,BRINCOS,NI,16,"5,5","R$ 88,00",5,Produtos_Images/593F4B.Imagem do Produto.133118.jpg,,1509,,,,,,,
4954CE,BR1510,BRINCOS,NI,17,"6,5","R$ 110,50",3,Produtos_Images/4954CE.Imagem do Produto.133439.jpg,,1510,,,,,,,
CA8AF1,BR1511,BRINCOS,DL,33,3,"R$ 99,00",1,Produtos_Images/CA8AF1.Imagem do Produto.133634.jpg,,1511,,,,,,,
E03489,BR1512,BRINCOS,Ni,16,6,"R$ 96,00",4,Produtos_Images/E03489.Imagem do Produto.185454.jpg,,1512,,,,,,,
4A95A1,CD0733,CORDÕES,NI,26,5,"R$ 130,00",1,Produtos_Images/4A95A1.Imagem do Produto.190059.jpg,,,,,733,,,,
762601,BR1513,BRINCOS,NI,20,"6,4","R$ 128,00",4,Produtos_Images/762601.Imagem do Produto.190307.jpg,,1513,,,,,,,
056C50,BR1514,BRINCOS,NI,22,"5,5","R$ 121,00",1,Produtos_Images/056C50.Imagem do Produto.190510.jpg,,1514,,,,,,,
8E1B5D,BR1515,BRINCOS,NI,26,6,"R$ 156,00",4,Produtos_Images/8E1B5D.Imagem do Produto.190719.jpg,,1515,,,,,,,
EEB07F,BR1516,BRINCOS,NI,26,6,"R$ 156,00",1,Produtos_Images/EEB07F.Imagem do Produto.190935.jpg,,1516,,,,,,,
2FDEB3,BR1517,BRINCOS,NI,20,6,"R$ 120,00",1,Produtos_Images/2FDEB3.Imagem do Produto.191213.jpg,,1517,,,,,,,
513B6B,BR1518,BRINCOS,NI,16,6,"R$ 96,00",1,Produtos_Images/513B6B.Imagem do Produto.191501.jpg,,1518,,,,,,,
2CB17D,BR1519,BRINCOS,EV argolinha cravejada cristal média,"17,8",5,"R$ 89,00",1,Produtos_Images/2CB17D.Imagem do Produto.130519.jpg,,1519,,,,,,,
FE90A7,BR1520,BRINCOS,EV argola cravejada 3 filetes,"17,9",5,"R$ 89,50",1,Produtos_Images/FE90A7.Imagem do Produto.131358.jpg,,1520,,,,,,,
F24937,BR1521,BRINCOS,EV argola cravejada pequena,"16,9",5,"R$ 84,50",1,Produtos_Images/F24937.Imagem do Produto.132015.jpg,,1521,,,,,,,
F76B7E,BR1522,BRINCOS,EV argola cravejada media,"17,9",5,"R$ 89,50",1,Produtos_Images/F76B7E.Imagem do Produto.132527.jpg,,1522,,,,,,,